storeId,storeName,regionGroup,city,district,address,phone,gmbStatus,gmbOrderingStatus,hasAnyOrderingSystem,hasGmbOrderingSystem,gmbPickupProviders,gmbDeliveryProviders,allSourceSystems,gmbSystems,gmbUrl,gmbOrderPanelUrl,manualReviewReason
"macu-tw-005","中山農安店","北部","台北市","中山區","台北市中山區農安街8-6號1樓","02-25868310","confirmed","confirmed","true","true","","Uber Eats","LINE、Uber Eats、食在麻吉 eathere","Uber Eats","https://www.google.com/search?q=%E9%BA%BB%E5%8F%A4%E8%8C%B6%E5%9D%8A+%E4%B8%AD%E5%B1%B1%E8%BE%B2%E5%AE%89%E5%BA%97+%E5%8F%B0%E5%8C%97%E5%B8%82%E4%B8%AD%E5%B1%B1%E5%8D%80%E8%BE%B2%E5%AE%89%E8%A1%978-6%E8%99%9F1%E6%A8%93&hl=zh-TW&sei=eDxhaqSlM7aB1e8Pydyp6Qc#sv=CAESzQEKuQEStgEKd0FKaVQ0dElCODk0VW45Z0JfOEZiaFphaFgtYkdMTkNFYnFBMEhWaHg5SG50LXlCMXZ3SnR1OWt5UHBKTWNxNjVPNkN3N01XbVV2a3AyQXQ3ZU5zTHJ2bktqN2JNM05ITlp6VFZjN1RfX2szdzhXM1VrcUs5NzdZEhd1Y05nYXRDM0liem4xZThQdnMyWjhRWRoiQURzcjlmVDNETXl3LXphSXNwcFpXeG9xUUYxaDVxWUVxdxIEODEyNBoBMyoAMAA4AUAAGCogt5K-zwU6AEoCEAE","https://www.google.com/search?q=%E9%BA%BB%E5%8F%A4%E8%8C%B6%E5%9D%8A+%E4%B8%AD%E5%B1%B1%E8%BE%B2%E5%AE%89%E5%BA%97+%E5%8F%B0%E5%8C%97%E5%B8%82%E4%B8%AD%E5%B1%B1%E5%8D%80%E8%BE%B2%E5%AE%89%E8%A1%978-6%E8%99%9F1%E6%A8%93&hl=zh-TW&sei=04Rhat66BLekvr0P4ZupgQM#sv=CAESzQEKuQEStgEKd0FKaVQ0dElCODk0VW45Z0JfOEZiaFphaFgtYkdMTkNFYnFBMEhWaHg5SG50LXlCMXZ3SnR1OWt5UHBKTWNxNjVPNkN3N01XbVV2a3AyQXQ3ZU5zTHJ2bktqN2JNM05ITlp6VFZjN1RfX2szdzhXM1VrcUs5NzdZEhd1Y05nYXRDM0liem4xZThQdnMyWjhRWRoiQURzcjlmVDNETXl3LXphSXNwcFpXeG9xUUYxaDVxWUVxdxIEODEyNBoBMyoAMAA4AUAAGCogt5K-zwU6AEoCEAE","Playwright batch opened Google Order flow and read visible pickup/delivery providers."
"macu-tw-012","內湖康寧店","北部","台北市","內湖區","台北市內湖區康寧路一段54號","02-27952777","confirmed","confirmed","true","true","","Uber Eats","LINE、Uber Eats、食在麻吉 eathere","Uber Eats","https://www.google.com/search?q=%E9%BA%BB%E5%8F%A4%E8%8C%B6%E5%9D%8A%20%E5%85%A7%E6%B9%96%E5%BA%B7%E5%AF%A7%E5%BA%97%20%E5%8F%B0%E5%8C%97%E5%B8%82%E5%85%A7%E6%B9%96%E5%8D%80%E5%BA%B7%E5%AF%A7%E8%B7%AF%E4%B8%80%E6%AE%B554%E8%99%9F&hl=zh-TW#sv=CAESzQEKuQEStgEKd0FKaVQ0dEpUY2hmTEJRUkU0T0J2ZDlJcFVUYlNMbkJ3d05FeVVScldsYUZqcDVOWVlVRi1XVFlKX0VpRFVtNXNVaGdBTEZRb3RqeVJ4ZHlad19uY3BoRGNBTVJ6QXBROWs3c01BcldKelBhYXZPVkREcERidEJVEhd6TU5nYXQyYk1fbnUxZThQNWVPMGdBRRoiQURzcjlmUWZfYVdvSHQzY2ZwQkRWZl90aFhuRmdZbXU1QRIEODEyNBoBMyoAMAA4AUAAGCogsKHMwQ86AEoCEAE","https://www.google.com/search?q=%E9%BA%BB%E5%8F%A4%E8%8C%B6%E5%9D%8A%20%E5%85%A7%E6%B9%96%E5%BA%B7%E5%AF%A7%E5%BA%97%20%E5%8F%B0%E5%8C%97%E5%B8%82%E5%85%A7%E6%B9%96%E5%8D%80%E5%BA%B7%E5%AF%A7%E8%B7%AF%E4%B8%80%E6%AE%B554%E8%99%9F&hl=zh-TW&sei=i4ZhavnBJ4zCvr0PnY-JgAc#sv=CAESzQEKuQEStgEKd0FKaVQ0dEpUY2hmTEJRUkU0T0J2ZDlJcFVUYlNMbkJ3d05FeVVScldsYUZqcDVOWVlVRi1XVFlKX0VpRFVtNXNVaGdBTEZRb3RqeVJ4ZHlad19uY3BoRGNBTVJ6QXBROWs3c01BcldKelBhYXZPVkREcERidEJVEhd6TU5nYXQyYk1fbnUxZThQNWVPMGdBRRoiQURzcjlmUWZfYVdvSHQzY2ZwQkRWZl90aFhuRmdZbXU1QRIEODEyNBoBMyoAMAA4AUAAGCogsKHMwQ86AEoCEAE","Playwright batch opened Google Order flow and read visible pickup/delivery providers."
"macu-tw-008","內湖科學園區店","北部","台北市","內湖區","台北市內湖區內湖路一段587號","02-26278837","confirmed","confirmed","true","true","","Uber Eats","LINE、Uber Eats、食在麻吉 eathere","Uber Eats","https://www.google.com/search?q=%E9%BA%BB%E5%8F%A4%E8%8C%B6%E5%9D%8A%20%E5%85%A7%E6%B9%96%E7%A7%91%E5%AD%B8%E5%9C%92%E5%8D%80%E5%BA%97%20%E5%8F%B0%E5%8C%97%E5%B8%82%E5%85%A7%E6%B9%96%E5%8D%80%E5%85%A7%E6%B9%96%E8%B7%AF%E4%B8%80%E6%AE%B5587%E8%99%9F&hl=zh-TW#sv=CAESzQEKuQEStgEKd0FKaVQ0dExFSFJzTW41MmdEb1JRbWx1Mjhid0JOSnFmVGFPUUNNbWRMbGFtTWNBOTdIZE9EMEktcWJFQ21zaVNnTkVnUktZblR3Mk1mY1ZRVU5YWU9GZ3J5b0hzUTU0TmwxRFFYQlM4aWtXbXBBc3MzS2xfME0wEhczOE5nYXFfNkFmSFYxZThQck1TbW1BTRoiQURzcjlmU1N5RnpjNm5pemtfMVV1eEVXNnVFZ3VXSnRmQRIEODEyNBoBMyoAMAA4AUAAGCog5ojnqAY6AEoCEAE","https://www.google.com/search?q=%E9%BA%BB%E5%8F%A4%E8%8C%B6%E5%9D%8A%20%E5%85%A7%E6%B9%96%E7%A7%91%E5%AD%B8%E5%9C%92%E5%8D%80%E5%BA%97%20%E5%8F%B0%E5%8C%97%E5%B8%82%E5%85%A7%E6%B9%96%E5%8D%80%E5%85%A7%E6%B9%96%E8%B7%AF%E4%B8%80%E6%AE%B5587%E8%99%9F&hl=zh-TW&sei=Y31har6BIdTZ1e8P9pjIiAw#sv=CAESzQEKuQEStgEKd0FKaVQ0dExFSFJzTW41MmdEb1JRbWx1Mjhid0JOSnFmVGFPUUNNbWRMbGFtTWNBOTdIZE9EMEktcWJFQ21zaVNnTkVnUktZblR3Mk1mY1ZRVU5YWU9GZ3J5b0hzUTU0TmwxRFFYQlM4aWtXbXBBc3MzS2xfME0wEhczOE5nYXFfNkFmSFYxZThQck1TbW1BTRoiQURzcjlmU1N5RnpjNm5pemtfMVV1eEVXNnVFZ3VXSnRmQRIEODEyNBoBMyoAMAA4AUAAGCog5ojnqAY6AEoCEAE","Playwright batch opened Google Order flow and read visible pickup/delivery providers."
"macu-tw-001","北投中央店","北部","台北市","北投區","台北市北投區中央南路一段8號1樓","02-28917497","confirmed","confirmed","true","true","","Uber Eats","LINE、Uber Eats、食在麻吉 eathere","Uber Eats","https://www.google.com/search?q=%E9%BA%BB%E5%8F%A4%E8%8C%B6%E5%9D%8A+%E5%8C%97%E6%8A%95%E4%B8%AD%E5%A4%AE%E5%BA%97+%E5%8F%B0%E5%8C%97%E5%B8%82%E5%8C%97%E6%8A%95%E5%8D%80%E4%B8%AD%E5%A4%AE%E5%8D%97%E8%B7%AF%E4%B8%80%E6%AE%B58%E8%99%9F1%E6%A8%93&hl=zh-TW&sei=icRgaqPoH5_c1e8PkueeOQ#sv=CAESzQEKuQEStgEKd0FKaVQ0dEkxSE54Wk5VdTRvakJPMkZCcVNaUjFOa2FwRUlDSmV4Y1diMWZISGpsUVM5OGg0djN6LVdKWGh4bHB4ZDNfclhiZzE0el91SUUxNUVoSWVoSXMxeDRyOGJUNTF5bkpNSldSYTRLQ3E1a3d5WXR2ZmpVEhdpY1JnYW9paUtMTHAxZThQZ2REdjhRRRoiQURzcjlmVDVnTWowR0F0c1lmdDJqQmFCM2poOVloTWVndxIEODEyNBoBMyoAMAA4AUAAGCog7Ord_AM6AEoCEAE","https://www.google.com/search?q=%E9%BA%BB%E5%8F%A4%E8%8C%B6%E5%9D%8A+%E5%8C%97%E6%8A%95%E4%B8%AD%E5%A4%AE%E5%BA%97+%E5%8F%B0%E5%8C%97%E5%B8%82%E5%8C%97%E6%8A%95%E5%8D%80%E4%B8%AD%E5%A4%AE%E5%8D%97%E8%B7%AF%E4%B8%80%E6%AE%B58%E8%99%9F1%E6%A8%93&hl=zh-TW&sei=icRgaqPoH5_c1e8PkueeOQ#sv=CAESzQEKuQEStgEKd0FKaVQ0dEkxSE54Wk5VdTRvakJPMkZCcVNaUjFOa2FwRUlDSmV4Y1diMWZISGpsUVM5OGg0djN6LVdKWGh4bHB4ZDNfclhiZzE0el91SUUxNUVoSWVoSXMxeDRyOGJUNTF5bkpNSldSYTRLQ3E1a3d5WXR2ZmpVEhdpY1JnYW9paUtMTHAxZThQZ2REdjhRRRoiQURzcjlmVDVnTWowR0F0c1lmdDJqQmFCM2poOVloTWVndxIEODEyNBoBMyoAMAA4AUAAGCog7Ord_AM6AEoCEAE","Playwright batch opened Google Order flow and read visible pickup/delivery providers."
"macu-tw-004","南京三民店","北部","台北市","松山區","台北市松山區南京東路五段123巷6弄2號","02-27619820","confirmed","confirmed","true","true","","Uber Eats","LINE、Uber Eats、食在麻吉 eathere","Uber Eats","https://www.google.com/search?q=%E9%BA%BB%E5%8F%A4%E8%8C%B6%E5%9D%8A+%E5%8D%97%E4%BA%AC%E4%B8%89%E6%B0%91%E5%BA%97+%E5%8F%B0%E5%8C%97%E5%B8%82%E6%9D%BE%E5%B1%B1%E5%8D%80%E5%8D%97%E4%BA%AC%E6%9D%B1%E8%B7%AF%E4%BA%94%E6%AE%B5123%E5%B7%B76%E5%BC%842%E8%99%9F&hl=zh-TW#sv=CAESzQEKuQEStgEKd0FKaVQ0dEtKUGdvNkdYemdwbl9XZTJxUnNxYko4dnEyOEoxYndUVGlpdHBOMWN2dy1kVDZfLWtHWkkxcmU5UlNDLW5KOXdTdG5DdWdidjk0X1dSSDZFdW5ZSXlhZV9Ld1VjeXhQakNadV9IRl9kNEpOSHJrMXpFEhduTVJnYXVlZUU0YXV2cjBQNllPb3dRaxoiQURzcjlmVFlwdTVZdnBSb2JXaXBubWpkN0xGZElHMHdpdxIEODEyNBoBMyoAMAA4AUAAGCog6PO1rAs6AEoCEAE","https://www.google.com/search?q=%E9%BA%BB%E5%8F%A4%E8%8C%B6%E5%9D%8A+%E5%8D%97%E4%BA%AC%E4%B8%89%E6%B0%91%E5%BA%97+%E5%8F%B0%E5%8C%97%E5%B8%82%E6%9D%BE%E5%B1%B1%E5%8D%80%E5%8D%97%E4%BA%AC%E6%9D%B1%E8%B7%AF%E4%BA%94%E6%AE%B5123%E5%B7%B76%E5%BC%842%E8%99%9F&hl=zh-TW&sei=_oZhaoTQBsbf1e8Pse_rsA8#sv=CAESzQEKuQEStgEKd0FKaVQ0dEtKUGdvNkdYemdwbl9XZTJxUnNxYko4dnEyOEoxYndUVGlpdHBOMWN2dy1kVDZfLWtHWkkxcmU5UlNDLW5KOXdTdG5DdWdidjk0X1dSSDZFdW5ZSXlhZV9Ld1VjeXhQakNadV9IRl9kNEpOSHJrMXpFEhduTVJnYXVlZUU0YXV2cjBQNllPb3dRaxoiQURzcjlmVFlwdTVZdnBSb2JXaXBubWpkN0xGZElHMHdpdxIEODEyNBoBMyoAMAA4AUAAGCog6PO1rAs6AEoCEAE","Playwright batch opened Google Order flow and read visible pickup/delivery providers."
"macu-tw-007","南港軟體園區店","北部","台北市","南港區","台北市南港區興東街7-2號","02-27888190","confirmed","confirmed","true","true","","Uber Eats","LINE、Uber Eats、食在麻吉 eathere","Uber Eats","https://www.google.com/search?q=%E9%BA%BB%E5%8F%A4%E8%8C%B6%E5%9D%8A%20%E5%8D%97%E6%B8%AF%E8%BB%9F%E9%AB%94%E5%9C%92%E5%8D%80%E5%BA%97%20%E5%8F%B0%E5%8C%97%E5%B8%82%E5%8D%97%E6%B8%AF%E5%8D%80%E8%88%88%E6%9D%B1%E8%A1%977-2%E8%99%9F&hl=zh-TW#sv=CAESzQEKuQEStgEKd0FKaVQ0dExTVGtVdVZHT2ZJZGg4S0p6Y1VaVnhxeFBtc2tjWGFpek9FdXRwQlpmR2xMU3lZQ1d3RlVhcTV0WW5sTzhZeERMRy1KaGxkUEVOckx5SEZ0NGVfTHZxeEJueEs3bU5nWmxvcHljdDdLbWZCWUV6T013EhdyOFJnYXNLbklvNi12cjBQbE4zam1BdxoiQURzcjlmU0ZLaU9EcHpKLWpiTjZqcldBXzY1bnZRamJFZxIEODEyNBoBMyoAMAA4AUAAGCogvtnVoAE6AEoCEAE","https://www.google.com/search?q=%E9%BA%BB%E5%8F%A4%E8%8C%B6%E5%9D%8A%20%E5%8D%97%E6%B8%AF%E8%BB%9F%E9%AB%94%E5%9C%92%E5%8D%80%E5%BA%97%20%E5%8F%B0%E5%8C%97%E5%B8%82%E5%8D%97%E6%B8%AF%E5%8D%80%E8%88%88%E6%9D%B1%E8%A1%977-2%E8%99%9F&hl=zh-TW#sv=CAESzQEKuQEStgEKd0FKaVQ0dExTVGtVdVZHT2ZJZGg4S0p6Y1VaVnhxeFBtc2tjWGFpek9FdXRwQlpmR2xMU3lZQ1d3RlVhcTV0WW5sTzhZeERMRy1KaGxkUEVOckx5SEZ0NGVfTHZxeEJueEs3bU5nWmxvcHljdDdLbWZCWUV6T013EhdyOFJnYXNLbklvNi12cjBQbE4zam1BdxoiQURzcjlmU0ZLaU9EcHpKLWpiTjZqcldBXzY1bnZRamJFZxIEODEyNBoBMyoAMAA4AUAAGCogvtnVoAE6AEoCEAE","Playwright batch opened Google Order flow and read visible pickup/delivery providers."
"macu-tw-011","台北信陽店","北部","台北市","中正區","台北市中正區信陽街25號1樓","02-23311555","confirmed","confirmed","true","true","","Uber Eats","LINE、Uber Eats、食在麻吉 eathere","Uber Eats","https://www.google.com/search?q=%E9%BA%BB%E5%8F%A4%E8%8C%B6%E5%9D%8A%20%E5%8F%B0%E5%8C%97%E4%BF%A1%E9%99%BD%E5%BA%97%20%E5%8F%B0%E5%8C%97%E5%B8%82%E4%B8%AD%E6%AD%A3%E5%8D%80%E4%BF%A1%E9%99%BD%E8%A1%9725%E8%99%9F1%E6%A8%93&hl=zh-TW#sv=CAESzQEKuQEStgEKd0FKaVQ0dElPOTFuUWF0TGZSOEZsbHBpRFVpajAtdDlBeTZrbHlPUFgxN29KTUFGVXVXWW9maWZpYjR3X0JZZGVteVJZQTY1TVlKUC1JY2JjbUthLWdaUTV4T2plS2ZMY1pOR3c4cUlaMG5ORVVrVk1RVW1LNURFEhd4Y1JnYXFMbkhNR212cjBQNk9qSHVRNBoiQURzcjlmUTBoRjVlU2RpMGlUbldvVUV5c0ZaMks2dzQ3dxIEODEyNBoBMyoAMAA4AUAAGCogu_HmkQ86AEoCEAE","https://www.google.com/search?q=%E9%BA%BB%E5%8F%A4%E8%8C%B6%E5%9D%8A%20%E5%8F%B0%E5%8C%97%E4%BF%A1%E9%99%BD%E5%BA%97%20%E5%8F%B0%E5%8C%97%E5%B8%82%E4%B8%AD%E6%AD%A3%E5%8D%80%E4%BF%A1%E9%99%BD%E8%A1%9725%E8%99%9F1%E6%A8%93&hl=zh-TW#sv=CAESzQEKuQEStgEKd0FKaVQ0dElPOTFuUWF0TGZSOEZsbHBpRFVpajAtdDlBeTZrbHlPUFgxN29KTUFGVXVXWW9maWZpYjR3X0JZZGVteVJZQTY1TVlKUC1JY2JjbUthLWdaUTV4T2plS2ZMY1pOR3c4cUlaMG5ORVVrVk1RVW1LNURFEhd4Y1JnYXFMbkhNR212cjBQNk9qSHVRNBoiQURzcjlmUTBoRjVlU2RpMGlUbldvVUV5c0ZaMks2dzQ3dxIEODEyNBoBMyoAMAA4AUAAGCogu_HmkQ86AEoCEAE","Playwright batch opened Google Order flow and read visible pickup/delivery providers."
"macu-tw-002","台北公館店","北部","台北市","中正區","100台北市中正區羅斯福路三段316巷5號","02-23672307","confirmed","confirmed","true","true","","Uber Eats","LINE、Uber Eats、食在麻吉 eathere","Uber Eats","https://www.google.com/search?q=%E9%BA%BB%E5%8F%A4%E8%8C%B6%E5%9D%8A+%E5%8F%B0%E5%8C%97%E5%85%AC%E9%A4%A8%E5%BA%97+%E5%8F%B0%E5%8C%97%E5%B8%82%E4%B8%AD%E6%AD%A3%E5%8D%80%E7%BE%85%E6%96%AF%E7%A6%8F%E8%B7%AF%E4%B8%89%E6%AE%B5316%E5%B7%B75%E8%99%9F&hl=zh-TW#sv=CAESzQEKuQEStgEKd0FKaVQ0dEoxRHF4ZGZja3ljX2pnYWFZTW9SeGNtVUJBZW1FV1lEOG9vSDZDZU9qZUl5ZmZCMXBFZEk4ZTloN3ZNR1B2akZKaHRCOUZfVVdMb05uYktGTDFOZTg4UEZLR0NPamY5NkhCTTZkQ0cxempYNW96QjJrEhcyY1JnYXFDTkVzR052cjBQaXJtbzJRcxoiQURzcjlmU1ZJV3dYWkNlWjBMaGJMdVZLaXlBMk5iV2NldxIEODEyNBoBMyoAMAA4AUAAGCog4dLL7wc6AEoCEAE","https://www.google.com/search?q=%E9%BA%BB%E5%8F%A4%E8%8C%B6%E5%9D%8A+%E5%8F%B0%E5%8C%97%E5%85%AC%E9%A4%A8%E5%BA%97+%E5%8F%B0%E5%8C%97%E5%B8%82%E4%B8%AD%E6%AD%A3%E5%8D%80%E7%BE%85%E6%96%AF%E7%A6%8F%E8%B7%AF%E4%B8%89%E6%AE%B5316%E5%B7%B75%E8%99%9F&hl=zh-TW&sei=w4ZharfoKaf21e8Pk6uo2Qk#sv=CAESzQEKuQEStgEKd0FKaVQ0dEoxRHF4ZGZja3ljX2pnYWFZTW9SeGNtVUJBZW1FV1lEOG9vSDZDZU9qZUl5ZmZCMXBFZEk4ZTloN3ZNR1B2akZKaHRCOUZfVVdMb05uYktGTDFOZTg4UEZLR0NPamY5NkhCTTZkQ0cxempYNW96QjJrEhcyY1JnYXFDTkVzR052cjBQaXJtbzJRcxoiQURzcjlmU1ZJV3dYWkNlWjBMaGJMdVZLaXlBMk5iV2NldxIEODEyNBoBMyoAMAA4AUAAGCog4dLL7wc6AEoCEAE","Playwright batch opened Google Order flow and read visible pickup/delivery providers."
"macu-tw-014","台北大安信義店","北部","台北市","大安區","台北市大安區信義路三段190號","02-27557655","confirmed","confirmed","true","true","","Uber Eats","LINE、Uber Eats、食在麻吉 eathere","Uber Eats","https://www.google.com/search?q=%E9%BA%BB%E5%8F%A4%E8%8C%B6%E5%9D%8A+%E5%8F%B0%E5%8C%97%E5%A4%A7%E5%AE%89%E4%BF%A1%E7%BE%A9%E5%BA%97+%E5%8F%B0%E5%8C%97%E5%B8%82%E5%A4%A7%E5%AE%89%E5%8D%80%E4%BF%A1%E7%BE%A9%E8%B7%AF%E4%B8%89%E6%AE%B5190%E8%99%9F&hl=zh-TW#sv=CAESzQEKuQEStgEKd0FKaVQ0dEpCZUh3WHNNUmlyaHVHclpSSjJDbWVaVTFPTG5QaDI2aDJuMDR1LU0wTWxqUnV3Q0s4ekRxdEh2LTM5cWRUQjdLSkx5M2pLNU1NTDF2V19tTzdPRWgyQ291N1Z4bkpJcjdCZ3ZsZWZ4N0VvQ3VwTkxZEhc2OFJnYXM2eExwMjR2cjBQcGI2eTBRYxoiQURzcjlmUjBOcjJVMTV2NmZhSFY3Z0dQYkdTc0NEdF80URIEODEyNBoBMyoAMAA4AUAAGCog-f-c9wY6AEoCEAE","https://www.google.com/search?q=%E9%BA%BB%E5%8F%A4%E8%8C%B6%E5%9D%8A+%E5%8F%B0%E5%8C%97%E5%A4%A7%E5%AE%89%E4%BF%A1%E7%BE%A9%E5%BA%97+%E5%8F%B0%E5%8C%97%E5%B8%82%E5%A4%A7%E5%AE%89%E5%8D%80%E4%BF%A1%E7%BE%A9%E8%B7%AF%E4%B8%89%E6%AE%B5190%E8%99%9F&hl=zh-TW#sv=CAESzQEKuQEStgEKd0FKaVQ0dEpCZUh3WHNNUmlyaHVHclpSSjJDbWVaVTFPTG5QaDI2aDJuMDR1LU0wTWxqUnV3Q0s4ekRxdEh2LTM5cWRUQjdLSkx5M2pLNU1NTDF2V19tTzdPRWgyQ291N1Z4bkpJcjdCZ3ZsZWZ4N0VvQ3VwTkxZEhc2OFJnYXM2eExwMjR2cjBQcGI2eTBRYxoiQURzcjlmUjBOcjJVMTV2NmZhSFY3Z0dQYkdTc0NEdF80URIEODEyNBoBMyoAMAA4AUAAGCog-f-c9wY6AEoCEAE","Playwright batch opened Google Order flow and read visible pickup/delivery providers."
"macu-tw-015","台北小巨蛋店","北部","台北市","松山區","台北市松山區南京東路四段133巷5-1號","02-25458111","confirmed","confirmed","true","true","","Uber Eats","LINE、Uber Eats、食在麻吉 eathere","Uber Eats","https://www.google.com/search?q=%E9%BA%BB%E5%8F%A4%E8%8C%B6%E5%9D%8A+%E5%8F%B0%E5%8C%97%E5%B0%8F%E5%B7%A8%E8%9B%8B%E5%BA%97+%E5%8F%B0%E5%8C%97%E5%B8%82%E6%9D%BE%E5%B1%B1%E5%8D%80%E5%8D%97%E4%BA%AC%E6%9D%B1%E8%B7%AF%E5%9B%9B%E6%AE%B5133%E5%B7%B75-1%E8%99%9F&hl=zh-TW#sv=CAESzQEKuQEStgEKd0FKaVQ0dElKTjY1WUhJOEJpMkphRkNTaklPcjc5SWVxVDFFcksweV9ZNEU2Wm5EV3VIM1NEWmkzN095YTJhQ1VZOUI4Sk9EWEdlNjZtSDlTaGpLWlB0Umg1TlpGeGYwSEM4OXIzbXp6MVBXVU4wTkhUQ0NzNkU4EhdfY1JnYXFPNkstangxZThQdXJlT3NROBoiQURzcjlmUkFnUlp6aFlyWW1GXzZzUWxMZ3ljMkZjRnVodxIEODEyNBoBMyoAMAA4AUAAGCogn9r-nAY6AEoCEAE","https://www.google.com/search?q=%E9%BA%BB%E5%8F%A4%E8%8C%B6%E5%9D%8A+%E5%8F%B0%E5%8C%97%E5%B0%8F%E5%B7%A8%E8%9B%8B%E5%BA%97+%E5%8F%B0%E5%8C%97%E5%B8%82%E6%9D%BE%E5%B1%B1%E5%8D%80%E5%8D%97%E4%BA%AC%E6%9D%B1%E8%B7%AF%E5%9B%9B%E6%AE%B5133%E5%B7%B75-1%E8%99%9F&hl=zh-TW#sv=CAESzQEKuQEStgEKd0FKaVQ0dElKTjY1WUhJOEJpMkphRkNTaklPcjc5SWVxVDFFcksweV9ZNEU2Wm5EV3VIM1NEWmkzN095YTJhQ1VZOUI4Sk9EWEdlNjZtSDlTaGpLWlB0Umg1TlpGeGYwSEM4OXIzbXp6MVBXVU4wTkhUQ0NzNkU4EhdfY1JnYXFPNkstangxZThQdXJlT3NROBoiQURzcjlmUkFnUlp6aFlyWW1GXzZzUWxMZ3ljMkZjRnVodxIEODEyNBoBMyoAMAA4AUAAGCogn9r-nAY6AEoCEAE","Playwright batch opened Google Order flow and read visible pickup/delivery providers."
"macu-tw-013","台北市府店","北部","台北市","信義區","台北市信義區忠孝東路五段23號","02-27535555","confirmed","confirmed","true","true","","Uber Eats","LINE、Uber Eats、食在麻吉 eathere","Uber Eats","https://www.google.com/search?q=%E9%BA%BB%E5%8F%A4%E8%8C%B6%E5%9D%8A+%E5%8F%B0%E5%8C%97%E5%B8%82%E5%BA%9C%E5%BA%97+%E5%8F%B0%E5%8C%97%E5%B8%82%E4%BF%A1%E7%BE%A9%E5%8D%80%E5%BF%A0%E5%AD%9D%E6%9D%B1%E8%B7%AF%E4%BA%94%E6%AE%B523%E8%99%9F&hl=zh-TW&sei=o8VgatbpCNKUvr0Pt56amAE#sv=CAESzQEKuQEStgEKd0FKaVQ0dEk4R1RKV0tDeTJBcC1wX3I3a1ZXdno4aVhmOTlaa0hNSWVFNUhrMG5ZeFdaTFZfeDB5ZGZhdENiTnZjcjdtQUxKcy05b2pCQUFOYkJKaWhxNUtvaGtQSGJPeDZSUHJ3aDNxMlVrY1lfX0FGSmRkNFRREhdvOFZnYXYzOEVJaUgxZThQOWZubmtBOBoiQURzcjlmUTNDVDltQmdjYW9zbF9Vek4xUDlPYXEwaWJidxIEODEyNBoBMyoAMAA4AUAAGCogh9-lnwk6AEoCEAE","https://www.google.com/search?q=%E9%BA%BB%E5%8F%A4%E8%8C%B6%E5%9D%8A+%E5%8F%B0%E5%8C%97%E5%B8%82%E5%BA%9C%E5%BA%97+%E5%8F%B0%E5%8C%97%E5%B8%82%E4%BF%A1%E7%BE%A9%E5%8D%80%E5%BF%A0%E5%AD%9D%E6%9D%B1%E8%B7%AF%E4%BA%94%E6%AE%B523%E8%99%9F&hl=zh-TW&sei=0YZhauC_D5C3vr0Pk_z26A0#sv=CAESzQEKuQEStgEKd0FKaVQ0dEk4R1RKV0tDeTJBcC1wX3I3a1ZXdno4aVhmOTlaa0hNSWVFNUhrMG5ZeFdaTFZfeDB5ZGZhdENiTnZjcjdtQUxKcy05b2pCQUFOYkJKaWhxNUtvaGtQSGJPeDZSUHJ3aDNxMlVrY1lfX0FGSmRkNFRREhdvOFZnYXYzOEVJaUgxZThQOWZubmtBOBoiQURzcjlmUTNDVDltQmdjYW9zbF9Vek4xUDlPYXEwaWJidxIEODEyNBoBMyoAMAA4AUAAGCogh9-lnwk6AEoCEAE","Playwright batch opened Google Order flow and read visible pickup/delivery providers."
"macu-tw-010","台北松山車站店","北部","台北市","信義區","台北市信義區松山路11號B1","02-27423053","confirmed","no_gmb_order_button","true","false","","","LINE、食在麻吉 eathere","","https://www.google.com/search?q=%E9%BA%BB%E5%8F%A4%E8%8C%B6%E5%9D%8A%20%E5%8F%B0%E5%8C%97%E6%9D%BE%E5%B1%B1%E8%BB%8A%E7%AB%99%E5%BA%97%20%E5%8F%B0%E5%8C%97%E5%B8%82%E4%BF%A1%E7%BE%A9%E5%8D%80%E6%9D%BE%E5%B1%B1%E8%B7%AF11%E8%99%9FB1&hl=zh-TW","","Named GMB profile matched, but no Google Order entry was opened."
"macu-tw-017","台北通化店","北部","台北市","大安區","台北市大安區通化街81號","02-27321555","confirmed","confirmed","true","true","","Uber Eats","LINE、Uber Eats、食在麻吉 eathere","Uber Eats","https://www.google.com/search?q=%E9%BA%BB%E5%8F%A4%E8%8C%B6%E5%9D%8A+%E5%8F%B0%E5%8C%97%E9%80%9A%E5%8C%96%E5%BA%97+%E5%8F%B0%E5%8C%97%E5%B8%82%E5%A4%A7%E5%AE%89%E5%8D%80%E9%80%9A%E5%8C%96%E8%A1%9781%E8%99%9F&hl=zh-TW#sv=CAESzQEKuQEStgEKd0FKaVQ0dExxTHYyVGtsaUV4VThrVmtpdmNOZ196RGphSW9ndmNNT2lNNlE2TnlidjJweFc4TXB2RnVGdFkweWdRalJFUE1SSlFRNDVVelhxTERIUU5nLWg0QkhyXy1vVmdsZ2RXczNpeVo2RzQ4c2dlQ0hWNk9ZEhd5TVZnYXMtZ0F0ZmwxZThQemRLMW9RYxoiQURzcjlmUmEwc0VyZnd3alpnTkRDbTBnWkJ3WGpYV3piQRIEODEyNBoBMyoAMAA4AUAAGCogtvmGmw06AEoCEAE","https://www.google.com/search?q=%E9%BA%BB%E5%8F%A4%E8%8C%B6%E5%9D%8A+%E5%8F%B0%E5%8C%97%E9%80%9A%E5%8C%96%E5%BA%97+%E5%8F%B0%E5%8C%97%E5%B8%82%E5%A4%A7%E5%AE%89%E5%8D%80%E9%80%9A%E5%8C%96%E8%A1%9781%E8%99%9F&hl=zh-TW#sv=CAESzQEKuQEStgEKd0FKaVQ0dExxTHYyVGtsaUV4VThrVmtpdmNOZ196RGphSW9ndmNNT2lNNlE2TnlidjJweFc4TXB2RnVGdFkweWdRalJFUE1SSlFRNDVVelhxTERIUU5nLWg0QkhyXy1vVmdsZ2RXczNpeVo2RzQ4c2dlQ0hWNk9ZEhd5TVZnYXMtZ0F0ZmwxZThQemRLMW9RYxoiQURzcjlmUmEwc0VyZnd3alpnTkRDbTBnWkJ3WGpYV3piQRIEODEyNBoBMyoAMAA4AUAAGCogtvmGmw06AEoCEAE","Playwright batch opened Google Order flow and read visible pickup/delivery providers."
"macu-tw-003","大安復興店","北部","台北市","大安區","台北市大安區復興南路一段107巷33號1樓","02-27751564","confirmed","confirmed","true","true","","Uber Eats","LINE、Uber Eats、食在麻吉 eathere","Uber Eats","https://www.google.com/search?q=%E9%BA%BB%E5%8F%A4%E8%8C%B6%E5%9D%8A+%E5%A4%A7%E5%AE%89%E5%BE%A9%E8%88%88%E5%BA%97+%E5%8F%B0%E5%8C%97%E5%B8%82%E5%A4%A7%E5%AE%89%E5%8D%80%E5%BE%A9%E8%88%88%E5%8D%97%E8%B7%AF%E4%B8%80%E6%AE%B5107%E5%B7%B733%E8%99%9F1%E6%A8%93&hl=zh-TW&sei=jztharGDOvONvr0P9YHJ6AM#sv=CAESzQEKuQEStgEKd0FKaVQ0dEpGUjV3SnQzcVd2RDdlX0FObnhjeGdnM2t0TFl0S2NHRzdrWkoyVEFieENkUTRTVy1ZUkFNUEFRR3VJUU1PNUpkNi02cFNXci1DVE5CdXRURmhreEgybTZNTWE4SUMtWGI0ZVlCWi1RN2lwZzZOTGN3EhdrRHRoYXBPekJzQ2V2cjBQaXBfcndRaxoiQURzcjlmVF9neHhzZm5qb3Y4S3ZRWmVtNFlaMnljQVZ4QRIEODEyNBoBMyoAMAA4AUAAGCogjJ2Ungw6AEoCEAE","https://www.google.com/search?q=%E9%BA%BB%E5%8F%A4%E8%8C%B6%E5%9D%8A+%E5%A4%A7%E5%AE%89%E5%BE%A9%E8%88%88%E5%BA%97+%E5%8F%B0%E5%8C%97%E5%B8%82%E5%A4%A7%E5%AE%89%E5%8D%80%E5%BE%A9%E8%88%88%E5%8D%97%E8%B7%AF%E4%B8%80%E6%AE%B5107%E5%B7%B733%E8%99%9F1%E6%A8%93&hl=zh-TW&sei=jztharGDOvONvr0P9YHJ6AM#sv=CAESzQEKuQEStgEKd0FKaVQ0dEpGUjV3SnQzcVd2RDdlX0FObnhjeGdnM2t0TFl0S2NHRzdrWkoyVEFieENkUTRTVy1ZUkFNUEFRR3VJUU1PNUpkNi02cFNXci1DVE5CdXRURmhreEgybTZNTWE4SUMtWGI0ZVlCWi1RN2lwZzZOTGN3EhdrRHRoYXBPekJzQ2V2cjBQaXBfcndRaxoiQURzcjlmVF9neHhzZm5qb3Y4S3ZRWmVtNFlaMnljQVZ4QRIEODEyNBoBMyoAMAA4AUAAGCogjJ2Ungw6AEoCEAE","Playwright batch opened Google Order flow and read visible pickup/delivery providers."
"macu-tw-009","大葉高島屋店","北部","台北市","士林區","台北市士林區忠誠路二段55號B1","02-2833-0186","confirmed","no_gmb_order_button","true","false","","","LINE、食在麻吉 eathere","","https://www.google.com/search?q=%E9%BA%BB%E5%8F%A4%E8%8C%B6%E5%9D%8A%20%E5%A4%A7%E8%91%89%E9%AB%98%E5%B3%B6%E5%B1%8B%E5%BA%97%20%E5%8F%B0%E5%8C%97%E5%B8%82%E5%A3%AB%E6%9E%97%E5%8D%80%E5%BF%A0%E8%AA%A0%E8%B7%AF%E4%BA%8C%E6%AE%B555%E8%99%9FB1&hl=zh-TW","","Named GMB profile matched, but no Google Order entry was opened."
"macu-tw-016","松江南京店","北部","台北市","中山區","台北市中山區南京東路二段192號","02-25176690","confirmed","confirmed","true","true","","Uber Eats","LINE、Uber Eats、食在麻吉 eathere","Uber Eats","https://www.google.com/search?q=%E9%BA%BB%E5%8F%A4%E8%8C%B6%E5%9D%8A%20%E6%9D%BE%E6%B1%9F%E5%8D%97%E4%BA%AC%E5%BA%97%20%E5%8F%B0%E5%8C%97%E5%B8%82%E4%B8%AD%E5%B1%B1%E5%8D%80%E5%8D%97%E4%BA%AC%E6%9D%B1%E8%B7%AF%E4%BA%8C%E6%AE%B5192%E8%99%9F&hl=zh-TW#sv=CAESzQEKuQEStgEKd0FKaVQ0dEtUSFp3MGtvRWoxU3AxS2ZWZnQyX1Z4dnM0Q0xPTG1lNEpIa3k0YTZTd2ZaUDRudnVPbEg3Y2tHMDBMc3NtMGJYbmRjQzkzZG5hUFJNX2hwOWY1TlJldzhMRVlIMi1oU2lMM2ZZYlotU19nSkFZNEVvEhdBc1pnYXFxeUhhWDAxZThQb09iSS1BVRoiQURzcjlmUmVib0kxaTg4QmdwN08xTlM4VFVhS3g0ZnRjQRIEODEyNBoBMyoAMAA4AUAAGCogkp-gyA86AEoCEAE","https://www.google.com/search?q=%E9%BA%BB%E5%8F%A4%E8%8C%B6%E5%9D%8A%20%E6%9D%BE%E6%B1%9F%E5%8D%97%E4%BA%AC%E5%BA%97%20%E5%8F%B0%E5%8C%97%E5%B8%82%E4%B8%AD%E5%B1%B1%E5%8D%80%E5%8D%97%E4%BA%AC%E6%9D%B1%E8%B7%AF%E4%BA%8C%E6%AE%B5192%E8%99%9F&hl=zh-TW&sei=HIdhapb6CJLb1e8Picit0Q4#sv=CAESzQEKuQEStgEKd0FKaVQ0dEtUSFp3MGtvRWoxU3AxS2ZWZnQyX1Z4dnM0Q0xPTG1lNEpIa3k0YTZTd2ZaUDRudnVPbEg3Y2tHMDBMc3NtMGJYbmRjQzkzZG5hUFJNX2hwOWY1TlJldzhMRVlIMi1oU2lMM2ZZYlotU19nSkFZNEVvEhdBc1pnYXFxeUhhWDAxZThQb09iSS1BVRoiQURzcjlmUmVib0kxaTg4QmdwN08xTlM4VFVhS3g0ZnRjQRIEODEyNBoBMyoAMAA4AUAAGCogkp-gyA86AEoCEAE","Playwright batch opened Google Order flow and read visible pickup/delivery providers."
"macu-tw-006","萬芳興隆店","北部","台北市","文山區","台北市文山區興隆路三段112巷2弄27號1樓","02-29339977","confirmed","confirmed","true","true","","Uber Eats","LINE、Uber Eats、食在麻吉 eathere","Uber Eats","https://www.google.com/search?q=%E9%BA%BB%E5%8F%A4%E8%8C%B6%E5%9D%8A%20%E8%90%AC%E8%8A%B3%E8%88%88%E9%9A%86%E5%BA%97%20%E5%8F%B0%E5%8C%97%E5%B8%82%E6%96%87%E5%B1%B1%E5%8D%80%E8%88%88%E9%9A%86%E8%B7%AF%E4%B8%89%E6%AE%B5112%E5%B7%B72%E5%BC%8427%E8%99%9F1%E6%A8%93&hl=zh-TW#sv=CAESzQEKuQEStgEKd0FKaVQ0dElselVOU19mb3BuQzlZdlk3Tlk0TkFaMTQ1SFFndW1kTmZCcHJuS3dzS093bUx4MGhNNVJUb2VMNW94cVU3RzZRVzJwNWIwMHlsOUFDNVpwVEZ4Z2prMVpCLTQ0eHozd0lLRUFSb1YxNmEtLVBUNU1BEhdGc1pnYXJXQU11NmV2cjBQc04zcW9RMBoiQURzcjlmUTZ3SlRZcDdSazcxdENLNVQ0SWFCakxjUmZJURIEODEyNBoBMyoAMAA4AUAAGCog4ZfQ_QE6AEoCEAE","https://www.google.com/search?q=%E9%BA%BB%E5%8F%A4%E8%8C%B6%E5%9D%8A%20%E8%90%AC%E8%8A%B3%E8%88%88%E9%9A%86%E5%BA%97%20%E5%8F%B0%E5%8C%97%E5%B8%82%E6%96%87%E5%B1%B1%E5%8D%80%E8%88%88%E9%9A%86%E8%B7%AF%E4%B8%89%E6%AE%B5112%E5%B7%B72%E5%BC%8427%E8%99%9F1%E6%A8%93&hl=zh-TW#sv=CAESzQEKuQEStgEKd0FKaVQ0dElselVOU19mb3BuQzlZdlk3Tlk0TkFaMTQ1SFFndW1kTmZCcHJuS3dzS093bUx4MGhNNVJUb2VMNW94cVU3RzZRVzJwNWIwMHlsOUFDNVpwVEZ4Z2prMVpCLTQ0eHozd0lLRUFSb1YxNmEtLVBUNU1BEhdGc1pnYXJXQU11NmV2cjBQc04zcW9RMBoiQURzcjlmUTZ3SlRZcDdSazcxdENLNVQ0SWFCakxjUmZJURIEODEyNBoBMyoAMAA4AUAAGCog4ZfQ_QE6AEoCEAE","Playwright batch opened Google Order flow and read visible pickup/delivery providers."
"macu-tw-036","基隆仁三店","北部","基隆市","仁愛區","基隆市仁愛區仁三路47號","02-29905959","confirmed","confirmed","true","true","","foodpanda","LINE、foodpanda、食在麻吉 eathere","foodpanda","https://www.google.com/search?q=%E9%BA%BB%E5%8F%A4%E8%8C%B6%E5%9D%8A%20%E5%9F%BA%E9%9A%86%E4%BB%81%E4%B8%89%E5%BA%97%20%E5%9F%BA%E9%9A%86%E5%B8%82%E4%BB%81%E6%84%9B%E5%8D%80%E4%BB%81%E4%B8%89%E8%B7%AF47%E8%99%9F&hl=zh-TW#sv=CAESzQEKuQEStgEKd0FKaVQ0dExZWm5OV0VOa3hUV0JtQnNpZ1N3ZTRHQlI1UDQzYVAwb1Vkc1dMVVdaUjJaMTdIOWxiUl8tbzFmQnNtM2Q1NWhrWG5fNkVsendycExMV0p3R1VnQ1htSWl6VjVnRnFjYXlhVGxObllodERWaTJXWmV3EhdLY1pnYXFMTkxmRHQxZThQdUttcWtBMBoiQURzcjlmUllhRFZOeDZBTklrVU9neV82cEt6SGZ1b2FEQRIEODEyNBoBMyoAMAA4AUAAGCog-vLbzQY6AEoCEAE","https://www.google.com/search?q=%E9%BA%BB%E5%8F%A4%E8%8C%B6%E5%9D%8A%20%E5%9F%BA%E9%9A%86%E4%BB%81%E4%B8%89%E5%BA%97%20%E5%9F%BA%E9%9A%86%E5%B8%82%E4%BB%81%E6%84%9B%E5%8D%80%E4%BB%81%E4%B8%89%E8%B7%AF47%E8%99%9F&hl=zh-TW#sv=CAESzQEKuQEStgEKd0FKaVQ0dExZWm5OV0VOa3hUV0JtQnNpZ1N3ZTRHQlI1UDQzYVAwb1Vkc1dMVVdaUjJaMTdIOWxiUl8tbzFmQnNtM2Q1NWhrWG5fNkVsendycExMV0p3R1VnQ1htSWl6VjVnRnFjYXlhVGxObllodERWaTJXWmV3EhdLY1pnYXFMTkxmRHQxZThQdUttcWtBMBoiQURzcjlmUllhRFZOeDZBTklrVU9neV82cEt6SGZ1b2FEQRIEODEyNBoBMyoAMAA4AUAAGCog-vLbzQY6AEoCEAE","Playwright batch opened Google Order flow and read visible pickup/delivery providers."
"macu-tw-072","宜蘭中山店","北部","宜蘭縣","宜蘭市","宜蘭縣宜蘭市中山路三段52號","03-9329288","confirmed","confirmed","true","true","","foodpanda、Uber Eats","LINE、Uber Eats、foodpanda、食在麻吉 eathere","Uber Eats、foodpanda","https://www.google.com/search?q=%E9%BA%BB%E5%8F%A4%E8%8C%B6%E5%9D%8A%20%E5%AE%9C%E8%98%AD%E4%B8%AD%E5%B1%B1%E5%BA%97%20%E5%AE%9C%E8%98%AD%E7%B8%A3%E5%AE%9C%E8%98%AD%E5%B8%82%E4%B8%AD%E5%B1%B1%E8%B7%AF%E4%B8%89%E6%AE%B552%E8%99%9F&hl=zh-TW#sv=CAESzQEKuQEStgEKd0FKaVQ0dEsxQU5iZHVLTkUzY1hrRlhaeGFtSkE1YU4tUWpGaEtvNlRWLUhtUUEzc2JickpPQW1QY0lETzJGSDdxclNKakgzM1dCekhMV0djMTdjc3JERTJOc19xQnFRcG1MRXZXYXJKLWpIQmJxcThJbTd6b2lNEhdROFpnYXR1akdiQy12cjBQc0pTb21RVRoiQURzcjlmU2ROY05OZW96OG5hYzdTZHJhMm00UkVoSkFQZxIEODEyNBoBMyoAMAA4AUAAGCogv-fW7gY6AEoCEAE","https://www.google.com/search?q=%E9%BA%BB%E5%8F%A4%E8%8C%B6%E5%9D%8A%20%E5%AE%9C%E8%98%AD%E4%B8%AD%E5%B1%B1%E5%BA%97%20%E5%AE%9C%E8%98%AD%E7%B8%A3%E5%AE%9C%E8%98%AD%E5%B8%82%E4%B8%AD%E5%B1%B1%E8%B7%AF%E4%B8%89%E6%AE%B552%E8%99%9F&hl=zh-TW#sv=CAESzQEKuQEStgEKd0FKaVQ0dEsxQU5iZHVLTkUzY1hrRlhaeGFtSkE1YU4tUWpGaEtvNlRWLUhtUUEzc2JickpPQW1QY0lETzJGSDdxclNKakgzM1dCekhMV0djMTdjc3JERTJOc19xQnFRcG1MRXZXYXJKLWpIQmJxcThJbTd6b2lNEhdROFpnYXR1akdiQy12cjBQc0pTb21RVRoiQURzcjlmU2ROY05OZW96OG5hYzdTZHJhMm00UkVoSkFQZxIEODEyNBoBMyoAMAA4AUAAGCogv-fW7gY6AEoCEAE","Playwright batch opened Google Order flow and read visible pickup/delivery providers."
"macu-tw-071","宜蘭宜大店","北部","宜蘭縣","宜蘭市","宜蘭市進士路二段518號","03-9310518","confirmed","confirmed","true","true","","foodpanda、Uber Eats","LINE、Uber Eats、foodpanda、食在麻吉 eathere","Uber Eats、foodpanda","https://www.google.com/search?q=%E9%BA%BB%E5%8F%A4%E8%8C%B6%E5%9D%8A%20%E5%AE%9C%E8%98%AD%E5%AE%9C%E5%A4%A7%E5%BA%97%20%E5%AE%9C%E8%98%AD%E5%B8%82%E9%80%B2%E5%A3%AB%E8%B7%AF%E4%BA%8C%E6%AE%B5518%E8%99%9F&hl=zh-TW#sv=CAESzQEKuQEStgEKd0FKaVQ0dEtqRm1QenJLTHdLd3d1ZUt0TnVpQnFFTDNWT2dZUjFRaUlPM3p1dlFTNkkyUVhHWXVDRmJUSGdTaGNaTnZ3NGoyVkYwQVJvb2YySmVOQVBPUjkzOGRhVERMXzFrdHZvQkE4WFJBanpqaDBlcWllTS1zEhdYc1pnYXBLTUZJWGcxZThQaUxpUTBBMBoiQURzcjlmUnBsS0ZocjVOVzVza1p0V2UtYkFWUG1JOUo3dxIEODEyNBoBMyoAMAA4AUAAGCog0s3s6Ag6AEoCEAE","https://www.google.com/search?q=%E9%BA%BB%E5%8F%A4%E8%8C%B6%E5%9D%8A%20%E5%AE%9C%E8%98%AD%E5%AE%9C%E5%A4%A7%E5%BA%97%20%E5%AE%9C%E8%98%AD%E5%B8%82%E9%80%B2%E5%A3%AB%E8%B7%AF%E4%BA%8C%E6%AE%B5518%E8%99%9F&hl=zh-TW#sv=CAESzQEKuQEStgEKd0FKaVQ0dEtqRm1QenJLTHdLd3d1ZUt0TnVpQnFFTDNWT2dZUjFRaUlPM3p1dlFTNkkyUVhHWXVDRmJUSGdTaGNaTnZ3NGoyVkYwQVJvb2YySmVOQVBPUjkzOGRhVERMXzFrdHZvQkE4WFJBanpqaDBlcWllTS1zEhdYc1pnYXBLTUZJWGcxZThQaUxpUTBBMBoiQURzcjlmUnBsS0ZocjVOVzVza1p0V2UtYkFWUG1JOUo3dxIEODEyNBoBMyoAMAA4AUAAGCog0s3s6Ag6AEoCEAE","Playwright batch opened Google Order flow and read visible pickup/delivery providers."
"macu-tw-069","宜蘭礁溪店","北部","宜蘭縣","礁溪鄉","宜蘭縣礁溪鄉礁溪路五段56號","03-9889950","confirmed","confirmed","true","true","","foodpanda、Uber Eats","LINE、Uber Eats、foodpanda、食在麻吉 eathere","Uber Eats、foodpanda","https://www.google.com/search?q=%E9%BA%BB%E5%8F%A4%E8%8C%B6%E5%9D%8A%20%E5%AE%9C%E8%98%AD%E7%A4%81%E6%BA%AA%E5%BA%97%20%E5%AE%9C%E8%98%AD%E7%B8%A3%E7%A4%81%E6%BA%AA%E9%84%89%E7%A4%81%E6%BA%AA%E8%B7%AF%E4%BA%94%E6%AE%B556%E8%99%9F&hl=zh-TW#sv=CAESzQEKuQEStgEKd0FKaVQ0dEtqTklENWdpbWpQSU5WcmY3Sk5MdW0xbGtGRTktTmVXZEh3bU1qZTEwNC1nYUxPTDU5dlpYdW1nRllmcXpiZTRTalJLNnhjR1dMV18yR3lzZlRYTzRWQVJjRXpnT2FMLXZuSnpfUkNmQnh4MDVFVG84EhdSY2RnYXQtYUktTEUxZThQc2FmWHNBTRoiQURzcjlmUTJ6c3J3OVBFRVlPR2RQRUMxVGpibS0yN1lhdxIEODEyNBoBMyoAMAA4AUAAGCogrZO6pw86AEoCEAE","https://www.google.com/search?q=%E9%BA%BB%E5%8F%A4%E8%8C%B6%E5%9D%8A%20%E5%AE%9C%E8%98%AD%E7%A4%81%E6%BA%AA%E5%BA%97%20%E5%AE%9C%E8%98%AD%E7%B8%A3%E7%A4%81%E6%BA%AA%E9%84%89%E7%A4%81%E6%BA%AA%E8%B7%AF%E4%BA%94%E6%AE%B556%E8%99%9F&hl=zh-TW#sv=CAESzQEKuQEStgEKd0FKaVQ0dEtqTklENWdpbWpQSU5WcmY3Sk5MdW0xbGtGRTktTmVXZEh3bU1qZTEwNC1nYUxPTDU5dlpYdW1nRllmcXpiZTRTalJLNnhjR1dMV18yR3lzZlRYTzRWQVJjRXpnT2FMLXZuSnpfUkNmQnh4MDVFVG84EhdSY2RnYXQtYUktTEUxZThQc2FmWHNBTRoiQURzcjlmUTJ6c3J3OVBFRVlPR2RQRUMxVGpibS0yN1lhdxIEODEyNBoBMyoAMAA4AUAAGCogrZO6pw86AEoCEAE","Playwright batch opened Google Order flow and read visible pickup/delivery providers."
"macu-tw-070","羅東公正店","北部","宜蘭縣","羅東鎮","宜蘭縣羅東鎮公正路204號","03-9556618","confirmed","confirmed","true","true","foodpanda","foodpanda、Uber Eats","LINE、Uber Eats、foodpanda、食在麻吉 eathere","Uber Eats、foodpanda","https://www.google.com/search?q=%E9%BA%BB%E5%8F%A4%E8%8C%B6%E5%9D%8A%20%E7%BE%85%E6%9D%B1%E5%85%AC%E6%AD%A3%E5%BA%97%20%E5%AE%9C%E8%98%AD%E7%B8%A3%E7%BE%85%E6%9D%B1%E9%8E%AE%E5%85%AC%E6%AD%A3%E8%B7%AF204%E8%99%9F&hl=zh-TW#sv=CAESzQEKuQEStgEKd0FKaVQ0dEpRYnJGVFJSM0VycmhVazFFdVJHSmFieHJYT2djWkVJTFZrSEVXXy00a0V2NnVubHM4X1B6ZEJhWkhvaDZHU0E2TFN0Y2thWlFrQ2JIcTFRa2ZrSC1qcDhldXBqUG81VEJYSmhaaUROX3Izd1JWM1ZJEhdYc2RnYXFhMUhiek4xZThQbU0zYXFRMBoiQURzcjlmUlE2QklyQjMyY1FZdEQwUXFWejBWeDRueUxKURIEODEyNBoBMyoAMAA4AUAAGCogteD2_AU6AEoCEAE","https://www.google.com/search?q=%E9%BA%BB%E5%8F%A4%E8%8C%B6%E5%9D%8A%20%E7%BE%85%E6%9D%B1%E5%85%AC%E6%AD%A3%E5%BA%97%20%E5%AE%9C%E8%98%AD%E7%B8%A3%E7%BE%85%E6%9D%B1%E9%8E%AE%E5%85%AC%E6%AD%A3%E8%B7%AF204%E8%99%9F&hl=zh-TW#sv=CAESzQEKuQEStgEKd0FKaVQ0dEpRYnJGVFJSM0VycmhVazFFdVJHSmFieHJYT2djWkVJTFZrSEVXXy00a0V2NnVubHM4X1B6ZEJhWkhvaDZHU0E2TFN0Y2thWlFrQ2JIcTFRa2ZrSC1qcDhldXBqUG81VEJYSmhaaUROX3Izd1JWM1ZJEhdYc2RnYXFhMUhiek4xZThQbU0zYXFRMBoiQURzcjlmUlE2QklyQjMyY1FZdEQwUXFWejBWeDRueUxKURIEODEyNBoBMyoAMAA4AUAAGCogteD2_AU6AEoCEAE","Playwright batch opened Google Order flow and read visible pickup/delivery providers."
"macu-tw-025","三峽北大店","北部","新北市","三峽區","新北市三峽區國際一街30號","02-26725222","confirmed","confirmed","true","true","","Uber Eats","LINE、Uber Eats、食在麻吉 eathere","Uber Eats","https://www.google.com/search?q=%E9%BA%BB%E5%8F%A4%E8%8C%B6%E5%9D%8A%20%E4%B8%89%E5%B3%BD%E5%8C%97%E5%A4%A7%E5%BA%97%20%E6%96%B0%E5%8C%97%E5%B8%82%E4%B8%89%E5%B3%BD%E5%8D%80%E5%9C%8B%E9%9A%9B%E4%B8%80%E8%A1%9730%E8%99%9F&hl=zh-TW#sv=CAESzQEKuQEStgEKd0FKaVQ0dEloNVBxcm1fRm16QlF0NF81ek1ZVHFuUXA4MVdxVmZDUHBEZHNZSFp1bDdjaWJybEE5R2VTTTZQV0U2ZzBYcG5sR2pVdGtsdmtGODNvaVZad0NzemRVU09Va2NrV3FkcWNKTG9zRktUOS1tQ09IbEdREhdkOGRnYXYzTEc1aXp2cjBQM09mcy1BaxoiQURzcjlmVDExZXBYVUhFUVIzRGRyV2d6eG02T3Blc0owdxIEODEyNBoBMyoAMAA4AUAAGCogo-TjkQU6AEoCEAE","https://www.google.com/search?q=%E9%BA%BB%E5%8F%A4%E8%8C%B6%E5%9D%8A%20%E4%B8%89%E5%B3%BD%E5%8C%97%E5%A4%A7%E5%BA%97%20%E6%96%B0%E5%8C%97%E5%B8%82%E4%B8%89%E5%B3%BD%E5%8D%80%E5%9C%8B%E9%9A%9B%E4%B8%80%E8%A1%9730%E8%99%9F&hl=zh-TW#sv=CAESzQEKuQEStgEKd0FKaVQ0dEloNVBxcm1fRm16QlF0NF81ek1ZVHFuUXA4MVdxVmZDUHBEZHNZSFp1bDdjaWJybEE5R2VTTTZQV0U2ZzBYcG5sR2pVdGtsdmtGODNvaVZad0NzemRVU09Va2NrV3FkcWNKTG9zRktUOS1tQ09IbEdREhdkOGRnYXYzTEc1aXp2cjBQM09mcy1BaxoiQURzcjlmVDExZXBYVUhFUVIzRGRyV2d6eG02T3Blc0owdxIEODEyNBoBMyoAMAA4AUAAGCogo-TjkQU6AEoCEAE","Playwright batch opened Google Order flow and read visible pickup/delivery providers."
"macu-tw-023","三重中華店","北部","新北市","三重區","新北市三重區中華路97號","02-29800071","confirmed","confirmed","true","true","","Uber Eats","LINE、Uber Eats、食在麻吉 eathere","Uber Eats","https://www.google.com/search?q=%E9%BA%BB%E5%8F%A4%E8%8C%B6%E5%9D%8A%20%E4%B8%89%E9%87%8D%E4%B8%AD%E8%8F%AF%E5%BA%97%20%E6%96%B0%E5%8C%97%E5%B8%82%E4%B8%89%E9%87%8D%E5%8D%80%E4%B8%AD%E8%8F%AF%E8%B7%AF97%E8%99%9F&hl=zh-TW#sv=CAESzQEKuQEStgEKd0FKaVQ0dEt6dTJvcnpuN1M2QmJnQzNPaU5ka2J3RjVEOUJVMEJQME1aTHlxMzNyY09objJoMm5lM0h0QzBmUkYyaGRMMjNZenYwTzk2T09yMG5YLUlzY0MxOHFQSDZha3NZeHR6NUxGX1hhMDJSanBqc3JjRnVREhdqTWRnYXFpaUpzelExZThQN012NmdBRRoiQURzcjlmVGZJMEgycnNkZGFPWm5RUlhrbkU3MmdQWU1QZxIEODEyNBoBMyoAMAA4AUAAGCog5d7WyQc6AEoCEAE","https://www.google.com/search?q=%E9%BA%BB%E5%8F%A4%E8%8C%B6%E5%9D%8A%20%E4%B8%89%E9%87%8D%E4%B8%AD%E8%8F%AF%E5%BA%97%20%E6%96%B0%E5%8C%97%E5%B8%82%E4%B8%89%E9%87%8D%E5%8D%80%E4%B8%AD%E8%8F%AF%E8%B7%AF97%E8%99%9F&hl=zh-TW#sv=CAESzQEKuQEStgEKd0FKaVQ0dEt6dTJvcnpuN1M2QmJnQzNPaU5ka2J3RjVEOUJVMEJQME1aTHlxMzNyY09objJoMm5lM0h0QzBmUkYyaGRMMjNZenYwTzk2T09yMG5YLUlzY0MxOHFQSDZha3NZeHR6NUxGX1hhMDJSanBqc3JjRnVREhdqTWRnYXFpaUpzelExZThQN012NmdBRRoiQURzcjlmVGZJMEgycnNkZGFPWm5RUlhrbkU3MmdQWU1QZxIEODEyNBoBMyoAMAA4AUAAGCog5d7WyQc6AEoCEAE","Playwright batch opened Google Order flow and read visible pickup/delivery providers."
"macu-tw-030","三重正義店","北部","新北市","三重區","新北市三重區正義北路61號","02-29800881","confirmed","confirmed","true","true","","Uber Eats","LINE、Uber Eats、食在麻吉 eathere","Uber Eats","https://www.google.com/search?q=%E9%BA%BB%E5%8F%A4%E8%8C%B6%E5%9D%8A%20%E4%B8%89%E9%87%8D%E6%AD%A3%E7%BE%A9%E5%BA%97%20%E6%96%B0%E5%8C%97%E5%B8%82%E4%B8%89%E9%87%8D%E5%8D%80%E6%AD%A3%E7%BE%A9%E5%8C%97%E8%B7%AF61%E8%99%9F&hl=zh-TW#sv=CAESzQEKuQEStgEKd0FKaVQ0dEl4Y1UxWXRjY21uSWp0SjAtcVh5ZnUwTGJEa1BpYUp6MmdJV2F0ajc5VUViQmVBRk5Nb0FCbDA2QlpWRnd1T2dLbktiekJTcTczRThmazdlZlZVdVVDemN1RUNuSXZCX3hQQS1zRTRYMHJCeDZOc3BJEhduc2RnYW8zX000YmoxZThQMGR2Y3FBZxoiQURzcjlmUlFhV3RsVm1RZlZvNU5NN3dHMDdvdWNTWmc0URIEODEyNBoBMyoAMAA4AUAAGCog08Hu6Q06AEoCEAE","https://www.google.com/search?q=%E9%BA%BB%E5%8F%A4%E8%8C%B6%E5%9D%8A%20%E4%B8%89%E9%87%8D%E6%AD%A3%E7%BE%A9%E5%BA%97%20%E6%96%B0%E5%8C%97%E5%B8%82%E4%B8%89%E9%87%8D%E5%8D%80%E6%AD%A3%E7%BE%A9%E5%8C%97%E8%B7%AF61%E8%99%9F&hl=zh-TW#sv=CAESzQEKuQEStgEKd0FKaVQ0dEl4Y1UxWXRjY21uSWp0SjAtcVh5ZnUwTGJEa1BpYUp6MmdJV2F0ajc5VUViQmVBRk5Nb0FCbDA2QlpWRnd1T2dLbktiekJTcTczRThmazdlZlZVdVVDemN1RUNuSXZCX3hQQS1zRTRYMHJCeDZOc3BJEhduc2RnYW8zX000YmoxZThQMGR2Y3FBZxoiQURzcjlmUlFhV3RsVm1RZlZvNU5NN3dHMDdvdWNTWmc0URIEODEyNBoBMyoAMAA4AUAAGCog08Hu6Q06AEoCEAE","Playwright batch opened Google Order flow and read visible pickup/delivery providers."
"macu-tw-035","中和中和店","北部","新北市","中和區","新北市中和區中和路34號","02-82458641","confirmed","confirmed","true","true","","Uber Eats","LINE、Uber Eats、食在麻吉 eathere","Uber Eats","https://www.google.com/search?q=%E9%BA%BB%E5%8F%A4%E8%8C%B6%E5%9D%8A+%E4%B8%AD%E5%92%8C%E4%B8%AD%E5%92%8C%E5%BA%97+%E6%96%B0%E5%8C%97%E5%B8%82%E4%B8%AD%E5%92%8C%E5%8D%80%E4%B8%AD%E5%92%8C%E8%B7%AF34%E8%99%9F&hl=zh-TW#sv=CAESzQEKuQEStgEKd0FKaVQ0dEtOMHdMRERpWmNyNVRLSEhGa3BNbTlqTzJEeWl0TjA3dk5RajlSRkIzZ1N3SXFFZDFGcV9tTFY2aEJlYko1bmtfS3JVSUN3c05Wbjl2WVlyMXl2S0JmNkM5bHBENVVsT0ZFZm5UVHhoRDhONXQ4eEZrEhdzY2RnYXEyV0E4Nl92cjBQb1BLdWdROBoiQURzcjlmU2pVY0ctNlk3RU1tVlJmN296YUlBRENDcXpvZxIEODEyNBoBMyoAMAA4AUAAGCogmLup-AY6AEoCEAE","https://www.google.com/search?q=%E9%BA%BB%E5%8F%A4%E8%8C%B6%E5%9D%8A+%E4%B8%AD%E5%92%8C%E4%B8%AD%E5%92%8C%E5%BA%97+%E6%96%B0%E5%8C%97%E5%B8%82%E4%B8%AD%E5%92%8C%E5%8D%80%E4%B8%AD%E5%92%8C%E8%B7%AF34%E8%99%9F&hl=zh-TW#sv=CAESzQEKuQEStgEKd0FKaVQ0dEtOMHdMRERpWmNyNVRLSEhGa3BNbTlqTzJEeWl0TjA3dk5RajlSRkIzZ1N3SXFFZDFGcV9tTFY2aEJlYko1bmtfS3JVSUN3c05Wbjl2WVlyMXl2S0JmNkM5bHBENVVsT0ZFZm5UVHhoRDhONXQ4eEZrEhdzY2RnYXEyV0E4Nl92cjBQb1BLdWdROBoiQURzcjlmU2pVY0ctNlk3RU1tVlJmN296YUlBRENDcXpvZxIEODEyNBoBMyoAMAA4AUAAGCogmLup-AY6AEoCEAE","Playwright batch opened Google Order flow and read visible pickup/delivery providers."
"macu-tw-019","中和南勢角店","北部","新北市","中和區","新北市中和區興南路一段48號1樓","02-29404688","confirmed","confirmed","true","true","","Uber Eats","LINE、Uber Eats、食在麻吉 eathere","Uber Eats","https://www.google.com/search?q=%E9%BA%BB%E5%8F%A4%E8%8C%B6%E5%9D%8A+%E4%B8%AD%E5%92%8C%E5%8D%97%E5%8B%A2%E8%A7%92%E5%BA%97+%E6%96%B0%E5%8C%97%E5%B8%82%E4%B8%AD%E5%92%8C%E5%8D%80%E8%88%88%E5%8D%97%E8%B7%AF%E4%B8%80%E6%AE%B548%E8%99%9F1%E6%A8%93&hl=zh-TW#sv=CAESzQEKuQEStgEKd0FKaVQ0dEpwb3NERmxGSWRUd2d4aVE5UFNfSG8xWXV1Z1N4SDNfZEpNYnRsZUdsUFVhVUpGbEQ0Z2ZwNEVIZE5FdHA1MEt1VVFNdjktUS0wMjVkblIyN2dtNWg2dlpMTnBzcnpNbkpFLXRLRmN2dmEyNW8yQng4Ehd3OGRnYXB2SkpzUFAxZThQLVpyZW9BVRoiQURzcjlmUWIyX1ZWTU5JcWVZTl9fWWlSakdzRzBjQVVlZxIEODEyNBoBMyoAMAA4AUAAGCogwI7LtAI6AEoCEAE","https://www.google.com/search?q=%E9%BA%BB%E5%8F%A4%E8%8C%B6%E5%9D%8A+%E4%B8%AD%E5%92%8C%E5%8D%97%E5%8B%A2%E8%A7%92%E5%BA%97+%E6%96%B0%E5%8C%97%E5%B8%82%E4%B8%AD%E5%92%8C%E5%8D%80%E8%88%88%E5%8D%97%E8%B7%AF%E4%B8%80%E6%AE%B548%E8%99%9F1%E6%A8%93&hl=zh-TW#sv=CAESzQEKuQEStgEKd0FKaVQ0dEpwb3NERmxGSWRUd2d4aVE5UFNfSG8xWXV1Z1N4SDNfZEpNYnRsZUdsUFVhVUpGbEQ0Z2ZwNEVIZE5FdHA1MEt1VVFNdjktUS0wMjVkblIyN2dtNWg2dlpMTnBzcnpNbkpFLXRLRmN2dmEyNW8yQng4Ehd3OGRnYXB2SkpzUFAxZThQLVpyZW9BVRoiQURzcjlmUWIyX1ZWTU5JcWVZTl9fWWlSakdzRzBjQVVlZxIEODEyNBoBMyoAMAA4AUAAGCogwI7LtAI6AEoCEAE","Playwright batch opened Google Order flow and read visible pickup/delivery providers."
"macu-tw-032","中和員山店","北部","新北市","中和區","新北市中和區員山路293號","02-22267199","confirmed","confirmed","true","true","","Uber Eats","LINE、Uber Eats、食在麻吉 eathere","Uber Eats","https://www.google.com/search?q=%E9%BA%BB%E5%8F%A4%E8%8C%B6%E5%9D%8A+%E4%B8%AD%E5%92%8C%E5%93%A1%E5%B1%B1%E5%BA%97+%E6%96%B0%E5%8C%97%E5%B8%82%E4%B8%AD%E5%92%8C%E5%8D%80%E5%93%A1%E5%B1%B1%E8%B7%AF293%E8%99%9F&hl=zh-TW#sv=CAESzQEKuQEStgEKd0FKaVQ0dEpBNDBaRFBSYkM1emVHLUgzOTR5SFNjSktTbE1wY0tiM3VzTnRGQ0NQUVFuT0M1LUxodVRvaUxpOFV4dWdObnluaUJnNUswVDJLSjVFNm9MR0VlVFI5bXFQNkVJelRrbHA5TmRzNTRzcVA5OW9CMEV3EhcyY2RnYXZXWER0SGoxZThQeWNHOXdRYxoiQURzcjlmUTFVOTNCb3NUR1kxYUpOVTRlRVVqRTE0VWVoURIEODEyNBoBMyoAMAA4AUAAGCogxKjP3QM6AEoCEAE","https://www.google.com/search?q=%E9%BA%BB%E5%8F%A4%E8%8C%B6%E5%9D%8A+%E4%B8%AD%E5%92%8C%E5%93%A1%E5%B1%B1%E5%BA%97+%E6%96%B0%E5%8C%97%E5%B8%82%E4%B8%AD%E5%92%8C%E5%8D%80%E5%93%A1%E5%B1%B1%E8%B7%AF293%E8%99%9F&hl=zh-TW#sv=CAESzQEKuQEStgEKd0FKaVQ0dEpBNDBaRFBSYkM1emVHLUgzOTR5SFNjSktTbE1wY0tiM3VzTnRGQ0NQUVFuT0M1LUxodVRvaUxpOFV4dWdObnluaUJnNUswVDJLSjVFNm9MR0VlVFI5bXFQNkVJelRrbHA5TmRzNTRzcVA5OW9CMEV3EhcyY2RnYXZXWER0SGoxZThQeWNHOXdRYxoiQURzcjlmUTFVOTNCb3NUR1kxYUpOVTRlRVVqRTE0VWVoURIEODEyNBoBMyoAMAA4AUAAGCogxKjP3QM6AEoCEAE","Playwright batch opened Google Order flow and read visible pickup/delivery providers."
"macu-tw-026","土城中央店","北部","新北市","土城區","新北市土城區中央路二段143號","02-82619616","confirmed","confirmed","true","true","","Uber Eats","LINE、Uber Eats、食在麻吉 eathere","Uber Eats","https://www.google.com/search?q=%E9%BA%BB%E5%8F%A4%E8%8C%B6%E5%9D%8A%20%E5%9C%9F%E5%9F%8E%E4%B8%AD%E5%A4%AE%E5%BA%97%20%E6%96%B0%E5%8C%97%E5%B8%82%E5%9C%9F%E5%9F%8E%E5%8D%80%E4%B8%AD%E5%A4%AE%E8%B7%AF%E4%BA%8C%E6%AE%B5143%E8%99%9F&hl=zh-TW&sei=mclgauitLZjD1e8PjsvuoAQ#sv=CAESzQEKuQEStgEKd0FKaVQ0dEpnVU9wQm5oM0cybEpyVUk2RWk2TUZyalkwMXVLUXVSSVg4VGM1OUV2ejkzaXhIRm54SzFuNXBRWjc5UDZsaDBEWUlnd1lMbkxxeGdIQkVfMldFUjVxaFhUWHQxUUQtZkdCQjVUZFVjanBJY1VUUmlVEhdtY2xnYXQtUk5aWGoxZThQbE5MTW1RYxoiQURzcjlmVFAxaG41ZlBnS2p2QV83N3lZU0pfWGFRcTlTQRIEODEyNBoBMyoAMAA4AUAAGCogmraJvwU6AEoCEAE","https://www.google.com/search?q=%E9%BA%BB%E5%8F%A4%E8%8C%B6%E5%9D%8A%20%E5%9C%9F%E5%9F%8E%E4%B8%AD%E5%A4%AE%E5%BA%97%20%E6%96%B0%E5%8C%97%E5%B8%82%E5%9C%9F%E5%9F%8E%E5%8D%80%E4%B8%AD%E5%A4%AE%E8%B7%AF%E4%BA%8C%E6%AE%B5143%E8%99%9F&hl=zh-TW&sei=mclgauitLZjD1e8PjsvuoAQ#sv=CAESzQEKuQEStgEKd0FKaVQ0dEpnVU9wQm5oM0cybEpyVUk2RWk2TUZyalkwMXVLUXVSSVg4VGM1OUV2ejkzaXhIRm54SzFuNXBRWjc5UDZsaDBEWUlnd1lMbkxxeGdIQkVfMldFUjVxaFhUWHQxUUQtZkdCQjVUZFVjanBJY1VUUmlVEhdtY2xnYXQtUk5aWGoxZThQbE5MTW1RYxoiQURzcjlmVFAxaG41ZlBnS2p2QV83N3lZU0pfWGFRcTlTQRIEODEyNBoBMyoAMAA4AUAAGCogmraJvwU6AEoCEAE","Playwright batch opened Google Order flow and read visible pickup/delivery providers."
"macu-tw-024","新北樹林站前店","北部","新北市","樹林區鎮","新北市樹林區鎮前街73號","02-86753115","confirmed","confirmed","true","true","","Uber Eats","LINE、Uber Eats、食在麻吉 eathere","Uber Eats","https://www.google.com/search?q=%E9%BA%BB%E5%8F%A4%E8%8C%B6%E5%9D%8A%20%E6%96%B0%E5%8C%97%E6%A8%B9%E6%9E%97%E7%AB%99%E5%89%8D%E5%BA%97%20%E6%96%B0%E5%8C%97%E5%B8%82%E6%A8%B9%E6%9E%97%E5%8D%80%E9%8E%AE%E5%89%8D%E8%A1%9773%E8%99%9F&hl=zh-TW#sv=CAESzQEKuQEStgEKd0FKaVQ0dExHOU5QTW52aUdLQ2pocmEyMV9YZFlYYkNQYndURDdmcXVFZ1FydDJaQjhORFJOazUtN3JqYzktOUplZTNWSEo4R3hNSjFsenIwSlp5dkJfWXl6OFhlZFBFX2FuVHhBNWFHbElrNTlmRUxhMUo1LXBREhd0TWxnYW9EakZxUG1vc1VQaWNHeHlRdxoiQURzcjlmVDlURWJoMm1VemYyQ3lDV0NDUksxYm1rWTlzURIEODEyNBoBMyoAMAA4AUAAGCogpbGunQg6AEoCEAE","https://www.google.com/search?q=%E9%BA%BB%E5%8F%A4%E8%8C%B6%E5%9D%8A%20%E6%96%B0%E5%8C%97%E6%A8%B9%E6%9E%97%E7%AB%99%E5%89%8D%E5%BA%97%20%E6%96%B0%E5%8C%97%E5%B8%82%E6%A8%B9%E6%9E%97%E5%8D%80%E9%8E%AE%E5%89%8D%E8%A1%9773%E8%99%9F&hl=zh-TW#sv=CAESzQEKuQEStgEKd0FKaVQ0dExHOU5QTW52aUdLQ2pocmEyMV9YZFlYYkNQYndURDdmcXVFZ1FydDJaQjhORFJOazUtN3JqYzktOUplZTNWSEo4R3hNSjFsenIwSlp5dkJfWXl6OFhlZFBFX2FuVHhBNWFHbElrNTlmRUxhMUo1LXBREhd0TWxnYW9EakZxUG1vc1VQaWNHeHlRdxoiQURzcjlmVDlURWJoMm1VemYyQ3lDV0NDUksxYm1rWTlzURIEODEyNBoBMyoAMAA4AUAAGCogpbGunQg6AEoCEAE","Playwright batch opened Google Order flow and read visible pickup/delivery providers."
"macu-tw-021","新北淡水英專店","北部","新北市","淡水區","新北市淡水區英專路64號","02-26210668","confirmed","confirmed","true","true","","Uber Eats","LINE、Uber Eats、食在麻吉 eathere","Uber Eats","https://www.google.com/search?q=%E9%BA%BB%E5%8F%A4%E8%8C%B6%E5%9D%8A+%E6%96%B0%E5%8C%97%E6%B7%A1%E6%B0%B4%E8%8B%B1%E5%B0%88%E5%BA%97+%E6%96%B0%E5%8C%97%E5%B8%82%E6%B7%A1%E6%B0%B4%E5%8D%80%E8%8B%B1%E5%B0%88%E8%B7%AF64%E8%99%9F&hl=zh-TW#sv=CAESzQEKuQEStgEKd0FKaVQ0dEtpR2hFUmwyS2NRTWxwZUdWSXFvVGlVZ1BlX29ZNmRKTGFNcTFYaVpYOGs5TlIyNTlEclMzVHNKc3Q4NF9TSHNNeEZoUmFrQXh3em15azFYTnV4NGtfaGh6SXkyWE9lZmNzLWgxeG9jd0FpQ094RHprEhd4c2xnYXUzQ0hjQ252cjBQb2J1eGtBYxoiQURzcjlmVHl4WldTRXVDQmtrY3llYWtZN0swVTBadVJzdxIEODEyNBoBMyoAMAA4AUAAGCog5_Hm2Qs6AEoCEAE","https://www.google.com/search?q=%E9%BA%BB%E5%8F%A4%E8%8C%B6%E5%9D%8A+%E6%96%B0%E5%8C%97%E6%B7%A1%E6%B0%B4%E8%8B%B1%E5%B0%88%E5%BA%97+%E6%96%B0%E5%8C%97%E5%B8%82%E6%B7%A1%E6%B0%B4%E5%8D%80%E8%8B%B1%E5%B0%88%E8%B7%AF64%E8%99%9F&hl=zh-TW#sv=CAESzQEKuQEStgEKd0FKaVQ0dEtpR2hFUmwyS2NRTWxwZUdWSXFvVGlVZ1BlX29ZNmRKTGFNcTFYaVpYOGs5TlIyNTlEclMzVHNKc3Q4NF9TSHNNeEZoUmFrQXh3em15azFYTnV4NGtfaGh6SXkyWE9lZmNzLWgxeG9jd0FpQ094RHprEhd4c2xnYXUzQ0hjQ252cjBQb2J1eGtBYxoiQURzcjlmVHl4WldTRXVDQmtrY3llYWtZN0swVTBadVJzdxIEODEyNBoBMyoAMAA4AUAAGCog5_Hm2Qs6AEoCEAE","Playwright batch opened Google Order flow and read visible pickup/delivery providers."
"macu-tw-028","新店大坪林店","北部","新北市","新店區","新北市新店區中正路504號","02-22186000","confirmed","confirmed","true","true","","Uber Eats","LINE、Uber Eats、食在麻吉 eathere","Uber Eats","https://www.google.com/search?q=%E9%BA%BB%E5%8F%A4%E8%8C%B6%E5%9D%8A%20%E6%96%B0%E5%BA%97%E5%A4%A7%E5%9D%AA%E6%9E%97%E5%BA%97%20%E6%96%B0%E5%8C%97%E5%B8%82%E6%96%B0%E5%BA%97%E5%8D%80%E4%B8%AD%E6%AD%A3%E8%B7%AF504%E8%99%9F&hl=zh-TW#sv=CAESzQEKuQEStgEKd0FKaVQ0dEpiZ0FvSjhCZHZuUWUycnFWRzk5Ri1WWi10V0NrZ183d3hqbFFrbWxqUGtrcWN0aVZ2ZnAzNFkyZDRFcmlVekVtdjhFMUYtQV9MUXhuVjl1NHlsM05RRXk5SW0zcnd0Um1Qb21adzl0UlZsazlaVTFZEhcyOGxnYXBPYUJPcVV2cjBQbmRqbHNRTRoiQURzcjlmU244YjNtejdmUWpidmFzazdjS2NWWUlhY01pZxIEODEyNBoBMyoAMAA4AUAAGCog8rnYPzoASgIQAQ","https://www.google.com/search?q=%E9%BA%BB%E5%8F%A4%E8%8C%B6%E5%9D%8A%20%E6%96%B0%E5%BA%97%E5%A4%A7%E5%9D%AA%E6%9E%97%E5%BA%97%20%E6%96%B0%E5%8C%97%E5%B8%82%E6%96%B0%E5%BA%97%E5%8D%80%E4%B8%AD%E6%AD%A3%E8%B7%AF504%E8%99%9F&hl=zh-TW#sv=CAESzQEKuQEStgEKd0FKaVQ0dEpiZ0FvSjhCZHZuUWUycnFWRzk5Ri1WWi10V0NrZ183d3hqbFFrbWxqUGtrcWN0aVZ2ZnAzNFkyZDRFcmlVekVtdjhFMUYtQV9MUXhuVjl1NHlsM05RRXk5SW0zcnd0Um1Qb21adzl0UlZsazlaVTFZEhcyOGxnYXBPYUJPcVV2cjBQbmRqbHNRTRoiQURzcjlmU244YjNtejdmUWpidmFzazdjS2NWWUlhY01pZxIEODEyNBoBMyoAMAA4AUAAGCog8rnYPzoASgIQAQ","Playwright batch opened Google Order flow and read visible pickup/delivery providers."
"macu-tw-022","新莊中原店","北部","新北市","新莊區","新北市新莊區中原路149號","02-85227722","confirmed","confirmed","true","true","","Uber Eats","LINE、Uber Eats、食在麻吉 eathere","Uber Eats","https://www.google.com/search?q=%E9%BA%BB%E5%8F%A4%E8%8C%B6%E5%9D%8A%20%E6%96%B0%E8%8E%8A%E4%B8%AD%E5%8E%9F%E5%BA%97%20%E6%96%B0%E5%8C%97%E5%B8%82%E6%96%B0%E8%8E%8A%E5%8D%80%E4%B8%AD%E5%8E%9F%E8%B7%AF149%E8%99%9F&hl=zh-TW#sv=CAESzQEKuQEStgEKd0FKaVQ0dEtQMWFVQzkwMmVncW0tNlVEaDdZUUVaUkxXRy1VSmNtS3BIRTZZWkNHTHh4MEZOTkFlcnREVU1wZUpxblZKVTlwTnBIMEpDZGpCNDJyTVhPSGhmSHQ4RXh3V1J4b0NRR1M3X2FhNjNyUnBycEtGVUVJEhc3c2xnYXAyRU9JQzJ2cjBQaE5iVnNBbxoiQURzcjlmVGk2QS1QeHAybkJMcVc1VUJmSWlhcEl4TGZSURIEODEyNBoBMyoAMAA4AUAAGCogzZPbxAk6AEoCEAE","https://www.google.com/search?q=%E9%BA%BB%E5%8F%A4%E8%8C%B6%E5%9D%8A%20%E6%96%B0%E8%8E%8A%E4%B8%AD%E5%8E%9F%E5%BA%97%20%E6%96%B0%E5%8C%97%E5%B8%82%E6%96%B0%E8%8E%8A%E5%8D%80%E4%B8%AD%E5%8E%9F%E8%B7%AF149%E8%99%9F&hl=zh-TW#sv=CAESzQEKuQEStgEKd0FKaVQ0dEtQMWFVQzkwMmVncW0tNlVEaDdZUUVaUkxXRy1VSmNtS3BIRTZZWkNHTHh4MEZOTkFlcnREVU1wZUpxblZKVTlwTnBIMEpDZGpCNDJyTVhPSGhmSHQ4RXh3V1J4b0NRR1M3X2FhNjNyUnBycEtGVUVJEhc3c2xnYXAyRU9JQzJ2cjBQaE5iVnNBbxoiQURzcjlmVGk2QS1QeHAybkJMcVc1VUJmSWlhcEl4TGZSURIEODEyNBoBMyoAMAA4AUAAGCogzZPbxAk6AEoCEAE","Playwright batch opened Google Order flow and read visible pickup/delivery providers."
"macu-tw-031","新莊富國店","北部","新北市","新莊區","新北市新莊區富國路72號","02-29029666","confirmed","confirmed","true","true","","Uber Eats","LINE、Uber Eats、食在麻吉 eathere","Uber Eats","https://www.google.com/search?q=%E9%BA%BB%E5%8F%A4%E8%8C%B6%E5%9D%8A%20%E6%96%B0%E8%8E%8A%E5%AF%8C%E5%9C%8B%E5%BA%97%20%E6%96%B0%E5%8C%97%E5%B8%82%E6%96%B0%E8%8E%8A%E5%8D%80%E5%AF%8C%E5%9C%8B%E8%B7%AF72%E8%99%9F&hl=zh-TW#sv=CAESzQEKuQEStgEKd0FKaVQ0dEo1WWxfQWFLazJTVTA3emlnbmdJOWtqQ0NvMmVjMWdnaHZDdC1MaTNJTUlhekJjSjU0WWM3REpRRmpZcHZGb1VudExQNF9JUVNiSzY1ZWdQMjloR1VER29tQU1jNlR6UmFDN08xMTZZUTV0YUc0VjRFEhdBY3BnYXFDVU9vck4xZThQMWNYWWlBaxoiQURzcjlmVF9xRWJON01RSnhxdlNBMDYzSWF6WjhGUnM4QRIEODEyNBoBMyoAMAA4AUAAGCogs-LD1Qs6AEoCEAE","https://www.google.com/search?q=%E9%BA%BB%E5%8F%A4%E8%8C%B6%E5%9D%8A%20%E6%96%B0%E8%8E%8A%E5%AF%8C%E5%9C%8B%E5%BA%97%20%E6%96%B0%E5%8C%97%E5%B8%82%E6%96%B0%E8%8E%8A%E5%8D%80%E5%AF%8C%E5%9C%8B%E8%B7%AF72%E8%99%9F&hl=zh-TW#sv=CAESzQEKuQEStgEKd0FKaVQ0dEo1WWxfQWFLazJTVTA3emlnbmdJOWtqQ0NvMmVjMWdnaHZDdC1MaTNJTUlhekJjSjU0WWM3REpRRmpZcHZGb1VudExQNF9JUVNiSzY1ZWdQMjloR1VER29tQU1jNlR6UmFDN08xMTZZUTV0YUc0VjRFEhdBY3BnYXFDVU9vck4xZThQMWNYWWlBaxoiQURzcjlmVF9xRWJON01RSnhxdlNBMDYzSWF6WjhGUnM4QRIEODEyNBoBMyoAMAA4AUAAGCogs-LD1Qs6AEoCEAE","Playwright batch opened Google Order flow and read visible pickup/delivery providers."
"macu-tw-020","板橋府中店","北部","新北市","板橋區","新北市板橋區館前東路1號","02-29566565","confirmed","no_gmb_order_button","true","false","","","LINE、食在麻吉 eathere","","https://www.google.com/search?q=%E9%BA%BB%E5%8F%A4%E8%8C%B6%E5%9D%8A%20%E6%9D%BF%E6%A9%8B%E5%BA%9C%E4%B8%AD%E5%BA%97%20%E6%96%B0%E5%8C%97%E5%B8%82%E6%9D%BF%E6%A9%8B%E5%8D%80%E9%A4%A8%E5%89%8D%E6%9D%B1%E8%B7%AF1%E8%99%9F&hl=zh-TW","","Named GMB profile matched, but no Google Order entry was opened."
"macu-tw-033","板橋新埔店","北部","新北市","板橋區","新北市板橋區文化路一段321號","02-22521880","confirmed","confirmed","true","true","","Uber Eats","LINE、Uber Eats、食在麻吉 eathere","Uber Eats","https://www.google.com/search?q=%E9%BA%BB%E5%8F%A4%E8%8C%B6%E5%9D%8A%20%E6%9D%BF%E6%A9%8B%E6%96%B0%E5%9F%94%E5%BA%97%20%E6%96%B0%E5%8C%97%E5%B8%82%E6%9D%BF%E6%A9%8B%E5%8D%80%E6%96%87%E5%8C%96%E8%B7%AF%E4%B8%80%E6%AE%B5321%E8%99%9F&hl=zh-TW#sv=CAESzQEKuQEStgEKd0FKaVQ0dExJUTJMX0hEcDVIYnVmOXdzem9uU05iQW5JQ3JrMXlfb3VGQ0F4SHJUeklCVGVmaURIckNHTXB1Q1ZtdlpBVFBXblhlblU5MjNwMGNYRXJHd2JFbmJHXzJfMmxiMzcxeUlLeXpsRVZSR25XYnlXNWZvEhdLc3BnYXBtRExZZnExZThQNmMycnNBcxoiQURzcjlmVEFxLUpuZG9fMmNXQjhfWVVUaTBIcXZMNGRlQRIEODEyNBoBMyoAMAA4AUAAGCoguqiCywo6AEoCEAE","https://www.google.com/search?q=%E9%BA%BB%E5%8F%A4%E8%8C%B6%E5%9D%8A%20%E6%9D%BF%E6%A9%8B%E6%96%B0%E5%9F%94%E5%BA%97%20%E6%96%B0%E5%8C%97%E5%B8%82%E6%9D%BF%E6%A9%8B%E5%8D%80%E6%96%87%E5%8C%96%E8%B7%AF%E4%B8%80%E6%AE%B5321%E8%99%9F&hl=zh-TW#sv=CAESzQEKuQEStgEKd0FKaVQ0dExJUTJMX0hEcDVIYnVmOXdzem9uU05iQW5JQ3JrMXlfb3VGQ0F4SHJUeklCVGVmaURIckNHTXB1Q1ZtdlpBVFBXblhlblU5MjNwMGNYRXJHd2JFbmJHXzJfMmxiMzcxeUlLeXpsRVZSR25XYnlXNWZvEhdLc3BnYXBtRExZZnExZThQNmMycnNBcxoiQURzcjlmVEFxLUpuZG9fMmNXQjhfWVVUaTBIcXZMNGRlQRIEODEyNBoBMyoAMAA4AUAAGCoguqiCywo6AEoCEAE","Playwright batch opened Google Order flow and read visible pickup/delivery providers."
"macu-tw-027","永和福和店","北部","新北市","永和區","新北市永和區福和路229之2號","02-29240178","confirmed","confirmed","true","true","","Uber Eats","LINE、Uber Eats、食在麻吉 eathere","Uber Eats","https://www.google.com/search?q=%E9%BA%BB%E5%8F%A4%E8%8C%B6%E5%9D%8A%20%E6%B0%B8%E5%92%8C%E7%A6%8F%E5%92%8C%E5%BA%97%20%E6%96%B0%E5%8C%97%E5%B8%82%E6%B0%B8%E5%92%8C%E5%8D%80%E7%A6%8F%E5%92%8C%E8%B7%AF229%E4%B9%8B2%E8%99%9F&hl=zh-TW#sv=CAESzQEKuQEStgEKd0FKaVQ0dExhalBpVndpTUh2d0hzbnNYNHozdFZuUUpKc1Vwb3Z0akNKM210dXpXUkd6WGp0U2hNZnIzTTZ3ODBUOElieklOOTNmbVNWYkRZMk15clRpYVVMdElfVG9RLWJ2QnNIaUwyQTBaYkpMd21PQ3JoeHFrEhdQY3BnYXZlekJmdW52cjBQa3NfWHdRSRoiQURzcjlmUlpCcG1abTRQMFAzb2EwdWk2S3pwbHo1RzdEdxIEODEyNBoBMyoAMAA4AUAAGCogpuag5wk6AEoCEAE","https://www.google.com/search?q=%E9%BA%BB%E5%8F%A4%E8%8C%B6%E5%9D%8A%20%E6%B0%B8%E5%92%8C%E7%A6%8F%E5%92%8C%E5%BA%97%20%E6%96%B0%E5%8C%97%E5%B8%82%E6%B0%B8%E5%92%8C%E5%8D%80%E7%A6%8F%E5%92%8C%E8%B7%AF229%E4%B9%8B2%E8%99%9F&hl=zh-TW#sv=CAESzQEKuQEStgEKd0FKaVQ0dExhalBpVndpTUh2d0hzbnNYNHozdFZuUUpKc1Vwb3Z0akNKM210dXpXUkd6WGp0U2hNZnIzTTZ3ODBUOElieklOOTNmbVNWYkRZMk15clRpYVVMdElfVG9RLWJ2QnNIaUwyQTBaYkpMd21PQ3JoeHFrEhdQY3BnYXZlekJmdW52cjBQa3NfWHdRSRoiQURzcjlmUlpCcG1abTRQMFAzb2EwdWk2S3pwbHo1RzdEdxIEODEyNBoBMyoAMAA4AUAAGCogpuag5wk6AEoCEAE","Playwright batch opened Google Order flow and read visible pickup/delivery providers."
"macu-tw-029","汐止建成店","北部","新北市","汐止區","新北市汐止區建成路72號1樓","02-26486611","confirmed","confirmed","true","true","","Uber Eats","LINE、Uber Eats、食在麻吉 eathere","Uber Eats","https://www.google.com/search?q=%E9%BA%BB%E5%8F%A4%E8%8C%B6%E5%9D%8A+%E6%B1%90%E6%AD%A2%E5%BB%BA%E6%88%90%E5%BA%97+%E6%96%B0%E5%8C%97%E5%B8%82%E6%B1%90%E6%AD%A2%E5%8D%80%E5%BB%BA%E6%88%90%E8%B7%AF72%E8%99%9F1%E6%A8%93&hl=zh-TW#sv=CAESzQEKuQEStgEKd0FKaVQ0dEtJaEZncGEzWm5CNzB1ZTZjVTV6cE9kcHAyd3dkc0xOTTBrQXdiLWRpVTJfc3dCWDJlcVRIZTZIcHFiaWNfQ3pOOHY2ZWF2Um1DWGs2S0h1aUpwRXJJTnlMQ3Y4dXlHM0cwaXdBSGNubWtNcFp4VHc0EhdpejloYXZxT0FzS3B2cjBQbU5tNjJRMBoiQURzcjlmUVBJOGlrNTF5ZVhfMnBhdERRYm5PVXZYdk0zZxIEODEyNBoBMyoAMAA4AUAAGCogl7S__gNKAhAB","https://www.google.com/search?q=%E9%BA%BB%E5%8F%A4%E8%8C%B6%E5%9D%8A+%E6%B1%90%E6%AD%A2%E5%BB%BA%E6%88%90%E5%BA%97+%E6%96%B0%E5%8C%97%E5%B8%82%E6%B1%90%E6%AD%A2%E5%8D%80%E5%BB%BA%E6%88%90%E8%B7%AF72%E8%99%9F1%E6%A8%93&hl=zh-TW#sv=CAESzQEKuQEStgEKd0FKaVQ0dEtJaEZncGEzWm5CNzB1ZTZjVTV6cE9kcHAyd3dkc0xOTTBrQXdiLWRpVTJfc3dCWDJlcVRIZTZIcHFiaWNfQ3pOOHY2ZWF2Um1DWGs2S0h1aUpwRXJJTnlMQ3Y4dXlHM0cwaXdBSGNubWtNcFp4VHc0EhdpejloYXZxT0FzS3B2cjBQbU5tNjJRMBoiQURzcjlmUVBJOGlrNTF5ZVhfMnBhdERRYm5PVXZYdk0zZxIEODEyNBoBMyoAMAA4AUAAGCognbXJ_wY6AEoCEAE","Playwright batch opened Google Order flow and read visible pickup/delivery providers."
"macu-tw-034","江翠松柏店","北部","新北市","板橋區","新北市板橋區松柏街37號","02-22500400","confirmed","confirmed","true","true","","Uber Eats","LINE、Uber Eats、食在麻吉 eathere","Uber Eats","https://www.google.com/search?q=%E9%BA%BB%E5%8F%A4%E8%8C%B6%E5%9D%8A%20%E6%B1%9F%E7%BF%A0%E6%9D%BE%E6%9F%8F%E5%BA%97%20%E6%96%B0%E5%8C%97%E5%B8%82%E6%9D%BF%E6%A9%8B%E5%8D%80%E6%9D%BE%E6%9F%8F%E8%A1%9737%E8%99%9F&hl=zh-TW#sv=CAESzQEKuQEStgEKd0FKaVQ0dExkV3VldjNUa25ZTG1XbmVETWVJdlZLWHdWVmlxVHc1V0lGZjZpQ1BqYjVrYTNUMzZ2NV9qUUtzM1hUeDBJM0ZXcV80VG1vMDliTDhDUGZNSXkyc01Ic1dRMzNZdWEzYWRNcU9sYW14WW1xVzNKOUFvEhdiY3BnYXYyNEd0bUZ2cjBQeWN1UXNBVRoiQURzcjlmUXJMSmp3TUVBRi1pZTl0cF9uZUp2clQ4Z2hpURIEODEyNBoBMyoAMAA4AUAAGCog7sncqQs6AEoCEAE","https://www.google.com/search?q=%E9%BA%BB%E5%8F%A4%E8%8C%B6%E5%9D%8A%20%E6%B1%9F%E7%BF%A0%E6%9D%BE%E6%9F%8F%E5%BA%97%20%E6%96%B0%E5%8C%97%E5%B8%82%E6%9D%BF%E6%A9%8B%E5%8D%80%E6%9D%BE%E6%9F%8F%E8%A1%9737%E8%99%9F&hl=zh-TW#sv=CAESzQEKuQEStgEKd0FKaVQ0dExkV3VldjNUa25ZTG1XbmVETWVJdlZLWHdWVmlxVHc1V0lGZjZpQ1BqYjVrYTNUMzZ2NV9qUUtzM1hUeDBJM0ZXcV80VG1vMDliTDhDUGZNSXkyc01Ic1dRMzNZdWEzYWRNcU9sYW14WW1xVzNKOUFvEhdiY3BnYXYyNEd0bUZ2cjBQeWN1UXNBVRoiQURzcjlmUXJMSmp3TUVBRi1pZTl0cF9uZUp2clQ4Z2hpURIEODEyNBoBMyoAMAA4AUAAGCog7sncqQs6AEoCEAE","Playwright batch opened Google Order flow and read visible pickup/delivery providers."
"macu-tw-018","鶯歌建國店","北部","新北市","鶯歌區","新北市鶯歌區建國路175號1樓","02-86776622","confirmed","confirmed","true","true","","Uber Eats","LINE、Uber Eats、食在麻吉 eathere","Uber Eats","https://www.google.com/search?q=%E9%BA%BB%E5%8F%A4%E8%8C%B6%E5%9D%8A+%E9%B6%AF%E6%AD%8C%E5%BB%BA%E5%9C%8B%E5%BA%97+%E6%96%B0%E5%8C%97%E5%B8%82%E9%B6%AF%E6%AD%8C%E5%8D%80%E5%BB%BA%E5%9C%8B%E8%B7%AF175%E8%99%9F1%E6%A8%93&hl=zh-TW#sv=CAESzQEKuQEStgEKd0FKaVQ0dEp5NEwwSjMzRl92YVN5MVVJeUFDTXVEeGJUS1J4ZnJaNmdoTDBFcXVfRHlqbnJzS1hrdnVBd3RWWGFVVVhTVVMwNEEwRDEzbDRjdkw1M19nU1ptc1NBWUJfdHJvaDh3Y1llN0RhcHpMRS10R05FeWg0EhdnTXBnYXJqVUx0YXJ2cjBQNnQtRC1BMBoiQURzcjlmVFo4QU5aajE4Wjd4U2h3MHlIa1NJcnFobGV1dxIEODEyNBoBMyoAMAA4AUAAGCog35G53Ac6AEoCEAE","https://www.google.com/search?q=%E9%BA%BB%E5%8F%A4%E8%8C%B6%E5%9D%8A+%E9%B6%AF%E6%AD%8C%E5%BB%BA%E5%9C%8B%E5%BA%97+%E6%96%B0%E5%8C%97%E5%B8%82%E9%B6%AF%E6%AD%8C%E5%8D%80%E5%BB%BA%E5%9C%8B%E8%B7%AF175%E8%99%9F1%E6%A8%93&hl=zh-TW#sv=CAESzQEKuQEStgEKd0FKaVQ0dEp5NEwwSjMzRl92YVN5MVVJeUFDTXVEeGJUS1J4ZnJaNmdoTDBFcXVfRHlqbnJzS1hrdnVBd3RWWGFVVVhTVVMwNEEwRDEzbDRjdkw1M19nU1ptc1NBWUJfdHJvaDh3Y1llN0RhcHpMRS10R05FeWg0EhdnTXBnYXJqVUx0YXJ2cjBQNnQtRC1BMBoiQURzcjlmVFo4QU5aajE4Wjd4U2h3MHlIa1NJcnFobGV1dxIEODEyNBoBMyoAMAA4AUAAGCog35G53Ac6AEoCEAE","Playwright batch opened Google Order flow and read visible pickup/delivery providers."
"macu-tw-053","新竹光復店","北部","新竹市","東區","新竹市東區光復路一段121號","03-577-8811","confirmed","confirmed","true","true","","Uber Eats","LINE、Uber Eats、食在麻吉 eathere","Uber Eats","https://www.google.com/search?q=%E9%BA%BB%E5%8F%A4%E8%8C%B6%E5%9D%8A%20%E6%96%B0%E7%AB%B9%E5%85%89%E5%BE%A9%E5%BA%97%20%E6%96%B0%E7%AB%B9%E5%B8%82%E6%9D%B1%E5%8D%80%E5%85%89%E5%BE%A9%E8%B7%AF%E4%B8%80%E6%AE%B5121%E8%99%9F&hl=zh-TW#sv=CAESzQEKuQEStgEKd0FKaVQ0dEtvLTdieVdIV1U3Q2JUMjNkODNnVEMyblNpTEk0U3ZSM2s0bkJRdkU2allmTzFHNEtVUlhhZ09jR29Bd2xtaTE1c3I2ZmZpaUlYa1lCanliQlpON3FMTkN2MVU2M0NUelVyYTBMWTU2NUxkN0VnUlU0EhdsTXBnYXBpZUlhZlUxZThQcHRyeDZRRRoiQURzcjlmUUJkbmFFLUlKRmNvUDRvRmFzaldGQTBpNHpsURIEODEyNBoBMyoAMAA4AUAAGCog0f2ztgY6AEoCEAE","https://www.google.com/search?q=%E9%BA%BB%E5%8F%A4%E8%8C%B6%E5%9D%8A%20%E6%96%B0%E7%AB%B9%E5%85%89%E5%BE%A9%E5%BA%97%20%E6%96%B0%E7%AB%B9%E5%B8%82%E6%9D%B1%E5%8D%80%E5%85%89%E5%BE%A9%E8%B7%AF%E4%B8%80%E6%AE%B5121%E8%99%9F&hl=zh-TW#sv=CAESzQEKuQEStgEKd0FKaVQ0dEtvLTdieVdIV1U3Q2JUMjNkODNnVEMyblNpTEk0U3ZSM2s0bkJRdkU2allmTzFHNEtVUlhhZ09jR29Bd2xtaTE1c3I2ZmZpaUlYa1lCanliQlpON3FMTkN2MVU2M0NUelVyYTBMWTU2NUxkN0VnUlU0EhdsTXBnYXBpZUlhZlUxZThQcHRyeDZRRRoiQURzcjlmUUJkbmFFLUlKRmNvUDRvRmFzaldGQTBpNHpsURIEODEyNBoBMyoAMAA4AUAAGCog0f2ztgY6AEoCEAE","Playwright batch opened Google Order flow and read visible pickup/delivery providers."
"macu-tw-054","新竹光華店","北部","新竹市","北區","新竹市北區光華街116號","03-5420688","confirmed","confirmed","true","true","","Uber Eats","LINE、Uber Eats、食在麻吉 eathere","Uber Eats","https://www.google.com/search?q=%E9%BA%BB%E5%8F%A4%E8%8C%B6%E5%9D%8A%20%E6%96%B0%E7%AB%B9%E5%85%89%E8%8F%AF%E5%BA%97%20%E6%96%B0%E7%AB%B9%E5%B8%82%E5%8C%97%E5%8D%80%E5%85%89%E8%8F%AF%E8%A1%97116%E8%99%9F&hl=zh-TW#sv=CAESzQEKuQEStgEKd0FKaVQ0dEw5MkRGZkZxcmFhRVNmbUdoczRsUXpxbXVfTXAxaTAxcENkUGRPWmtiajYzakE0d2F4X1REWVNaRXJZS3VvSmc4VDUwalF0VkRSN3REY01mOVZhZHlncnZmaDJKUHllcmZPeDdxcmhQVXdHNG5CS3dvEhdxTXBnYXBTTEVialUxZThQOFp1bnVBMBoiQURzcjlmUndOZlJYdWdBVXRmRlhzUTJ3UTZtc1o2MVpsZxIEODEyNBoBMyoAMAA4AUAAGCognKuppAY6AEoCEAE","https://www.google.com/search?q=%E9%BA%BB%E5%8F%A4%E8%8C%B6%E5%9D%8A%20%E6%96%B0%E7%AB%B9%E5%85%89%E8%8F%AF%E5%BA%97%20%E6%96%B0%E7%AB%B9%E5%B8%82%E5%8C%97%E5%8D%80%E5%85%89%E8%8F%AF%E8%A1%97116%E8%99%9F&hl=zh-TW#sv=CAESzQEKuQEStgEKd0FKaVQ0dEw5MkRGZkZxcmFhRVNmbUdoczRsUXpxbXVfTXAxaTAxcENkUGRPWmtiajYzakE0d2F4X1REWVNaRXJZS3VvSmc4VDUwalF0VkRSN3REY01mOVZhZHlncnZmaDJKUHllcmZPeDdxcmhQVXdHNG5CS3dvEhdxTXBnYXBTTEVialUxZThQOFp1bnVBMBoiQURzcjlmUndOZlJYdWdBVXRmRlhzUTJ3UTZtc1o2MVpsZxIEODEyNBoBMyoAMAA4AUAAGCognKuppAY6AEoCEAE","Playwright batch opened Google Order flow and read visible pickup/delivery providers."
"macu-tw-056","新竹四維店","北部","新竹市","北區","新竹市北區四維路136號","03-5220013","confirmed","confirmed","true","true","","Uber Eats","LINE、Uber Eats、食在麻吉 eathere","Uber Eats","https://www.google.com/search?q=%E9%BA%BB%E5%8F%A4%E8%8C%B6%E5%9D%8A%20%E6%96%B0%E7%AB%B9%E5%9B%9B%E7%B6%AD%E5%BA%97%20%E6%96%B0%E7%AB%B9%E5%B8%82%E5%8C%97%E5%8D%80%E5%9B%9B%E7%B6%AD%E8%B7%AF136%E8%99%9F&hl=zh-TW#sv=CAESzQEKuQEStgEKd0FKaVQ0dEw0ZVozWTY1WkRTc3dXeXZ0cy1VRC1zZ0I2QTI2ZnFERkw4RXJGOWZzMVRpdURSdmgwWUYtM2luTzZHcXE2bmVKZTRUXzNnSTljcVltQ0J4T1pDSXhiWVEtRFc1T0NJVFEyUl9fbVFQcWhMNC1BVVVVEhd1OHBnYXFpLUM5S1V2cjBQdDU2YW1BRRoiQURzcjlmUjZaMkhLY1pLWnpwa1lkcWl2YnY4MUhUWU1oQRIEODEyNBoBMyoAMAA4AUAAGCog4uXUmgg6AEoCEAE","https://www.google.com/search?q=%E9%BA%BB%E5%8F%A4%E8%8C%B6%E5%9D%8A%20%E6%96%B0%E7%AB%B9%E5%9B%9B%E7%B6%AD%E5%BA%97%20%E6%96%B0%E7%AB%B9%E5%B8%82%E5%8C%97%E5%8D%80%E5%9B%9B%E7%B6%AD%E8%B7%AF136%E8%99%9F&hl=zh-TW#sv=CAESzQEKuQEStgEKd0FKaVQ0dEw0ZVozWTY1WkRTc3dXeXZ0cy1VRC1zZ0I2QTI2ZnFERkw4RXJGOWZzMVRpdURSdmgwWUYtM2luTzZHcXE2bmVKZTRUXzNnSTljcVltQ0J4T1pDSXhiWVEtRFc1T0NJVFEyUl9fbVFQcWhMNC1BVVVVEhd1OHBnYXFpLUM5S1V2cjBQdDU2YW1BRRoiQURzcjlmUjZaMkhLY1pLWnpwa1lkcWl2YnY4MUhUWU1oQRIEODEyNBoBMyoAMAA4AUAAGCog4uXUmgg6AEoCEAE","Playwright batch opened Google Order flow and read visible pickup/delivery providers."
"macu-tw-057","新竹城隍店","北部","新竹市","北區","新竹市北區北門街28號","03-5230608","confirmed","confirmed","true","true","","Uber Eats","LINE、Uber Eats、食在麻吉 eathere","Uber Eats","https://www.google.com/search?q=%E9%BA%BB%E5%8F%A4%E8%8C%B6%E5%9D%8A%20%E6%96%B0%E7%AB%B9%E5%9F%8E%E9%9A%8D%E5%BA%97%20%E6%96%B0%E7%AB%B9%E5%B8%82%E5%8C%97%E5%8D%80%E5%8C%97%E9%96%80%E8%A1%9728%E8%99%9F&hl=zh-TW#sv=CAESzQEKuQEStgEKd0FKaVQ0dEpFU1dQc1JlbXlmQS1JMFhqY0c0MGE4eDA3RThHMnNLRVJWRkY0US1ySTV2VHVwVnNVY3hUeUdFOFlxdjVfbzcweUlwRm1OTzdzQk1HbkFDTUowdDh4TG5wbnZrTlpldEttUHp1S1NmLVdGWkVxMHY4Ehd6OHBnYXZqakVvWFQxZThQNnJIRWlRNBoiQURzcjlmVFRfQlJCMDZ5MThjTVR6TDFTaWFycDVNNzZMQRIEODEyNBoBMyoAMAA4AUAAGCogu7Xs2Ag6AEoCEAE","https://www.google.com/search?q=%E9%BA%BB%E5%8F%A4%E8%8C%B6%E5%9D%8A%20%E6%96%B0%E7%AB%B9%E5%9F%8E%E9%9A%8D%E5%BA%97%20%E6%96%B0%E7%AB%B9%E5%B8%82%E5%8C%97%E5%8D%80%E5%8C%97%E9%96%80%E8%A1%9728%E8%99%9F&hl=zh-TW#sv=CAESzQEKuQEStgEKd0FKaVQ0dEpFU1dQc1JlbXlmQS1JMFhqY0c0MGE4eDA3RThHMnNLRVJWRkY0US1ySTV2VHVwVnNVY3hUeUdFOFlxdjVfbzcweUlwRm1OTzdzQk1HbkFDTUowdDh4TG5wbnZrTlpldEttUHp1S1NmLVdGWkVxMHY4Ehd6OHBnYXZqakVvWFQxZThQNnJIRWlRNBoiQURzcjlmVFRfQlJCMDZ5MThjTVR6TDFTaWFycDVNNzZMQRIEODEyNBoBMyoAMAA4AUAAGCogu7Xs2Ag6AEoCEAE","Playwright batch opened Google Order flow and read visible pickup/delivery providers."
"macu-tw-058","新竹清大店","北部","新竹市","東區","新竹市東區建新路9號1樓","03-5750911","confirmed","confirmed","true","true","","Uber Eats","LINE、Uber Eats、食在麻吉 eathere","Uber Eats","https://www.google.com/search?q=%E9%BA%BB%E5%8F%A4%E8%8C%B6%E5%9D%8A+%E6%96%B0%E7%AB%B9%E6%B8%85%E5%A4%A7%E5%BA%97+%E6%96%B0%E7%AB%B9%E5%B8%82%E6%9D%B1%E5%8D%80%E5%BB%BA%E6%96%B0%E8%B7%AF9%E8%99%9F1%E6%A8%93&hl=zh-TW#sv=CAESzQEKuQEStgEKd0FKaVQ0dEoxQTRLamVHMGNHcEtHSUxiWm5nWHVxRndzeXJwWUJnU3dzUlpzanVPNjE3YmtxTGNaT1hDQ1kwS0RtakhDOG1jVEZYYjNid0hUb0g0TlJPMDNVRTZPdDJEMVlJZzk0MXBzT0s5WWJBTll4RENiSnU4Ehc0Y3BnYXFuckE1ZmExZThQaHNmdjJBRRoiQURzcjlmUUJhb3otVjdRbDFYVmtRS0h0cVdJZnlHbWYzdxIEODEyNBoBMyoAMAA4AUAAGCog_e-FlwE6AEoCEAE","https://www.google.com/search?q=%E9%BA%BB%E5%8F%A4%E8%8C%B6%E5%9D%8A+%E6%96%B0%E7%AB%B9%E6%B8%85%E5%A4%A7%E5%BA%97+%E6%96%B0%E7%AB%B9%E5%B8%82%E6%9D%B1%E5%8D%80%E5%BB%BA%E6%96%B0%E8%B7%AF9%E8%99%9F1%E6%A8%93&hl=zh-TW#sv=CAESzQEKuQEStgEKd0FKaVQ0dEoxQTRLamVHMGNHcEtHSUxiWm5nWHVxRndzeXJwWUJnU3dzUlpzanVPNjE3YmtxTGNaT1hDQ1kwS0RtakhDOG1jVEZYYjNid0hUb0g0TlJPMDNVRTZPdDJEMVlJZzk0MXBzT0s5WWJBTll4RENiSnU4Ehc0Y3BnYXFuckE1ZmExZThQaHNmdjJBRRoiQURzcjlmUUJhb3otVjdRbDFYVmtRS0h0cVdJZnlHbWYzdxIEODEyNBoBMyoAMAA4AUAAGCog_e-FlwE6AEoCEAE","Playwright batch opened Google Order flow and read visible pickup/delivery providers."
"macu-tw-055","新竹食品店","北部","新竹市","東區","新竹市東區食品路130號","03-6663320","confirmed","no_gmb_order_button","true","false","","","LINE、食在麻吉 eathere","","https://www.google.com/search?q=%E9%BA%BB%E5%8F%A4%E8%8C%B6%E5%9D%8A%20%E6%96%B0%E7%AB%B9%E9%A3%9F%E5%93%81%E5%BA%97%20%E6%96%B0%E7%AB%B9%E5%B8%82%E6%9D%B1%E5%8D%80%E9%A3%9F%E5%93%81%E8%B7%AF130%E8%99%9F&hl=zh-TW","","Named GMB profile matched, but no Google Order entry was opened."
"macu-tw-063","新竹湖口仁和店","北部","新竹縣","湖口鄉","新竹縣湖口鄉仁和路84號","03-5973392","confirmed","confirmed","true","true","","Uber Eats","LINE、Uber Eats、食在麻吉 eathere","Uber Eats","https://www.google.com/search?q=%E9%BA%BB%E5%8F%A4%E8%8C%B6%E5%9D%8A%20%E6%96%B0%E7%AB%B9%E6%B9%96%E5%8F%A3%E4%BB%81%E5%92%8C%E5%BA%97%20%E6%96%B0%E7%AB%B9%E7%B8%A3%E6%B9%96%E5%8F%A3%E9%84%89%E4%BB%81%E5%92%8C%E8%B7%AF84%E8%99%9F&hl=zh-TW#sv=CAESzQEKuQEStgEKd0FKaVQ0dExoQWhObm01MWxFRGdZS09OdWRYbkdVSWVubDM5Q3dZbVVnaDV0dDd6a2JETUV6SzVyWmNRTVg5WXA0Q1hxTDdzelQ1QmJfbHRsbUlqNjJBcnh5TjdCZWtrWFlqNEV1cklKSkJwWEZRLW8tUDZRT05jEhdCTXRnYXVybEJwanMxZThQM2Z6MTRBNBoiQURzcjlmU1dUU3M5ekFGRXoxZ0x6bVJqUER2d1FUZ09IZxIEODEyNBoBMyoAMAA4AUAAGCoguOeujAc6AEoCEAE","https://www.google.com/search?q=%E9%BA%BB%E5%8F%A4%E8%8C%B6%E5%9D%8A%20%E6%96%B0%E7%AB%B9%E6%B9%96%E5%8F%A3%E4%BB%81%E5%92%8C%E5%BA%97%20%E6%96%B0%E7%AB%B9%E7%B8%A3%E6%B9%96%E5%8F%A3%E9%84%89%E4%BB%81%E5%92%8C%E8%B7%AF84%E8%99%9F&hl=zh-TW#sv=CAESzQEKuQEStgEKd0FKaVQ0dExoQWhObm01MWxFRGdZS09OdWRYbkdVSWVubDM5Q3dZbVVnaDV0dDd6a2JETUV6SzVyWmNRTVg5WXA0Q1hxTDdzelQ1QmJfbHRsbUlqNjJBcnh5TjdCZWtrWFlqNEV1cklKSkJwWEZRLW8tUDZRT05jEhdCTXRnYXVybEJwanMxZThQM2Z6MTRBNBoiQURzcjlmU1dUU3M5ekFGRXoxZ0x6bVJqUER2d1FUZ09IZxIEODEyNBoBMyoAMAA4AUAAGCoguOeujAc6AEoCEAE","Playwright batch opened Google Order flow and read visible pickup/delivery providers."
"macu-tw-060","新竹湖口車站店","北部","新竹縣","湖口鄉","新竹縣湖口鄉中正路一段24號","03-5991268","confirmed","confirmed","true","true","","Uber Eats","LINE、Uber Eats、食在麻吉 eathere","Uber Eats","https://www.google.com/search?q=%E9%BA%BB%E5%8F%A4%E8%8C%B6%E5%9D%8A%20%E6%96%B0%E7%AB%B9%E6%B9%96%E5%8F%A3%E8%BB%8A%E7%AB%99%E5%BA%97%20%E6%96%B0%E7%AB%B9%E7%B8%A3%E6%B9%96%E5%8F%A3%E9%84%89%E4%B8%AD%E6%AD%A3%E8%B7%AF%E4%B8%80%E6%AE%B524%E8%99%9F&hl=zh-TW#sv=CAESzQEKuQEStgEKd0FKaVQ0dExISHRPTEM1aWt0TDlfSWt0TzZtX2puMEs0bThqbW9BLWNzLXJqTkRoY0x6RmJmbHFsb0x6WGFvaVRzMnA2MjJxOTh1MnRyRzE5dWNjRWtQVXJULWNnRVJXbHVBSHh5RjRDZEdOb1Fsb2RmdUVnWGpnEhdIY3RnYXBYa0U5am0xZThQbmRibTBRNBoiQURzcjlmUWZacW04ck05NkN6WWljaEp6ajlhZ21LcElmQRIEODEyNBoBMyoAMAA4AUAAGCog2s3B7AQ6AEoCEAE","https://www.google.com/search?q=%E9%BA%BB%E5%8F%A4%E8%8C%B6%E5%9D%8A%20%E6%96%B0%E7%AB%B9%E6%B9%96%E5%8F%A3%E8%BB%8A%E7%AB%99%E5%BA%97%20%E6%96%B0%E7%AB%B9%E7%B8%A3%E6%B9%96%E5%8F%A3%E9%84%89%E4%B8%AD%E6%AD%A3%E8%B7%AF%E4%B8%80%E6%AE%B524%E8%99%9F&hl=zh-TW#sv=CAESzQEKuQEStgEKd0FKaVQ0dExISHRPTEM1aWt0TDlfSWt0TzZtX2puMEs0bThqbW9BLWNzLXJqTkRoY0x6RmJmbHFsb0x6WGFvaVRzMnA2MjJxOTh1MnRyRzE5dWNjRWtQVXJULWNnRVJXbHVBSHh5RjRDZEdOb1Fsb2RmdUVnWGpnEhdIY3RnYXBYa0U5am0xZThQbmRibTBRNBoiQURzcjlmUWZacW04ck05NkN6WWljaEp6ajlhZ21LcElmQRIEODEyNBoBMyoAMAA4AUAAGCog2s3B7AQ6AEoCEAE","Playwright batch opened Google Order flow and read visible pickup/delivery providers."
"macu-tw-059","新豐建興店","北部","新竹縣","新豐鄉","新竹縣新豐鄉建興路一段87號","03-5572005","confirmed","confirmed","true","true","","Uber Eats","LINE、Uber Eats、食在麻吉 eathere","Uber Eats","https://www.google.com/search?q=%E9%BA%BB%E5%8F%A4%E8%8C%B6%E5%9D%8A+%E6%96%B0%E8%B1%90%E5%BB%BA%E8%88%88%E5%BA%97+%E6%96%B0%E7%AB%B9%E7%B8%A3%E6%96%B0%E8%B1%90%E9%84%89%E5%BB%BA%E8%88%88%E8%B7%AF%E4%B8%80%E6%AE%B587%E8%99%9F&hl=zh-TW#sv=CAESzQEKuQEStgEKd0FKaVQ0dEwydDRYeXROV3lhZmtfeFZZdWpmVzdxbHFHTW9vUmJNbmFsZGFod3lvMXFIRGZNUUF0SDNGX3JxamZQbXUwcjY3Qks5RFJqcER6RldndDh6M1hRV3dub29vM203LVFCOXZ5cjkxYkxKSlZINUR3RlJrEhdwTXhnYW9pS01ZajIxZThQdC1YSm1RcxoiQURzcjlmVDA0eVB3NmdRQl9fRndyb2NqMDB1THMtLXlKZxIEODEyNBoBMyoAMAA4AUAAGCog7p2xoQo6AEoCEAE","https://www.google.com/search?q=%E9%BA%BB%E5%8F%A4%E8%8C%B6%E5%9D%8A+%E6%96%B0%E8%B1%90%E5%BB%BA%E8%88%88%E5%BA%97+%E6%96%B0%E7%AB%B9%E7%B8%A3%E6%96%B0%E8%B1%90%E9%84%89%E5%BB%BA%E8%88%88%E8%B7%AF%E4%B8%80%E6%AE%B587%E8%99%9F&hl=zh-TW#sv=CAESzQEKuQEStgEKd0FKaVQ0dEwydDRYeXROV3lhZmtfeFZZdWpmVzdxbHFHTW9vUmJNbmFsZGFod3lvMXFIRGZNUUF0SDNGX3JxamZQbXUwcjY3Qks5RFJqcER6RldndDh6M1hRV3dub29vM203LVFCOXZ5cjkxYkxKSlZINUR3RlJrEhdwTXhnYW9pS01ZajIxZThQdC1YSm1RcxoiQURzcjlmVDA0eVB3NmdRQl9fRndyb2NqMDB1THMtLXlKZxIEODEyNBoBMyoAMAA4AUAAGCog7p2xoQo6AEoCEAE","Playwright batch opened Google Order flow and read visible pickup/delivery providers."
"macu-tw-061","竹北勝利店","北部","新竹縣","竹北市","新竹縣竹北市莊敬五街109號","03-6688802","confirmed","confirmed","true","true","","Uber Eats","LINE、Uber Eats、食在麻吉 eathere","Uber Eats","https://www.google.com/search?q=%E9%BA%BB%E5%8F%A4%E8%8C%B6%E5%9D%8A%20%E7%AB%B9%E5%8C%97%E5%8B%9D%E5%88%A9%E5%BA%97%20%E6%96%B0%E7%AB%B9%E7%B8%A3%E7%AB%B9%E5%8C%97%E5%B8%82%E8%8E%8A%E6%95%AC%E4%BA%94%E8%A1%97109%E8%99%9F&hl=zh-TW#sv=CAESzQEKuQEStgEKd0FKaVQ0dEx2WmpPYVdHeHJUblo2NmpNbktBQ0RrREdXR21FZnZieGxvWllwQkloazMtQ3Y1Tl9wNVd6Y0doaFJabUpnVjBsV3k4TXFjRnZfUm91dmc4N0FHOUtORWZuaEpNZlRqbnRYdGFvZGNYcnhNeldqem9NEhdsa0JoYXVpSUx1bjMxZThQOE5Xd3FBYxoiQURzcjlmUjExWmZxanBkZ18yS3ZScWxHcldITmx6cVc4URIEODEyNBoBMyoAMAA4AUAAGCogpsbyjQhKAhAB","https://www.google.com/search?q=%E9%BA%BB%E5%8F%A4%E8%8C%B6%E5%9D%8A%20%E7%AB%B9%E5%8C%97%E5%8B%9D%E5%88%A9%E5%BA%97%20%E6%96%B0%E7%AB%B9%E7%B8%A3%E7%AB%B9%E5%8C%97%E5%B8%82%E8%8E%8A%E6%95%AC%E4%BA%94%E8%A1%97109%E8%99%9F&hl=zh-TW#sv=CAESzQEKuQEStgEKd0FKaVQ0dEx2WmpPYVdHeHJUblo2NmpNbktBQ0RrREdXR21FZnZieGxvWllwQkloazMtQ3Y1Tl9wNVd6Y0doaFJabUpnVjBsV3k4TXFjRnZfUm91dmc4N0FHOUtORWZuaEpNZlRqbnRYdGFvZGNYcnhNeldqem9NEhdsa0JoYXVpSUx1bjMxZThQOE5Xd3FBYxoiQURzcjlmUjExWmZxanBkZ18yS3ZScWxHcldITmx6cVc4URIEODEyNBoBMyoAMAA4AUAAGCog7LfEzg46AEoCEAE","Playwright batch opened Google Order flow and read visible pickup/delivery providers."
"macu-tw-062","竹北博愛店","北部","新竹縣","竹北市","新竹縣竹北市博愛街279號","03-5557798","confirmed","confirmed","true","true","","Uber Eats","LINE、Uber Eats、食在麻吉 eathere","Uber Eats","https://www.google.com/search?q=%E9%BA%BB%E5%8F%A4%E8%8C%B6%E5%9D%8A%20%E7%AB%B9%E5%8C%97%E5%8D%9A%E6%84%9B%E5%BA%97%20%E6%96%B0%E7%AB%B9%E7%B8%A3%E7%AB%B9%E5%8C%97%E5%B8%82%E5%8D%9A%E6%84%9B%E8%A1%97279%E8%99%9F&hl=zh-TW&sei=MUFhatODE6_o1e8Py52xsQc#sv=CAESzQEKuQEStgEKd0FKaVQ0dEtxMEswckJhSkVFczF1MW9oOTBvUk0xeFhoSjJtRE9McThfM1JCYUJsUjRZaXVDVkVGMDdXSkp4M0E2cklSeklqVkdwSXBZbzlHVS1OY0VmM2lvd2tzMlBSbzZpVXFZYm53dnNSOUljWTh2d3BaVG1JEhcwTXhnYXZmU0VOV3l2cjBQdE1pRGlBMBoiQURzcjlmUmN2U0tLR3BPUVBrNnBreTROVFJwZEdWYnhIQRIEODEyNBoBMyoAMAA4AUAAGCogx6LOsg46AEoCEAE","https://www.google.com/search?q=%E9%BA%BB%E5%8F%A4%E8%8C%B6%E5%9D%8A%20%E7%AB%B9%E5%8C%97%E5%8D%9A%E6%84%9B%E5%BA%97%20%E6%96%B0%E7%AB%B9%E7%B8%A3%E7%AB%B9%E5%8C%97%E5%B8%82%E5%8D%9A%E6%84%9B%E8%A1%97279%E8%99%9F&hl=zh-TW&sei=MUFhatODE6_o1e8Py52xsQc#sv=CAESzQEKuQEStgEKd0FKaVQ0dEtxMEswckJhSkVFczF1MW9oOTBvUk0xeFhoSjJtRE9McThfM1JCYUJsUjRZaXVDVkVGMDdXSkp4M0E2cklSeklqVkdwSXBZbzlHVS1OY0VmM2lvd2tzMlBSbzZpVXFZYm53dnNSOUljWTh2d3BaVG1JEhcwTXhnYXZmU0VOV3l2cjBQdE1pRGlBMBoiQURzcjlmUmN2U0tLR3BPUVBrNnBreTROVFJwZEdWYnhIQRIEODEyNBoBMyoAMAA4AUAAGCogx6LOsg46AEoCEAE","Playwright batch opened Google Order flow and read visible pickup/delivery providers."
"macu-tw-045","中壢中原店","北部","桃園市","中壢區","桃園市中壢區中北路5號","03-4661339","confirmed","confirmed","true","true","","Uber Eats","LINE、Uber Eats、食在麻吉 eathere","Uber Eats","https://www.google.com/search?q=%E9%BA%BB%E5%8F%A4%E8%8C%B6%E5%9D%8A%20%E4%B8%AD%E5%A3%A2%E4%B8%AD%E5%8E%9F%E5%BA%97%20%E6%A1%83%E5%9C%92%E5%B8%82%E4%B8%AD%E5%A3%A2%E5%8D%80%E4%B8%AD%E5%8C%97%E8%B7%AF5%E8%99%9F&hl=zh-TW#sv=CAESzQEKuQEStgEKd0FKaVQ0dEpLaFRrc0pWUGt4cWZnUDhsV3NmcnlqQXl0WkhRMjVNMk5Tczlkd0xtV2YtazVGM0ZIUFhIZGRLYzl6X2JtSkt6cHZhXy0yMGgzMGR6V3RqRXkwTVFTamtHU3Fmekc1T1Q3TlN3alVBUGpxOEEwRURvEhc0OHhnYW9qOUc5bkYxZThQdVlMbGdBZxoiQURzcjlmVE4xOEVmSnpIbHFZQnQzYlNwQjJrYTVyZnlQdxIEODEyNBoBMyoAMAA4AUAAGCog1uCmvgM6AEoCEAE","https://www.google.com/search?q=%E9%BA%BB%E5%8F%A4%E8%8C%B6%E5%9D%8A%20%E4%B8%AD%E5%A3%A2%E4%B8%AD%E5%8E%9F%E5%BA%97%20%E6%A1%83%E5%9C%92%E5%B8%82%E4%B8%AD%E5%A3%A2%E5%8D%80%E4%B8%AD%E5%8C%97%E8%B7%AF5%E8%99%9F&hl=zh-TW#sv=CAESzQEKuQEStgEKd0FKaVQ0dEpLaFRrc0pWUGt4cWZnUDhsV3NmcnlqQXl0WkhRMjVNMk5Tczlkd0xtV2YtazVGM0ZIUFhIZGRLYzl6X2JtSkt6cHZhXy0yMGgzMGR6V3RqRXkwTVFTamtHU3Fmekc1T1Q3TlN3alVBUGpxOEEwRURvEhc0OHhnYW9qOUc5bkYxZThQdVlMbGdBZxoiQURzcjlmVE4xOEVmSnpIbHFZQnQzYlNwQjJrYTVyZnlQdxIEODEyNBoBMyoAMAA4AUAAGCog1uCmvgM6AEoCEAE","Playwright batch opened Google Order flow and read visible pickup/delivery providers."
"macu-tw-049","中壢新生店","北部","桃園市","中壢區","桃園市中壢區新生路105號","03-4276080","confirmed","confirmed","true","true","","Uber Eats","LINE、Uber Eats、食在麻吉 eathere","Uber Eats","https://www.google.com/search?q=%E9%BA%BB%E5%8F%A4%E8%8C%B6%E5%9D%8A%20%E4%B8%AD%E5%A3%A2%E6%96%B0%E7%94%9F%E5%BA%97%20%E6%A1%83%E5%9C%92%E5%B8%82%E4%B8%AD%E5%A3%A2%E5%8D%80%E6%96%B0%E7%94%9F%E8%B7%AF105%E8%99%9F&hl=zh-TW#sv=CAESzQEKuQEStgEKd0FKaVQ0dExLSWFtc2NJU3hUUXVCWjdQSkdZNE5Bb1I2ZW1qRFB6MTFnUlIzTmlkNnhaY3B3N3hnY0NmRzhkemFJdVFkTUNiNUxWUjZrVl95dFd0V0ViLXhUS0M4eXNZb1ZQSzUxNktFMGVjOGZ6ZEpUS2JkZUowEhctTXhnYXRfUEdaYVd2cjBQMFlTeWdBOBoiQURzcjlmVDFWakhzVVpjOW1teU8xOC1BZ1lOVzRyYndPURIEODEyNBoBMyoAMAA4AUAAGCog_uf4ygk6AEoCEAE","https://www.google.com/search?q=%E9%BA%BB%E5%8F%A4%E8%8C%B6%E5%9D%8A%20%E4%B8%AD%E5%A3%A2%E6%96%B0%E7%94%9F%E5%BA%97%20%E6%A1%83%E5%9C%92%E5%B8%82%E4%B8%AD%E5%A3%A2%E5%8D%80%E6%96%B0%E7%94%9F%E8%B7%AF105%E8%99%9F&hl=zh-TW#sv=CAESzQEKuQEStgEKd0FKaVQ0dExLSWFtc2NJU3hUUXVCWjdQSkdZNE5Bb1I2ZW1qRFB6MTFnUlIzTmlkNnhaY3B3N3hnY0NmRzhkemFJdVFkTUNiNUxWUjZrVl95dFd0V0ViLXhUS0M4eXNZb1ZQSzUxNktFMGVjOGZ6ZEpUS2JkZUowEhctTXhnYXRfUEdaYVd2cjBQMFlTeWdBOBoiQURzcjlmVDFWakhzVVpjOW1teU8xOC1BZ1lOVzRyYndPURIEODEyNBoBMyoAMAA4AUAAGCog_uf4ygk6AEoCEAE","Playwright batch opened Google Order flow and read visible pickup/delivery providers."
"macu-tw-042","大溪介壽店","北部","桃園市","大溪區","桃園市大溪區介壽路99號","03-3808689","confirmed","confirmed","true","true","","Uber Eats","LINE、Uber Eats、食在麻吉 eathere","Uber Eats","https://www.google.com/search?q=%E9%BA%BB%E5%8F%A4%E8%8C%B6%E5%9D%8A%20%E5%A4%A7%E6%BA%AA%E4%BB%8B%E5%A3%BD%E5%BA%97%20%E6%A1%83%E5%9C%92%E5%B8%82%E5%A4%A7%E6%BA%AA%E5%8D%80%E4%BB%8B%E5%A3%BD%E8%B7%AF99%E8%99%9F&hl=zh-TW#sv=CAESzQEKuQEStgEKd0FKaVQ0dEpCYVJJZ3M3UkpJVEszQWJOQVVXb1kzdXp1eEl6MWxGQy01MFFsQTl1bzJZcjJaZHVnQlhZWloxUWlTUFpJcHpjSTlvTmcyS0tEOWFiaGNZX2V2d3pHZjNkTWZ5ODZTemotaVpyTVRPc2ZUaGdLdjVREhdFYzFnYXB5NktOcV92cjBQNjVHVmlBNBoiQURzcjlmVFE3cHZOOTFDOWVTTXh6bWJSdjhMZ2lhTHhGZxIEODEyNBoBMyoAMAA4AUAAGCoggMS88Qk6AEoCEAE","https://www.google.com/search?q=%E9%BA%BB%E5%8F%A4%E8%8C%B6%E5%9D%8A%20%E5%A4%A7%E6%BA%AA%E4%BB%8B%E5%A3%BD%E5%BA%97%20%E6%A1%83%E5%9C%92%E5%B8%82%E5%A4%A7%E6%BA%AA%E5%8D%80%E4%BB%8B%E5%A3%BD%E8%B7%AF99%E8%99%9F&hl=zh-TW#sv=CAESzQEKuQEStgEKd0FKaVQ0dEpCYVJJZ3M3UkpJVEszQWJOQVVXb1kzdXp1eEl6MWxGQy01MFFsQTl1bzJZcjJaZHVnQlhZWloxUWlTUFpJcHpjSTlvTmcyS0tEOWFiaGNZX2V2d3pHZjNkTWZ5ODZTemotaVpyTVRPc2ZUaGdLdjVREhdFYzFnYXB5NktOcV92cjBQNjVHVmlBNBoiQURzcjlmVFE3cHZOOTFDOWVTTXh6bWJSdjhMZ2lhTHhGZxIEODEyNBoBMyoAMAA4AUAAGCoggMS88Qk6AEoCEAE","Playwright batch opened Google Order flow and read visible pickup/delivery providers."
"macu-tw-039","平鎮南豐店","北部","桃園市","平鎮區","桃園市平鎮區南豐路45號","03-4695568","confirmed","confirmed","true","true","","Uber Eats","LINE、Uber Eats、食在麻吉 eathere","Uber Eats","https://www.google.com/search?q=%E9%BA%BB%E5%8F%A4%E8%8C%B6%E5%9D%8A%20%E5%B9%B3%E9%8E%AE%E5%8D%97%E8%B1%90%E5%BA%97%20%E6%A1%83%E5%9C%92%E5%B8%82%E5%B9%B3%E9%8E%AE%E5%8D%80%E5%8D%97%E8%B1%90%E8%B7%AF45%E8%99%9F&hl=zh-TW#sv=CAESzQEKuQEStgEKd0FKaVQ0dEttZHg1SmtrTndrRWx4UzlSZmhqcDJHX19hWUp4NG00Y2lpLXNvc1YzUTJPX2E1N3lsUklWdGtxNF9HN0xjRFJHajRsZm1mZnhJeTBRQ2tOV3NoM1Y5Q0tIUE9qTWtPNlZOeEphUW1PQl9DRmJZMVBrEhdKTTFnYW9PM0NKNzkxZThQX0p5VWtRRRoiQURzcjlmVERENm5aOE9zRXpKY1JuaUZwd3RDOS1jUy1hURIEODEyNBoBMyoAMAA4AUAAGCog_JK11w86AEoCEAE","https://www.google.com/search?q=%E9%BA%BB%E5%8F%A4%E8%8C%B6%E5%9D%8A%20%E5%B9%B3%E9%8E%AE%E5%8D%97%E8%B1%90%E5%BA%97%20%E6%A1%83%E5%9C%92%E5%B8%82%E5%B9%B3%E9%8E%AE%E5%8D%80%E5%8D%97%E8%B1%90%E8%B7%AF45%E8%99%9F&hl=zh-TW#sv=CAESzQEKuQEStgEKd0FKaVQ0dEttZHg1SmtrTndrRWx4UzlSZmhqcDJHX19hWUp4NG00Y2lpLXNvc1YzUTJPX2E1N3lsUklWdGtxNF9HN0xjRFJHajRsZm1mZnhJeTBRQ2tOV3NoM1Y5Q0tIUE9qTWtPNlZOeEphUW1PQl9DRmJZMVBrEhdKTTFnYW9PM0NKNzkxZThQX0p5VWtRRRoiQURzcjlmVERENm5aOE9zRXpKY1JuaUZwd3RDOS1jUy1hURIEODEyNBoBMyoAMAA4AUAAGCog_JK11w86AEoCEAE","Playwright batch opened Google Order flow and read visible pickup/delivery providers."
"macu-tw-038","林口長庚店","北部","桃園市","龜山區","桃園市龜山區復興北路36號","03-3275009","confirmed","confirmed","true","true","","Uber Eats","LINE、Uber Eats、食在麻吉 eathere","Uber Eats","https://www.google.com/search?q=%E9%BA%BB%E5%8F%A4%E8%8C%B6%E5%9D%8A+%E6%9E%97%E5%8F%A3%E9%95%B7%E5%BA%9A%E5%BA%97+%E6%A1%83%E5%9C%92%E5%B8%82%E9%BE%9C%E5%B1%B1%E5%8D%80%E5%BE%A9%E8%88%88%E5%8C%97%E8%B7%AF36%E8%99%9F&hl=zh-TW#sv=CAESzQEKuQEStgEKd0FKaVQ0dEw1ZWFNa05QQk5ObUgzSk1kVlJKcWJwVUNjcVEwT0doOE4xeXhGUTNpOTBtS0YtUXp4MTU0Ujh6YmdTZEc2d3hwV2hrWjUwVjlIX2U5dU9zUl85aFpNb3ExVVRBUjVvZ1M2OWZkRUdDVjB5TTVqZzJBEhdOczFnYXRIeURmWGkxZThQMmFYQmdRaxoiQURzcjlmUUFBUmpCeXVHbEhSMm5tT3dhZm1CR1VBODJEZxIEODEyNBoBMyoAMAA4AUAAGCoglJyNvQE6AEoCEAE","https://www.google.com/search?q=%E9%BA%BB%E5%8F%A4%E8%8C%B6%E5%9D%8A+%E6%9E%97%E5%8F%A3%E9%95%B7%E5%BA%9A%E5%BA%97+%E6%A1%83%E5%9C%92%E5%B8%82%E9%BE%9C%E5%B1%B1%E5%8D%80%E5%BE%A9%E8%88%88%E5%8C%97%E8%B7%AF36%E8%99%9F&hl=zh-TW#sv=CAESzQEKuQEStgEKd0FKaVQ0dEw1ZWFNa05QQk5ObUgzSk1kVlJKcWJwVUNjcVEwT0doOE4xeXhGUTNpOTBtS0YtUXp4MTU0Ujh6YmdTZEc2d3hwV2hrWjUwVjlIX2U5dU9zUl85aFpNb3ExVVRBUjVvZ1M2OWZkRUdDVjB5TTVqZzJBEhdOczFnYXRIeURmWGkxZThQMmFYQmdRaxoiQURzcjlmUUFBUmpCeXVHbEhSMm5tT3dhZm1CR1VBODJEZxIEODEyNBoBMyoAMAA4AUAAGCoglJyNvQE6AEoCEAE","Playwright batch opened Google Order flow and read visible pickup/delivery providers."
"macu-tw-052","桃園中壢民族店","北部","桃園市","中壢區","桃園市中壢區民族路28號","03-4010599","confirmed","confirmed","true","true","","Uber Eats","LINE、Uber Eats、食在麻吉 eathere","Uber Eats","https://www.google.com/search?q=%E9%BA%BB%E5%8F%A4%E8%8C%B6%E5%9D%8A%20%E6%A1%83%E5%9C%92%E4%B8%AD%E5%A3%A2%E6%B0%91%E6%97%8F%E5%BA%97%20%E6%A1%83%E5%9C%92%E5%B8%82%E4%B8%AD%E5%A3%A2%E5%8D%80%E6%B0%91%E6%97%8F%E8%B7%AF28%E8%99%9F&hl=zh-TW#sv=CAESzQEKuQEStgEKd0FKaVQ0dEtZNHlnaWJ1Z2s2YjdqeUpvMVV5NUhUU3BCZjBLWWNZQTkwc01PRXRhZDJiUGVQejJrMmVhaTdscjZTTXBNRTF1OFVJY3hGZTg3M21RSG9vNjMzNU5KU05vMW9mamNnMm9IVktzQlZIbWxieldIYmdjEhdSODFnYXRUSEhPSFIxZThQaXQzNjhBOBoiQURzcjlmUlFZWUs3TkJjVndyZ19PNFdWYmRlSGo2eVNWZxIEODEyNBoBMyoAMAA4AUAAGCogw8z2sgc6AEoCEAE","https://www.google.com/search?q=%E9%BA%BB%E5%8F%A4%E8%8C%B6%E5%9D%8A%20%E6%A1%83%E5%9C%92%E4%B8%AD%E5%A3%A2%E6%B0%91%E6%97%8F%E5%BA%97%20%E6%A1%83%E5%9C%92%E5%B8%82%E4%B8%AD%E5%A3%A2%E5%8D%80%E6%B0%91%E6%97%8F%E8%B7%AF28%E8%99%9F&hl=zh-TW#sv=CAESzQEKuQEStgEKd0FKaVQ0dEtZNHlnaWJ1Z2s2YjdqeUpvMVV5NUhUU3BCZjBLWWNZQTkwc01PRXRhZDJiUGVQejJrMmVhaTdscjZTTXBNRTF1OFVJY3hGZTg3M21RSG9vNjMzNU5KU05vMW9mamNnMm9IVktzQlZIbWxieldIYmdjEhdSODFnYXRUSEhPSFIxZThQaXQzNjhBOBoiQURzcjlmUlFZWUs3TkJjVndyZ19PNFdWYmRlSGo2eVNWZxIEODEyNBoBMyoAMAA4AUAAGCogw8z2sgc6AEoCEAE","Playwright batch opened Google Order flow and read visible pickup/delivery providers."
"macu-tw-044","桃園中正店","北部","桃園市","桃園區","桃園市桃園區中正路485號","03-3316111","confirmed","confirmed","true","true","","Uber Eats","LINE、Uber Eats、食在麻吉 eathere","Uber Eats","https://www.google.com/search?q=%E9%BA%BB%E5%8F%A4%E8%8C%B6%E5%9D%8A%20%E6%A1%83%E5%9C%92%E4%B8%AD%E6%AD%A3%E5%BA%97%20%E6%A1%83%E5%9C%92%E5%B8%82%E6%A1%83%E5%9C%92%E5%8D%80%E4%B8%AD%E6%AD%A3%E8%B7%AF485%E8%99%9F&hl=zh-TW#sv=CAESzQEKuQEStgEKd0FKaVQ0dEk2aUJQYTc2NWRoSjZVX05RRW5TMGVrNVBqd2FObHFNNHdnM1dhaWhOdkVleVV3WE45TmVoMTlZR1ZWbTZZQXh2VXlyQ09wNkFTejFVUlNINUJJamNBVWgxN0FLTUFCMHFXbnRJV3FKRGFkN2hFRlBVEhdYYzFnYXZtWkZaT3B2cjBQM0pyZ2lBNBoiQURzcjlmVFdpTlhXZGVUcUMtR3VEQ25XOXVqTmNpRjEwdxIEODEyNBoBMyoAMAA4AUAAGCoghdbvwAg6AEoCEAE","https://www.google.com/search?q=%E9%BA%BB%E5%8F%A4%E8%8C%B6%E5%9D%8A%20%E6%A1%83%E5%9C%92%E4%B8%AD%E6%AD%A3%E5%BA%97%20%E6%A1%83%E5%9C%92%E5%B8%82%E6%A1%83%E5%9C%92%E5%8D%80%E4%B8%AD%E6%AD%A3%E8%B7%AF485%E8%99%9F&hl=zh-TW#sv=CAESzQEKuQEStgEKd0FKaVQ0dEk2aUJQYTc2NWRoSjZVX05RRW5TMGVrNVBqd2FObHFNNHdnM1dhaWhOdkVleVV3WE45TmVoMTlZR1ZWbTZZQXh2VXlyQ09wNkFTejFVUlNINUJJamNBVWgxN0FLTUFCMHFXbnRJV3FKRGFkN2hFRlBVEhdYYzFnYXZtWkZaT3B2cjBQM0pyZ2lBNBoiQURzcjlmVFdpTlhXZGVUcUMtR3VEQ25XOXVqTmNpRjEwdxIEODEyNBoBMyoAMAA4AUAAGCoghdbvwAg6AEoCEAE","Playwright batch opened Google Order flow and read visible pickup/delivery providers."
"macu-tw-051","桃園內壢店","北部","桃園市","中壢區","320桃園市中壢區文化路354號","03-4550238","confirmed","confirmed","true","true","","Uber Eats","LINE、Uber Eats、食在麻吉 eathere","Uber Eats","https://www.google.com/search?q=%E9%BA%BB%E5%8F%A4%E8%8C%B6%E5%9D%8A%20%E6%A1%83%E5%9C%92%E5%85%A7%E5%A3%A2%E5%BA%97%20%E6%A1%83%E5%9C%92%E5%B8%82%E4%B8%AD%E5%A3%A2%E5%8D%80%E6%96%87%E5%8C%96%E8%B7%AF354%E8%99%9F&hl=zh-TW#sv=CAESzQEKuQEStgEKd0FKaVQ0dEsxMGRhTE92ZjNJRDRHTkMzeWZSa2U2U0VESTRySkdINDRoQV9zQzYwSGVYM01jTHY2YlBQVDFWbXI5TFU2SXR3eHFRUGRoclBUdjI2czU5UGxEVUZZXzNGb21Jb3dDNkw4TDdleWlhaXBPaW9wd3pnEhdjTTFnYXV6OExmTzl2cjBQbnV2VHNRZxoiQURzcjlmUlJOQnhhaFZyOC1yRWhXTzJycjlJQ1pfSDdHdxIEODEyNBoBMyoAMAA4AUAAGCogtc29iAs6AEoCEAE","https://www.google.com/search?q=%E9%BA%BB%E5%8F%A4%E8%8C%B6%E5%9D%8A%20%E6%A1%83%E5%9C%92%E5%85%A7%E5%A3%A2%E5%BA%97%20%E6%A1%83%E5%9C%92%E5%B8%82%E4%B8%AD%E5%A3%A2%E5%8D%80%E6%96%87%E5%8C%96%E8%B7%AF354%E8%99%9F&hl=zh-TW#sv=CAESzQEKuQEStgEKd0FKaVQ0dEsxMGRhTE92ZjNJRDRHTkMzeWZSa2U2U0VESTRySkdINDRoQV9zQzYwSGVYM01jTHY2YlBQVDFWbXI5TFU2SXR3eHFRUGRoclBUdjI2czU5UGxEVUZZXzNGb21Jb3dDNkw4TDdleWlhaXBPaW9wd3pnEhdjTTFnYXV6OExmTzl2cjBQbnV2VHNRZxoiQURzcjlmUlJOQnhhaFZyOC1yRWhXTzJycjlJQ1pfSDdHdxIEODEyNBoBMyoAMAA4AUAAGCogtc29iAs6AEoCEAE","Playwright batch opened Google Order flow and read visible pickup/delivery providers."
"macu-tw-043","桃園南崁店","北部","桃園市","蘆竹區","桃園市蘆竹區南崁路199號","03-311-3877","confirmed","confirmed","true","true","","Uber Eats","LINE、Uber Eats、食在麻吉 eathere","Uber Eats","https://www.google.com/search?q=%E9%BA%BB%E5%8F%A4%E8%8C%B6%E5%9D%8A+%E6%A1%83%E5%9C%92%E5%8D%97%E5%B4%81%E5%BA%97+%E6%A1%83%E5%9C%92%E5%B8%82%E8%98%86%E7%AB%B9%E5%8D%80%E5%8D%97%E5%B4%81%E8%B7%AF199%E8%99%9F&hl=zh-TW#sv=CAESzQEKuQEStgEKd0FKaVQ0dExrdDVrOWp4RVRWdUNXSlk0Ymk3MGtZRXZ2dzNwNmYwZWRaRzZmaUVhZVlxRmg3aGItVU1wTUlrQ29abE41SnFEUGh4QnZoLWQxbzdhNGNfcWJNa0RRTHQtaXoySDZKeS1pOWJsV3BpdEdJcVlmMTdrEhdoYzFnYXV5V0d0NkExZThQX1pDSjhRNBoiQURzcjlmUUtFeHhiYmVBRFlxQ1JwenlTcUVHVjFtczc3URIEODEyNBoBMyoAMAA4AUAAGCogtr3YgwY6AEoCEAE","https://www.google.com/search?q=%E9%BA%BB%E5%8F%A4%E8%8C%B6%E5%9D%8A+%E6%A1%83%E5%9C%92%E5%8D%97%E5%B4%81%E5%BA%97+%E6%A1%83%E5%9C%92%E5%B8%82%E8%98%86%E7%AB%B9%E5%8D%80%E5%8D%97%E5%B4%81%E8%B7%AF199%E8%99%9F&hl=zh-TW#sv=CAESzQEKuQEStgEKd0FKaVQ0dExrdDVrOWp4RVRWdUNXSlk0Ymk3MGtZRXZ2dzNwNmYwZWRaRzZmaUVhZVlxRmg3aGItVU1wTUlrQ29abE41SnFEUGh4QnZoLWQxbzdhNGNfcWJNa0RRTHQtaXoySDZKeS1pOWJsV3BpdEdJcVlmMTdrEhdoYzFnYXV5V0d0NkExZThQX1pDSjhRNBoiQURzcjlmUUtFeHhiYmVBRFlxQ1JwenlTcUVHVjFtczc3URIEODEyNBoBMyoAMAA4AUAAGCogtr3YgwY6AEoCEAE","Playwright batch opened Google Order flow and read visible pickup/delivery providers."
"macu-tw-050","桃園南平店","北部","桃園市","桃園區","桃園市桃園區南平路264號","03-3258428","confirmed","confirmed","true","true","","Uber Eats","LINE、Uber Eats、食在麻吉 eathere","Uber Eats","https://www.google.com/search?q=%E9%BA%BB%E5%8F%A4%E8%8C%B6%E5%9D%8A%20%E6%A1%83%E5%9C%92%E5%8D%97%E5%B9%B3%E5%BA%97%20%E6%A1%83%E5%9C%92%E5%B8%82%E6%A1%83%E5%9C%92%E5%8D%80%E5%8D%97%E5%B9%B3%E8%B7%AF264%E8%99%9F&hl=zh-TW#sv=CAESzQEKuQEStgEKd0FKaVQ0dEs0alVjcExwSDYyb3VLY1RhbnA2ZGNEbDc4U0VlTUVHcWtjNmRpOElZUzF3dmp2S3JBcHFYejA5RHRpNXhMMTlMdlptc1Zvb01vVXdTbWUxT1ctOGxRREJpYl95OEdLNGNYd0tVM2pjVWlleWs2WEFREhdtczFnYXF1YkNOemgxZThQcDV6Wm9BYxoiQURzcjlmVEFOYmFSVlhlQXVuc1pPY28tOS1vdXhBUVVxURIEODEyNBoBMyoAMAA4AUAAGCogl4HB_A46AEoCEAE","https://www.google.com/search?q=%E9%BA%BB%E5%8F%A4%E8%8C%B6%E5%9D%8A%20%E6%A1%83%E5%9C%92%E5%8D%97%E5%B9%B3%E5%BA%97%20%E6%A1%83%E5%9C%92%E5%B8%82%E6%A1%83%E5%9C%92%E5%8D%80%E5%8D%97%E5%B9%B3%E8%B7%AF264%E8%99%9F&hl=zh-TW#sv=CAESzQEKuQEStgEKd0FKaVQ0dEs0alVjcExwSDYyb3VLY1RhbnA2ZGNEbDc4U0VlTUVHcWtjNmRpOElZUzF3dmp2S3JBcHFYejA5RHRpNXhMMTlMdlptc1Zvb01vVXdTbWUxT1ctOGxRREJpYl95OEdLNGNYd0tVM2pjVWlleWs2WEFREhdtczFnYXF1YkNOemgxZThQcDV6Wm9BYxoiQURzcjlmVEFOYmFSVlhlQXVuc1pPY28tOS1vdXhBUVVxURIEODEyNBoBMyoAMAA4AUAAGCogl4HB_A46AEoCEAE","Playwright batch opened Google Order flow and read visible pickup/delivery providers."
"macu-tw-048","桃園桃鶯店","北部","桃園市","桃園區","桃園市桃園區桃鶯路307號","03-377-7122","confirmed","confirmed","true","true","","Uber Eats","LINE、Uber Eats、食在麻吉 eathere","Uber Eats","https://www.google.com/search?q=%E9%BA%BB%E5%8F%A4%E8%8C%B6%E5%9D%8A+%E6%A1%83%E5%9C%92%E6%A1%83%E9%B6%AF%E5%BA%97+%E6%A1%83%E5%9C%92%E5%B8%82%E6%A1%83%E5%9C%92%E5%8D%80%E6%A1%83%E9%B6%AF%E8%B7%AF307%E8%99%9F&hl=zh-TW#sv=CAESzQEKuQEStgEKd0FKaVQ0dEpUcm1Uay12a2ZGZDMxaUVkLXdNM2lXbXZpZ3VuYlIwdVoxRThSTVQ2dm5ETklDbXgwYUx4MHZ3cGRUOXFWY2FQUUZ0VjJqVkRrcG1KQUlkX01yVEhaZ2ZzU0pHWGV2TFo5RTlmWVUwWlN0UU04cXZZEhdyTTFnYXZEaUpmT292cjBQdW92WmdBMBoiQURzcjlmU1dfWk1Db1Rsa3J1TjloQWdMS1ZZVmRjaVUxZxIEODEyNBoBMyoAMAA4AUAAGCog5cT64Q46AEoCEAE","https://www.google.com/search?q=%E9%BA%BB%E5%8F%A4%E8%8C%B6%E5%9D%8A+%E6%A1%83%E5%9C%92%E6%A1%83%E9%B6%AF%E5%BA%97+%E6%A1%83%E5%9C%92%E5%B8%82%E6%A1%83%E5%9C%92%E5%8D%80%E6%A1%83%E9%B6%AF%E8%B7%AF307%E8%99%9F&hl=zh-TW#sv=CAESzQEKuQEStgEKd0FKaVQ0dEpUcm1Uay12a2ZGZDMxaUVkLXdNM2lXbXZpZ3VuYlIwdVoxRThSTVQ2dm5ETklDbXgwYUx4MHZ3cGRUOXFWY2FQUUZ0VjJqVkRrcG1KQUlkX01yVEhaZ2ZzU0pHWGV2TFo5RTlmWVUwWlN0UU04cXZZEhdyTTFnYXZEaUpmT292cjBQdW92WmdBMBoiQURzcjlmU1dfWk1Db1Rsa3J1TjloQWdMS1ZZVmRjaVUxZxIEODEyNBoBMyoAMAA4AUAAGCog5cT64Q46AEoCEAE","Playwright batch opened Google Order flow and read visible pickup/delivery providers."
"macu-tw-046","桃園觀音店","北部","桃園市","觀音區","桃園市觀音區大觀路二段46-1號","03-4838228","confirmed","confirmed","true","true","","Uber Eats","LINE、Uber Eats、食在麻吉 eathere","Uber Eats","https://www.google.com/search?q=%E9%BA%BB%E5%8F%A4%E8%8C%B6%E5%9D%8A%20%E6%A1%83%E5%9C%92%E8%A7%80%E9%9F%B3%E5%BA%97%20%E6%A1%83%E5%9C%92%E5%B8%82%E8%A7%80%E9%9F%B3%E5%8D%80%E5%A4%A7%E8%A7%80%E8%B7%AF%E4%BA%8C%E6%AE%B546-1%E8%99%9F&hl=zh-TW#sv=CAESzQEKuQEStgEKd0FKaVQ0dEtwdHE3WnJMbnloWFJkTWllX21IajRrZ1FPTF82MTRBdzdlbi1XVkRDZXpvSms2dUdpUHlFblBWMGFEQ1N1bTFKQS1vaTA1VzkyV1R4elRuZ3hHQUFlSE9kMXNxZGh1bmlkTGk4UFQ0ZDQ2OHVMY2RBEhd3YzFnYXM2NEU0bVV2cjBQcGVfVHFBbxoiQURzcjlmUkhZNTd0UTh2TVF6aVdiQk1ZYVF0QmVKdjZVdxIEODEyNBoBMyoAMAA4AUAAGCog0v-vejoASgIQAQ","https://www.google.com/search?q=%E9%BA%BB%E5%8F%A4%E8%8C%B6%E5%9D%8A%20%E6%A1%83%E5%9C%92%E8%A7%80%E9%9F%B3%E5%BA%97%20%E6%A1%83%E5%9C%92%E5%B8%82%E8%A7%80%E9%9F%B3%E5%8D%80%E5%A4%A7%E8%A7%80%E8%B7%AF%E4%BA%8C%E6%AE%B546-1%E8%99%9F&hl=zh-TW#sv=CAESzQEKuQEStgEKd0FKaVQ0dEtwdHE3WnJMbnloWFJkTWllX21IajRrZ1FPTF82MTRBdzdlbi1XVkRDZXpvSms2dUdpUHlFblBWMGFEQ1N1bTFKQS1vaTA1VzkyV1R4elRuZ3hHQUFlSE9kMXNxZGh1bmlkTGk4UFQ0ZDQ2OHVMY2RBEhd3YzFnYXM2NEU0bVV2cjBQcGVfVHFBbxoiQURzcjlmUkhZNTd0UTh2TVF6aVdiQk1ZYVF0QmVKdjZVdxIEODEyNBoBMyoAMAA4AUAAGCog0v-vejoASgIQAQ","Playwright batch opened Google Order flow and read visible pickup/delivery providers."
"macu-tw-037","桃園青埔店","北部","桃園市","大園區","桃園市大園區大成路二段41號","03-2875833","confirmed","confirmed","true","true","","Uber Eats","LINE、Uber Eats、食在麻吉 eathere","Uber Eats","https://www.google.com/search?q=%E9%BA%BB%E5%8F%A4%E8%8C%B6%E5%9D%8A%20%E6%A1%83%E5%9C%92%E9%9D%92%E5%9F%94%E5%BA%97%20%E6%A1%83%E5%9C%92%E5%B8%82%E5%A4%A7%E5%9C%92%E5%8D%80%E5%A4%A7%E6%88%90%E8%B7%AF%E4%BA%8C%E6%AE%B541%E8%99%9F&hl=zh-TW#sv=CAESzQEKuQEStgEKd0FKaVQ0dEl5M1BuWGFqbFJuQzNpcUpzSGNkUEJweFhKbDFrRlFYampwMWtMWWpOWXQ0OU83WUV6bnk0TjA1U0FTMDN2UTVZZm43TVpneXRFdGN1aWkxQWpLbU4wWHJOQWVZeTIzZFFrYnNla3RRVW52RHhCS1N3EhcwODFnYXZ2eUV0YnExZThQdGVMd29BbxoiQURzcjlmUVpsSVd1Z29fQlZCcFUtMVpZRVQzaFJNNlZDQRIEODEyNBoBMyoAMAA4AUAAGCoggrbO_gI6AEoCEAE","https://www.google.com/search?q=%E9%BA%BB%E5%8F%A4%E8%8C%B6%E5%9D%8A%20%E6%A1%83%E5%9C%92%E9%9D%92%E5%9F%94%E5%BA%97%20%E6%A1%83%E5%9C%92%E5%B8%82%E5%A4%A7%E5%9C%92%E5%8D%80%E5%A4%A7%E6%88%90%E8%B7%AF%E4%BA%8C%E6%AE%B541%E8%99%9F&hl=zh-TW#sv=CAESzQEKuQEStgEKd0FKaVQ0dEl5M1BuWGFqbFJuQzNpcUpzSGNkUEJweFhKbDFrRlFYampwMWtMWWpOWXQ0OU83WUV6bnk0TjA1U0FTMDN2UTVZZm43TVpneXRFdGN1aWkxQWpLbU4wWHJOQWVZeTIzZFFrYnNla3RRVW52RHhCS1N3EhcwODFnYXZ2eUV0YnExZThQdGVMd29BbxoiQURzcjlmUVpsSVd1Z29fQlZCcFUtMVpZRVQzaFJNNlZDQRIEODEyNBoBMyoAMAA4AUAAGCoggrbO_gI6AEoCEAE","Playwright batch opened Google Order flow and read visible pickup/delivery providers."
"macu-tw-047","楊梅文化店","北部","桃園市","楊梅區","桃園市楊梅區文化街167號","03-4816800","confirmed","confirmed","true","true","","Uber Eats","LINE、Uber Eats、食在麻吉 eathere","Uber Eats","https://www.google.com/search?q=%E9%BA%BB%E5%8F%A4%E8%8C%B6%E5%9D%8A%20%E6%A5%8A%E6%A2%85%E6%96%87%E5%8C%96%E5%BA%97%20%E6%A1%83%E5%9C%92%E5%B8%82%E6%A5%8A%E6%A2%85%E5%8D%80%E6%96%87%E5%8C%96%E8%A1%97167%E8%99%9F&hl=zh-TW#sv=CAESzQEKuQEStgEKd0FKaVQ0dEx1TzNGLUNNcTN0SUZ3WkxfYjlDWXlRS2JlTm5fMmI5WDdhMF9GT0FqaXo1QTY5cjNpOXlyakswdEVGWjBfdWNCeko3N09nSWlMUTMzcVFidzIwRkhFVEZoYTBVdjFEZm91WkF0dk85bFdJc1lUS1lVEhc1czFnYXBIYUY1cnAxZThQc2Z6M29BTRoiQURzcjlmUk9PdHJWRlNINzhFdUg3NWIyQXNNaS01R1UyURIEODEyNBoBMyoAMAA4AUAAGCogxPrQsQM6AEoCEAE","https://www.google.com/search?q=%E9%BA%BB%E5%8F%A4%E8%8C%B6%E5%9D%8A%20%E6%A5%8A%E6%A2%85%E6%96%87%E5%8C%96%E5%BA%97%20%E6%A1%83%E5%9C%92%E5%B8%82%E6%A5%8A%E6%A2%85%E5%8D%80%E6%96%87%E5%8C%96%E8%A1%97167%E8%99%9F&hl=zh-TW#sv=CAESzQEKuQEStgEKd0FKaVQ0dEx1TzNGLUNNcTN0SUZ3WkxfYjlDWXlRS2JlTm5fMmI5WDdhMF9GT0FqaXo1QTY5cjNpOXlyakswdEVGWjBfdWNCeko3N09nSWlMUTMzcVFidzIwRkhFVEZoYTBVdjFEZm91WkF0dk85bFdJc1lUS1lVEhc1czFnYXBIYUY1cnAxZThQc2Z6M29BTRoiQURzcjlmUk9PdHJWRlNINzhFdUg3NWIyQXNNaS01R1UyURIEODEyNBoBMyoAMAA4AUAAGCogxPrQsQM6AEoCEAE","Playwright batch opened Google Order flow and read visible pickup/delivery providers."
"macu-tw-040","楊梅新農店","北部","桃園市","楊梅區","桃園市楊梅區陽明里新農街521號","03-2889440","confirmed","confirmed","true","true","","Uber Eats","LINE、Uber Eats、食在麻吉 eathere","Uber Eats","https://www.google.com/search?q=%E9%BA%BB%E5%8F%A4%E8%8C%B6%E5%9D%8A+%E6%A5%8A%E6%A2%85%E6%96%B0%E8%BE%B2%E5%BA%97+%E6%A1%83%E5%9C%92%E5%B8%82%E6%A5%8A%E6%A2%85%E5%8D%80%E9%99%BD%E6%98%8E%E9%87%8C%E6%96%B0%E8%BE%B2%E8%A1%97521%E8%99%9F&hl=zh-TW#sv=CAESzQEKuQEStgEKd0FKaVQ0dExTdENUZGpBa0ttUExXdUVfWDNDZ0VhMzNTalR4UXNDZjhGZG9rclAycWZuNGtDbGpOSm05eDVUd1FZa2h0c3EtR2hIQTA5UUIwQTRfS25MTkZmU1BWOVJPcjV0Mno3SE9Tc3doa1h0cnV0cVB0YnEwEhctczFnYXJpNUF0WE8xZThQOWNmRGdRNBoiQURzcjlmU1ZyRmF6UXlMTFlRS2Z3eTFmeUMxSEhXWVpTURIEODEyNBoBMyoAMAA4AUAAGCogmNvDtgQ6AEoCEAE","https://www.google.com/search?q=%E9%BA%BB%E5%8F%A4%E8%8C%B6%E5%9D%8A+%E6%A5%8A%E6%A2%85%E6%96%B0%E8%BE%B2%E5%BA%97+%E6%A1%83%E5%9C%92%E5%B8%82%E6%A5%8A%E6%A2%85%E5%8D%80%E9%99%BD%E6%98%8E%E9%87%8C%E6%96%B0%E8%BE%B2%E8%A1%97521%E8%99%9F&hl=zh-TW#sv=CAESzQEKuQEStgEKd0FKaVQ0dExTdENUZGpBa0ttUExXdUVfWDNDZ0VhMzNTalR4UXNDZjhGZG9rclAycWZuNGtDbGpOSm05eDVUd1FZa2h0c3EtR2hIQTA5UUIwQTRfS25MTkZmU1BWOVJPcjV0Mno3SE9Tc3doa1h0cnV0cVB0YnEwEhctczFnYXJpNUF0WE8xZThQOWNmRGdRNBoiQURzcjlmU1ZyRmF6UXlMTFlRS2Z3eTFmeUMxSEhXWVpTURIEODEyNBoBMyoAMAA4AUAAGCogmNvDtgQ6AEoCEAE","Playwright batch opened Google Order flow and read visible pickup/delivery providers."
"macu-tw-041","龍潭北龍店","北部","桃園市","龍潭區","桃園市龍潭區北龍路51號","03-4705757","confirmed","confirmed","true","true","","Uber Eats","LINE、Uber Eats、食在麻吉 eathere","Uber Eats","https://www.google.com/search?q=%E9%BA%BB%E5%8F%A4%E8%8C%B6%E5%9D%8A+%E9%BE%8D%E6%BD%AD%E5%8C%97%E9%BE%8D%E5%BA%97+%E6%A1%83%E5%9C%92%E5%B8%82%E9%BE%8D%E6%BD%AD%E5%8D%80%E5%8C%97%E9%BE%8D%E8%B7%AF51%E8%99%9F&hl=zh-TW#sv=CAESzQEKuQEStgEKd0FKaVQ0dEx2YThSbldsWVJYT1ZlOUNpZGd5cnJmM3ZoRkFVcThTa3BhNktDMnBxRGh3N3V6SzhuQ0V4dHNlUS10WFB2M0c0OVRKcDBnNG5SRE1fVUxJTGJGbm1xNUltYkN1cjgxbEZVVk04ZHJyX0hOS2IwN3QwEhdEczVnYXFtUUlLdVExZThQd2RQMGtRSRoiQURzcjlmUjZFa1hrbUxvcEtrNm9aNmx0MV9mMFN1QTVQURIEODEyNBoBMyoAMAA4AUAAGCogyq-QrwQ6AEoCEAE","https://www.google.com/search?q=%E9%BA%BB%E5%8F%A4%E8%8C%B6%E5%9D%8A+%E9%BE%8D%E6%BD%AD%E5%8C%97%E9%BE%8D%E5%BA%97+%E6%A1%83%E5%9C%92%E5%B8%82%E9%BE%8D%E6%BD%AD%E5%8D%80%E5%8C%97%E9%BE%8D%E8%B7%AF51%E8%99%9F&hl=zh-TW#sv=CAESzQEKuQEStgEKd0FKaVQ0dEx2YThSbldsWVJYT1ZlOUNpZGd5cnJmM3ZoRkFVcThTa3BhNktDMnBxRGh3N3V6SzhuQ0V4dHNlUS10WFB2M0c0OVRKcDBnNG5SRE1fVUxJTGJGbm1xNUltYkN1cjgxbEZVVk04ZHJyX0hOS2IwN3QwEhdEczVnYXFtUUlLdVExZThQd2RQMGtRSRoiQURzcjlmUjZFa1hrbUxvcEtrNm9aNmx0MV9mMFN1QTVQURIEODEyNBoBMyoAMAA4AUAAGCogyq-QrwQ6AEoCEAE","Playwright batch opened Google Order flow and read visible pickup/delivery providers."
"macu-tw-064","竹南博愛店","北部","苗栗縣","竹南鎮","苗栗縣竹南鎮博愛街22號","037-470998","confirmed","confirmed","true","true","","foodpanda","LINE、foodpanda、食在麻吉 eathere","foodpanda","https://www.google.com/search?q=%E9%BA%BB%E5%8F%A4%E8%8C%B6%E5%9D%8A%20%E7%AB%B9%E5%8D%97%E5%8D%9A%E6%84%9B%E5%BA%97%20%E8%8B%97%E6%A0%97%E7%B8%A3%E7%AB%B9%E5%8D%97%E9%8E%AE%E5%8D%9A%E6%84%9B%E8%A1%9722%E8%99%9F&hl=zh-TW&sei=085gauoJxIe-vQ-5gYbhDA#sv=CAESzQEKuQEStgEKd0FKaVQ0dEkxMkRfOFRGWl9sWk1qaDNteUxlclRnZTJITFd5QzduTzlOQl9LTDVSQTNTMkF1S2VNNngtNzFzbWlOT1BOU29wbHFkdE5iQW5VU1pFbnBwblIxeDBwSXZmMzhKYzN0d1huNy01R2tfTHZ4TXRZLTgwEhcwODVnYXF6UkI4S2gxZThQcXR1cnlBSRoiQURzcjlmU1ZVaHI5LXBncmI3NTlPZEVTNGo0cUJMYjk3QRIEODEyNBoBMyoAMAA4AUAAGCogy9y50Ag6AEoCEAE","https://www.google.com/search?q=%E9%BA%BB%E5%8F%A4%E8%8C%B6%E5%9D%8A%20%E7%AB%B9%E5%8D%97%E5%8D%9A%E6%84%9B%E5%BA%97%20%E8%8B%97%E6%A0%97%E7%B8%A3%E7%AB%B9%E5%8D%97%E9%8E%AE%E5%8D%9A%E6%84%9B%E8%A1%9722%E8%99%9F&hl=zh-TW&sei=085gauoJxIe-vQ-5gYbhDA#sv=CAESzQEKuQEStgEKd0FKaVQ0dEkxMkRfOFRGWl9sWk1qaDNteUxlclRnZTJITFd5QzduTzlOQl9LTDVSQTNTMkF1S2VNNngtNzFzbWlOT1BOU29wbHFkdE5iQW5VU1pFbnBwblIxeDBwSXZmMzhKYzN0d1huNy01R2tfTHZ4TXRZLTgwEhcwODVnYXF6UkI4S2gxZThQcXR1cnlBSRoiQURzcjlmU1ZVaHI5LXBncmI3NTlPZEVTNGo0cUJMYjk3QRIEODEyNBoBMyoAMAA4AUAAGCogy9y50Ag6AEoCEAE","Playwright batch opened Google Order flow and read visible pickup/delivery providers."
"macu-tw-067","苗栗府前店","北部","苗栗縣","苗栗市","苗栗縣苗栗市至公路156號","037-351577","confirmed","no_gmb_order_button","true","false","","","LINE、食在麻吉 eathere","","https://www.google.com/search?q=%E9%BA%BB%E5%8F%A4%E8%8C%B6%E5%9D%8A%20%E8%8B%97%E6%A0%97%E5%BA%9C%E5%89%8D%E5%BA%97%20%E8%8B%97%E6%A0%97%E7%B8%A3%E8%8B%97%E6%A0%97%E5%B8%82%E8%87%B3%E5%85%AC%E8%B7%AF156%E8%99%9F&hl=zh-TW","","Named GMB profile matched, but no Google Order entry was opened."
"macu-tw-066","苗栗為公店","北部","苗栗縣","苗栗市","苗栗市為公路138號","037-278900","confirmed","confirmed","true","true","","foodpanda","LINE、foodpanda、食在麻吉 eathere","foodpanda","https://www.google.com/search?q=%E9%BA%BB%E5%8F%A4%E8%8C%B6%E5%9D%8A+%E8%8B%97%E6%A0%97%E7%82%BA%E5%85%AC%E5%BA%97+%E8%8B%97%E6%A0%97%E5%B8%82%E7%82%BA%E5%85%AC%E8%B7%AF138%E8%99%9F&hl=zh-TW#sv=CAESzQEKuQEStgEKd0FKaVQ0dExxbDNDNTltN1hxRGZRVmVnbDZuYXNYSUxzRXJFbnBrcnlHTGUyeFB0eHhmaGdKeTIxQmQ3ZERselFPSWhiRU5BcFU0dWNsbnVSdWp1SVA1UWpsWXBaWTFFUWptY3F1d1hnMng1M0xRQzdmNEo2VFVnEhdfczVnYW9hUFBQVzh2cjBQM2MydGlROBoiQURzcjlmUmFEckZWejJJM1AtT19STzNLWTEwWGI2UThkZxIEODEyNBoBMyoAMAA4AUAAGCog1qnd2w46AEoCEAE","https://www.google.com/search?q=%E9%BA%BB%E5%8F%A4%E8%8C%B6%E5%9D%8A+%E8%8B%97%E6%A0%97%E7%82%BA%E5%85%AC%E5%BA%97+%E8%8B%97%E6%A0%97%E5%B8%82%E7%82%BA%E5%85%AC%E8%B7%AF138%E8%99%9F&hl=zh-TW#sv=CAESzQEKuQEStgEKd0FKaVQ0dExxbDNDNTltN1hxRGZRVmVnbDZuYXNYSUxzRXJFbnBrcnlHTGUyeFB0eHhmaGdKeTIxQmQ3ZERselFPSWhiRU5BcFU0dWNsbnVSdWp1SVA1UWpsWXBaWTFFUWptY3F1d1hnMng1M0xRQzdmNEo2VFVnEhdfczVnYW9hUFBQVzh2cjBQM2MydGlROBoiQURzcjlmUmFEckZWejJJM1AtT19STzNLWTEwWGI2UThkZxIEODEyNBoBMyoAMAA4AUAAGCog1qnd2w46AEoCEAE","Playwright batch opened Google Order flow and read visible pickup/delivery providers."
"macu-tw-068","頭份尚順店","北部","苗栗縣","頭份市","苗栗縣頭份市東庄里東民一街2號","037-688599","confirmed","confirmed","true","true","","foodpanda、Uber Eats","LINE、Uber Eats、foodpanda、食在麻吉 eathere","Uber Eats、foodpanda","https://www.google.com/search?q=%E9%BA%BB%E5%8F%A4%E8%8C%B6%E5%9D%8A+%E9%A0%AD%E4%BB%BD%E5%B0%9A%E9%A0%86%E5%BA%97+%E8%8B%97%E6%A0%97%E7%B8%A3%E9%A0%AD%E4%BB%BD%E5%B8%82%E6%9D%B1%E5%BA%84%E9%87%8C%E6%9D%B1%E6%B0%91%E4%B8%80%E8%A1%972%E8%99%9F&hl=zh-TW#sv=CAESzAEKuAEStQEKd0FKaVQ0dEljQkY0U2o4Y0xlM2VvLVNtcUpPbVFITEJTQXpIYlhsbjlhSHpGWm9wT2pSR1UtcDEtZG9hUXdZVXdrYl9sWVVrTFd6MTlLUUFJM1g5RVZ5SExQeUxyLU9RRHN6NDRoMGROZTZVdFpUcWU1M2pFeTJjEhZReWxoYXA3NU5wemMxZThQNk9fYVdRGiJBRHNyOWZTNlRfTU9jSUpPYWdtdDdVd2F5SnlRV3BIcmlnEgQ4MTI0GgEzKgAwADgBQAAYKiDOjoSgBjoASgIQAQ","https://www.google.com/search?q=%E9%BA%BB%E5%8F%A4%E8%8C%B6%E5%9D%8A+%E9%A0%AD%E4%BB%BD%E5%B0%9A%E9%A0%86%E5%BA%97+%E8%8B%97%E6%A0%97%E7%B8%A3%E9%A0%AD%E4%BB%BD%E5%B8%82%E6%9D%B1%E5%BA%84%E9%87%8C%E6%9D%B1%E6%B0%91%E4%B8%80%E8%A1%972%E8%99%9F&hl=zh-TW#sv=CAESzAEKuAEStQEKd0FKaVQ0dEljQkY0U2o4Y0xlM2VvLVNtcUpPbVFITEJTQXpIYlhsbjlhSHpGWm9wT2pSR1UtcDEtZG9hUXdZVXdrYl9sWVVrTFd6MTlLUUFJM1g5RVZ5SExQeUxyLU9RRHN6NDRoMGROZTZVdFpUcWU1M2pFeTJjEhZReWxoYXA3NU5wemMxZThQNk9fYVdRGiJBRHNyOWZTNlRfTU9jSUpPYWdtdDdVd2F5SnlRV3BIcmlnEgQ4MTI0GgEzKgAwADgBQAAYKiDOjoSgBjoASgIQAQ","Playwright batch opened Google Order flow and read visible pickup/delivery providers."
"macu-tw-065","頭份文化店","北部","苗栗縣","頭份市","苗栗縣頭份市文化街186號","037-690556","confirmed","confirmed","true","true","foodpanda、Uber Eats","foodpanda、Uber Eats","LINE、Uber Eats、foodpanda、食在麻吉 eathere","Uber Eats、foodpanda","https://www.google.com/search?q=%E9%BA%BB%E5%8F%A4%E8%8C%B6%E5%9D%8A%20%E9%A0%AD%E4%BB%BD%E6%96%87%E5%8C%96%E5%BA%97%20%E8%8B%97%E6%A0%97%E7%B8%A3%E9%A0%AD%E4%BB%BD%E5%B8%82%E6%96%87%E5%8C%96%E8%A1%97186%E8%99%9F&hl=zh-TW#sv=CAESzQEKuQEStgEKd0FKaVQ0dEpUdVpqSGtWT3ViaXBPTm1nUU5zU3ZhSHYxS2l1eHpMYjlKb0hkd3B3czB1N25Ua21RTEtyX1JOT01BUk10NGszdVAtelZldThMQlhXZWNOcGtRTVh4WTMzbzc0Mkl2YXhyZTZEQUxTeW1UZldnRWdZEhdQODlnYXZEdEVhajQxZThQcFpHZGdRSRoiQURzcjlmVG9DY3NzY09SalQzLUM4QzdYbzFXYkxHWll3QRIEODEyNBoBMyoAMAA4AUAAGCog-5Ow1Qs6AEoCEAE","https://www.google.com/search?q=%E9%BA%BB%E5%8F%A4%E8%8C%B6%E5%9D%8A%20%E9%A0%AD%E4%BB%BD%E6%96%87%E5%8C%96%E5%BA%97%20%E8%8B%97%E6%A0%97%E7%B8%A3%E9%A0%AD%E4%BB%BD%E5%B8%82%E6%96%87%E5%8C%96%E8%A1%97186%E8%99%9F&hl=zh-TW#sv=CAESzQEKuQEStgEKd0FKaVQ0dEpUdVpqSGtWT3ViaXBPTm1nUU5zU3ZhSHYxS2l1eHpMYjlKb0hkd3B3czB1N25Ua21RTEtyX1JOT01BUk10NGszdVAtelZldThMQlhXZWNOcGtRTVh4WTMzbzc0Mkl2YXhyZTZEQUxTeW1UZldnRWdZEhdQODlnYXZEdEVhajQxZThQcFpHZGdRSRoiQURzcjlmVG9DY3NzY09SalQzLUM4QzdYbzFXYkxHWll3QRIEODEyNBoBMyoAMAA4AUAAGCog-5Ow1Qs6AEoCEAE","Playwright batch opened Google Order flow and read visible pickup/delivery providers."
"macu-tw-135","南投民彰店","中部","南投縣","南投市","南投縣南投市彰南路二段7號","049-2239777","confirmed","confirmed","true","true","","Uber Eats","LINE、Uber Eats、食在麻吉 eathere","Uber Eats","https://www.google.com/search?q=%E9%BA%BB%E5%8F%A4%E8%8C%B6%E5%9D%8A%20%E5%8D%97%E6%8A%95%E6%B0%91%E5%BD%B0%E5%BA%97%20%E5%8D%97%E6%8A%95%E7%B8%A3%E5%8D%97%E6%8A%95%E5%B8%82%E5%BD%B0%E5%8D%97%E8%B7%AF%E4%BA%8C%E6%AE%B57%E8%99%9F&hl=zh-TW#sv=CAESzQEKuQEStgEKd0FKaVQ0dEx3aEJEZi1pZGFkUHZ3R1RSS1BkblI4cmU0bm1VNm1JWlJpdjNWWmQ4THNuYmtIQmJFSVdvZExXbzA0RDBOMXg1dl96MEpHQzNZbFZ4UEpaT01YRHhwYm1reTRMeEJyeGZhdTR1YjNyMU4zTHhxcUVBEhdXYzlnYXN2SkZOYjIxZThQNUt1RTZBYxoiQURzcjlmUXppS3BxdzVDSkF3cjVfX3hlZ3M5SU93bXV0QRIEODEyNBoBMyoAMAA4AUAAGCogp9as7QI6AEoCEAE","https://www.google.com/search?q=%E9%BA%BB%E5%8F%A4%E8%8C%B6%E5%9D%8A%20%E5%8D%97%E6%8A%95%E6%B0%91%E5%BD%B0%E5%BA%97%20%E5%8D%97%E6%8A%95%E7%B8%A3%E5%8D%97%E6%8A%95%E5%B8%82%E5%BD%B0%E5%8D%97%E8%B7%AF%E4%BA%8C%E6%AE%B57%E8%99%9F&hl=zh-TW#sv=CAESzQEKuQEStgEKd0FKaVQ0dEx3aEJEZi1pZGFkUHZ3R1RSS1BkblI4cmU0bm1VNm1JWlJpdjNWWmQ4THNuYmtIQmJFSVdvZExXbzA0RDBOMXg1dl96MEpHQzNZbFZ4UEpaT01YRHhwYm1reTRMeEJyeGZhdTR1YjNyMU4zTHhxcUVBEhdXYzlnYXN2SkZOYjIxZThQNUt1RTZBYxoiQURzcjlmUXppS3BxdzVDSkF3cjVfX3hlZ3M5SU93bXV0QRIEODEyNBoBMyoAMAA4AUAAGCogp9as7QI6AEoCEAE","Playwright batch opened Google Order flow and read visible pickup/delivery providers."
"macu-tw-134","草屯太平店","中部","南投縣","草屯鎮","南投縣草屯鎮太平路二段302號","049-2305688","confirmed","confirmed","true","true","","Uber Eats","LINE、Uber Eats、食在麻吉 eathere","Uber Eats","https://www.google.com/search?q=%E9%BA%BB%E5%8F%A4%E8%8C%B6%E5%9D%8A%20%E8%8D%89%E5%B1%AF%E5%A4%AA%E5%B9%B3%E5%BA%97%20%E5%8D%97%E6%8A%95%E7%B8%A3%E8%8D%89%E5%B1%AF%E9%8E%AE%E5%A4%AA%E5%B9%B3%E8%B7%AF%E4%BA%8C%E6%AE%B5302%E8%99%9F&hl=zh-TW#sv=CAESzQEKuQEStgEKd0FKaVQ0dEpmVXFsY01UWEdmdkJUczlUdjBKVnYwTGlKakNYalpSSVVBUVVXS3BJdmhjNkxad21Ra2RKdGFEaVRNUUdQU0NTVk0tZDBrYUxjbVRHSXNwR2YxQWt5QkxyRFFROW1BMzZnWXNGdVA4VV9vNEdmenQ4EhdiTTlnYW9Ed0g3djExZThQMktlNDJBSRoiQURzcjlmUnM3VDktNUFuSTVYaENMdjhab3NnalRsWm1sURIEODEyNBoBMyoAMAA4AUAAGCogt8L_3Aw6AEoCEAE","https://www.google.com/search?q=%E9%BA%BB%E5%8F%A4%E8%8C%B6%E5%9D%8A%20%E8%8D%89%E5%B1%AF%E5%A4%AA%E5%B9%B3%E5%BA%97%20%E5%8D%97%E6%8A%95%E7%B8%A3%E8%8D%89%E5%B1%AF%E9%8E%AE%E5%A4%AA%E5%B9%B3%E8%B7%AF%E4%BA%8C%E6%AE%B5302%E8%99%9F&hl=zh-TW#sv=CAESzQEKuQEStgEKd0FKaVQ0dEpmVXFsY01UWEdmdkJUczlUdjBKVnYwTGlKakNYalpSSVVBUVVXS3BJdmhjNkxad21Ra2RKdGFEaVRNUUdQU0NTVk0tZDBrYUxjbVRHSXNwR2YxQWt5QkxyRFFROW1BMzZnWXNGdVA4VV9vNEdmenQ4EhdiTTlnYW9Ed0g3djExZThQMktlNDJBSRoiQURzcjlmUnM3VDktNUFuSTVYaENMdjhab3NnalRsWm1sURIEODEyNBoBMyoAMAA4AUAAGCogt8L_3Aw6AEoCEAE","Playwright batch opened Google Order flow and read visible pickup/delivery providers."
"macu-tw-099","七期朝富店","中部","台中市","西屯區","台中市西屯區朝富路140號","04-22545950","confirmed","confirmed","true","true","","Uber Eats","LINE、Uber Eats、食在麻吉 eathere","Uber Eats","https://www.google.com/search?q=%E9%BA%BB%E5%8F%A4%E8%8C%B6%E5%9D%8A%20%E4%B8%83%E6%9C%9F%E6%9C%9D%E5%AF%8C%E5%BA%97%20%E5%8F%B0%E4%B8%AD%E5%B8%82%E8%A5%BF%E5%B1%AF%E5%8D%80%E6%9C%9D%E5%AF%8C%E8%B7%AF140%E8%99%9F&hl=zh-TW#sv=CAESzAEKuAEStQEKd0FKaVQ0dEtPVGFTbjdBRmE5bnZLMmdJOHFaUlhNQzFDTDZudnFxOEZMbVFiSzFXVW9CR1lmaWVEMHgyYUtaTE1MaWJDdVBmWlRMR0dTMzQ5UnJtanNfNVBFWWtyQ2o3RzdjS2ZtWWNWeEx0c3hGZlFVQnpQMFd3EhZmODlnYXFmVENxZUt2cjBQb18tRUlRGiJBRHNyOWZUZEJYdTBsSHhoQlo5YUZ2aWQzSVZCd29XWWtBEgQ4MTI0GgEzKgAwADgBQAAYKiCV5K3XBDoASgIQAQ","https://www.google.com/search?q=%E9%BA%BB%E5%8F%A4%E8%8C%B6%E5%9D%8A%20%E4%B8%83%E6%9C%9F%E6%9C%9D%E5%AF%8C%E5%BA%97%20%E5%8F%B0%E4%B8%AD%E5%B8%82%E8%A5%BF%E5%B1%AF%E5%8D%80%E6%9C%9D%E5%AF%8C%E8%B7%AF140%E8%99%9F&hl=zh-TW#sv=CAESzAEKuAEStQEKd0FKaVQ0dEtPVGFTbjdBRmE5bnZLMmdJOHFaUlhNQzFDTDZudnFxOEZMbVFiSzFXVW9CR1lmaWVEMHgyYUtaTE1MaWJDdVBmWlRMR0dTMzQ5UnJtanNfNVBFWWtyQ2o3RzdjS2ZtWWNWeEx0c3hGZlFVQnpQMFd3EhZmODlnYXFmVENxZUt2cjBQb18tRUlRGiJBRHNyOWZUZEJYdTBsSHhoQlo5YUZ2aWQzSVZCd29XWWtBEgQ4MTI0GgEzKgAwADgBQAAYKiCV5K3XBDoASgIQAQ","Playwright batch opened Google Order flow and read visible pickup/delivery providers."
"macu-tw-081","南屯忠勇店","中部","台中市","南屯區","台中市南屯區忠勇路41-2號","04-23804698","confirmed","confirmed","true","true","","Uber Eats","LINE、Uber Eats、食在麻吉 eathere","Uber Eats","https://www.google.com/search?q=%E9%BA%BB%E5%8F%A4%E8%8C%B6%E5%9D%8A%20%E5%8D%97%E5%B1%AF%E5%BF%A0%E5%8B%87%E5%BA%97%20%E5%8F%B0%E4%B8%AD%E5%B8%82%E5%8D%97%E5%B1%AF%E5%8D%80%E5%BF%A0%E5%8B%87%E8%B7%AF41-2%E8%99%9F&hl=zh-TW#sv=CAESzQEKuQEStgEKd0FKaVQ0dEpseUd0SF9WZXdVcDNXeHhGbjdKMWFqUlJZLXVfbFZ1bUlOY084Uy1TcHBYcmpzOF8tQnFhVUx4U1lBZngxZ3VGZHlRSHVNLTRTYzBKSnNIYXVOUERaeDZ5SHJsUTU2YUZ3ZFY4SFB3VVZ1NU5XNm44EhdrYzlnYXIzS0tvNmcxZThQM3MyUzZRbxoiQURzcjlmUko5YzdkTGpIR1h4SjdfeGgzb1ZQQUlwYVVSQRIEODEyNBoBMyoAMAA4AUAAGCog3KyTpQs6AEoCEAE","https://www.google.com/search?q=%E9%BA%BB%E5%8F%A4%E8%8C%B6%E5%9D%8A%20%E5%8D%97%E5%B1%AF%E5%BF%A0%E5%8B%87%E5%BA%97%20%E5%8F%B0%E4%B8%AD%E5%B8%82%E5%8D%97%E5%B1%AF%E5%8D%80%E5%BF%A0%E5%8B%87%E8%B7%AF41-2%E8%99%9F&hl=zh-TW#sv=CAESzQEKuQEStgEKd0FKaVQ0dEpseUd0SF9WZXdVcDNXeHhGbjdKMWFqUlJZLXVfbFZ1bUlOY084Uy1TcHBYcmpzOF8tQnFhVUx4U1lBZngxZ3VGZHlRSHVNLTRTYzBKSnNIYXVOUERaeDZ5SHJsUTU2YUZ3ZFY4SFB3VVZ1NU5XNm44EhdrYzlnYXIzS0tvNmcxZThQM3MyUzZRbxoiQURzcjlmUko5YzdkTGpIR1h4SjdfeGgzb1ZQQUlwYVVSQRIEODEyNBoBMyoAMAA4AUAAGCog3KyTpQs6AEoCEAE","Playwright batch opened Google Order flow and read visible pickup/delivery providers."
"macu-tw-112","台中世貿店","中部","台中市","西屯區","台中市西屯區中工三路196號","04-23585014","confirmed","confirmed","true","true","","Uber Eats","LINE、Uber Eats、食在麻吉 eathere","Uber Eats","https://www.google.com/search?q=%E9%BA%BB%E5%8F%A4%E8%8C%B6%E5%9D%8A%20%E5%8F%B0%E4%B8%AD%E4%B8%96%E8%B2%BF%E5%BA%97%20%E5%8F%B0%E4%B8%AD%E5%B8%82%E8%A5%BF%E5%B1%AF%E5%8D%80%E4%B8%AD%E5%B7%A5%E4%B8%89%E8%B7%AF196%E8%99%9F&hl=zh-TW#sv=CAESzQEKuQEStgEKd0FKaVQ0dEp1eXR4RzZLMi1BVGxxZ21wQXh6aEZBZ2VDOGV2YmFJSEEwbjg4WnZzU0toQ1V4MVAzdFpOTnFoaHRLZXBKNkRTNkIyWEVWekp0NnNlX3NYdmt3MjNNZnN2YVo2YXdXSFVBQW90R09kNWJIS0dDelVnEhdwTTlnYXQtakNjSy12cjBQX1p1cm9BcxoiQURzcjlmU1hKVTBvZ2dKd2VaNXgyZTRKQ2t6Y1VqWUJidxIEODEyNBoBMyoAMAA4AUAAGCog7MLb9gc6AEoCEAE","https://www.google.com/search?q=%E9%BA%BB%E5%8F%A4%E8%8C%B6%E5%9D%8A%20%E5%8F%B0%E4%B8%AD%E4%B8%96%E8%B2%BF%E5%BA%97%20%E5%8F%B0%E4%B8%AD%E5%B8%82%E8%A5%BF%E5%B1%AF%E5%8D%80%E4%B8%AD%E5%B7%A5%E4%B8%89%E8%B7%AF196%E8%99%9F&hl=zh-TW#sv=CAESzQEKuQEStgEKd0FKaVQ0dEp1eXR4RzZLMi1BVGxxZ21wQXh6aEZBZ2VDOGV2YmFJSEEwbjg4WnZzU0toQ1V4MVAzdFpOTnFoaHRLZXBKNkRTNkIyWEVWekp0NnNlX3NYdmt3MjNNZnN2YVo2YXdXSFVBQW90R09kNWJIS0dDelVnEhdwTTlnYXQtakNjSy12cjBQX1p1cm9BcxoiQURzcjlmU1hKVTBvZ2dKd2VaNXgyZTRKQ2t6Y1VqWUJidxIEODEyNBoBMyoAMAA4AUAAGCog7MLb9gc6AEoCEAE","Playwright batch opened Google Order flow and read visible pickup/delivery providers."
"macu-tw-105","台中中清漢口店","中部","台中市","北區","台中市北區漢口路三段160號","04-22990701","confirmed","confirmed","true","true","","Uber Eats","LINE、Uber Eats、食在麻吉 eathere","Uber Eats","https://www.google.com/search?q=%E9%BA%BB%E5%8F%A4%E8%8C%B6%E5%9D%8A+%E5%8F%B0%E4%B8%AD%E4%B8%AD%E6%B8%85%E6%BC%A2%E5%8F%A3%E5%BA%97+%E5%8F%B0%E4%B8%AD%E5%B8%82%E5%8C%97%E5%8D%80%E6%BC%A2%E5%8F%A3%E8%B7%AF%E4%B8%89%E6%AE%B5160%E8%99%9F&hl=zh-TW#sv=CAESzQEKuQEStgEKd0FKaVQ0dExjZEl2emstbVB5OEozcFR2c0o3UVFfNTBYVmNnZGNINkN2N3pkRm9UUWFOMlZzWjhpSmF3R3hjN2FCTHFxVThHQXlBQ3NtcFVCNHdFY0tmZkRBRm0xa1M5bEo2VzNSNnJpX1FocEhEQnJEYkF1eGRJEhdMeTFoYXYtREpJdnkxZThQcDdxTGtRWRoiQURzcjlmUm1wTDlGM0J4azV4eXB6UU5vRHVVNlViLUsxZxIEODEyNBoBMyoAMAA4AUAAGCog8sDcuQ06AEoCEAE","https://www.google.com/search?q=%E9%BA%BB%E5%8F%A4%E8%8C%B6%E5%9D%8A+%E5%8F%B0%E4%B8%AD%E4%B8%AD%E6%B8%85%E6%BC%A2%E5%8F%A3%E5%BA%97+%E5%8F%B0%E4%B8%AD%E5%B8%82%E5%8C%97%E5%8D%80%E6%BC%A2%E5%8F%A3%E8%B7%AF%E4%B8%89%E6%AE%B5160%E8%99%9F&hl=zh-TW#sv=CAESzQEKuQEStgEKd0FKaVQ0dExjZEl2emstbVB5OEozcFR2c0o3UVFfNTBYVmNnZGNINkN2N3pkRm9UUWFOMlZzWjhpSmF3R3hjN2FCTHFxVThHQXlBQ3NtcFVCNHdFY0tmZkRBRm0xa1M5bEo2VzNSNnJpX1FocEhEQnJEYkF1eGRJEhdMeTFoYXYtREpJdnkxZThQcDdxTGtRWRoiQURzcjlmUm1wTDlGM0J4azV4eXB6UU5vRHVVNlViLUsxZxIEODEyNBoBMyoAMAA4AUAAGCog8sDcuQ06AEoCEAE","Playwright batch opened Google Order flow and read visible pickup/delivery providers."
"macu-tw-113","台中中科店","中部","台中市","西屯區","台中市西屯區西屯路三段164-5號","04-24620000","confirmed","no_gmb_order_button","true","false","","","LINE、食在麻吉 eathere","","https://www.google.com/search?q=%E9%BA%BB%E5%8F%A4%E8%8C%B6%E5%9D%8A%20%E5%8F%B0%E4%B8%AD%E4%B8%AD%E7%A7%91%E5%BA%97%20%E5%8F%B0%E4%B8%AD%E5%B8%82%E8%A5%BF%E5%B1%AF%E5%8D%80%E8%A5%BF%E5%B1%AF%E8%B7%AF%E4%B8%89%E6%AE%B5164-5%E8%99%9F&hl=zh-TW","","Named GMB profile matched, but no Google Order entry was opened."
"macu-tw-101","台中勤美美村店","中部","台中市","西區","台中市西區忠明里美村路一段115號","04-23203333","confirmed","confirmed","true","true","","Uber Eats","LINE、Uber Eats、食在麻吉 eathere","Uber Eats","https://www.google.com/search?q=%E9%BA%BB%E5%8F%A4%E8%8C%B6%E5%9D%8A+%E5%8F%B0%E4%B8%AD%E5%8B%A4%E7%BE%8E%E7%BE%8E%E6%9D%91%E5%BA%97+%E5%8F%B0%E4%B8%AD%E5%B8%82%E8%A5%BF%E5%8D%80%E5%BF%A0%E6%98%8E%E9%87%8C%E7%BE%8E%E6%9D%91%E8%B7%AF%E4%B8%80%E6%AE%B5115%E8%99%9F&hl=zh-TW#sv=CAESzQEKuQEStgEKd0FKaVQ0dExHU0FmSDRZcm1sMkg0VUF4RURROGw1UVFqYm5UZUhrZEJsQzVoVnBHWDYtUDNyenIwWXYwMmxzdk5uQlUwd3d0VUoySFNhdkZmc1RhMW1qS0FCZnd0elVEU1FZRHZ4dF8xRmE2NHB6WG9zXzZmQ21rEhc3YzlnYXJtTkdzT3J2cjBQeVpIZjBBcxoiQURzcjlmUzNYSnM1Y3k0d04wMVMzZ2N3amRiZDNDT3BhdxIEODEyNBoBMyoAMAA4AUAAGCogmNaAsQ06AEoCEAE","https://www.google.com/search?q=%E9%BA%BB%E5%8F%A4%E8%8C%B6%E5%9D%8A+%E5%8F%B0%E4%B8%AD%E5%8B%A4%E7%BE%8E%E7%BE%8E%E6%9D%91%E5%BA%97+%E5%8F%B0%E4%B8%AD%E5%B8%82%E8%A5%BF%E5%8D%80%E5%BF%A0%E6%98%8E%E9%87%8C%E7%BE%8E%E6%9D%91%E8%B7%AF%E4%B8%80%E6%AE%B5115%E8%99%9F&hl=zh-TW#sv=CAESzQEKuQEStgEKd0FKaVQ0dExHU0FmSDRZcm1sMkg0VUF4RURROGw1UVFqYm5UZUhrZEJsQzVoVnBHWDYtUDNyenIwWXYwMmxzdk5uQlUwd3d0VUoySFNhdkZmc1RhMW1qS0FCZnd0elVEU1FZRHZ4dF8xRmE2NHB6WG9zXzZmQ21rEhc3YzlnYXJtTkdzT3J2cjBQeVpIZjBBcxoiQURzcjlmUzNYSnM1Y3k0d04wMVMzZ2N3amRiZDNDT3BhdxIEODEyNBoBMyoAMAA4AUAAGCogmNaAsQ06AEoCEAE","Playwright batch opened Google Order flow and read visible pickup/delivery providers."
"macu-tw-088","台中十甲店","中部","台中市","東區","台中市東區十甲路373號","04-22136539","confirmed","confirmed","true","true","","Uber Eats","LINE、Uber Eats、食在麻吉 eathere","Uber Eats","https://www.google.com/search?q=%E9%BA%BB%E5%8F%A4%E8%8C%B6%E5%9D%8A+%E5%8F%B0%E4%B8%AD%E5%8D%81%E7%94%B2%E5%BA%97+%E5%8F%B0%E4%B8%AD%E5%B8%82%E6%9D%B1%E5%8D%80%E5%8D%81%E7%94%B2%E8%B7%AF373%E8%99%9F&hl=zh-TW#sv=CAESzAEKuAEStQEKd0FKaVQ0dEl5WGJDbVNPWURIMUdydXJuR0FPV3N0cFF2eFRnelg5dnlxUXhKMjd3R1RyaHMwYU8xcmNnd3gzSkN2emtKa05PZUw0eUNFaW5TekRCN0VaVF9pQmJYSG5DUmNvQkpFbHFoRkMtdUZ2UVVVaFQ3Tm9BEhZfODlnYXByVkh1TGMxZThQN0xld0NBGiJBRHNyOWZURW8wLTc3REhMS2N0VnBCMHlYMDNLdi1GSFVnEgQ4MTI0GgEzKgAwADgBQAAYKiD09sX2BDoASgIQAQ","https://www.google.com/search?q=%E9%BA%BB%E5%8F%A4%E8%8C%B6%E5%9D%8A+%E5%8F%B0%E4%B8%AD%E5%8D%81%E7%94%B2%E5%BA%97+%E5%8F%B0%E4%B8%AD%E5%B8%82%E6%9D%B1%E5%8D%80%E5%8D%81%E7%94%B2%E8%B7%AF373%E8%99%9F&hl=zh-TW#sv=CAESzAEKuAEStQEKd0FKaVQ0dEl5WGJDbVNPWURIMUdydXJuR0FPV3N0cFF2eFRnelg5dnlxUXhKMjd3R1RyaHMwYU8xcmNnd3gzSkN2emtKa05PZUw0eUNFaW5TekRCN0VaVF9pQmJYSG5DUmNvQkpFbHFoRkMtdUZ2UVVVaFQ3Tm9BEhZfODlnYXByVkh1TGMxZThQN0xld0NBGiJBRHNyOWZURW8wLTc3REhMS2N0VnBCMHlYMDNLdi1GSFVnEgQ4MTI0GgEzKgAwADgBQAAYKiD09sX2BDoASgIQAQ","Playwright batch opened Google Order flow and read visible pickup/delivery providers."
"macu-tw-074","台中后里店","中部","台中市","后里區","台中市后里區甲后路一段479號","04-25586582","confirmed","confirmed","true","true","","Uber Eats","LINE、Uber Eats、食在麻吉 eathere","Uber Eats","https://www.google.com/search?q=%E9%BA%BB%E5%8F%A4%E8%8C%B6%E5%9D%8A%20%E5%8F%B0%E4%B8%AD%E5%90%8E%E9%87%8C%E5%BA%97%20%E5%8F%B0%E4%B8%AD%E5%B8%82%E5%90%8E%E9%87%8C%E5%8D%80%E7%94%B2%E5%90%8E%E8%B7%AF%E4%B8%80%E6%AE%B5479%E8%99%9F&hl=zh-TW#sv=CAESzQEKuQEStgEKd0FKaVQ0dElsU2x0V2dhU2NmM3YtUDdoYjBSaC1oQzhaUXFFRDg2NmM1Uy05QUp0MW95dk9rUHlaUnhvS1d3SDBkU3k0ZXdrQWFRMVhpbjlwVTdkZnJCcDZkZGxsVjNzVzVkS1N3Wk5FYU1BVEZ3NkJEdjJEbXlZEhdRaTFoYXN2b05PZnQxZThQa09IQzZBdxoiQURzcjlmUXVjbzNsRlVQM3M1NkF6NVIyOUpHY3VMTTVKdxIEODEyNBoBMyoAMAA4AUAAGCogmsHtHzoASgIQAQ","https://www.google.com/search?q=%E9%BA%BB%E5%8F%A4%E8%8C%B6%E5%9D%8A%20%E5%8F%B0%E4%B8%AD%E5%90%8E%E9%87%8C%E5%BA%97%20%E5%8F%B0%E4%B8%AD%E5%B8%82%E5%90%8E%E9%87%8C%E5%8D%80%E7%94%B2%E5%90%8E%E8%B7%AF%E4%B8%80%E6%AE%B5479%E8%99%9F&hl=zh-TW#sv=CAESzQEKuQEStgEKd0FKaVQ0dElsU2x0V2dhU2NmM3YtUDdoYjBSaC1oQzhaUXFFRDg2NmM1Uy05QUp0MW95dk9rUHlaUnhvS1d3SDBkU3k0ZXdrQWFRMVhpbjlwVTdkZnJCcDZkZGxsVjNzVzVkS1N3Wk5FYU1BVEZ3NkJEdjJEbXlZEhdRaTFoYXN2b05PZnQxZThQa09IQzZBdxoiQURzcjlmUXVjbzNsRlVQM3M1NkF6NVIyOUpHY3VMTTVKdxIEODEyNBoBMyoAMAA4AUAAGCogmsHtHzoASgIQAQ","Playwright batch opened Google Order flow and read visible pickup/delivery providers."
"macu-tw-115","台中向上黎明店","中部","台中市","南屯區","台中市南屯區三厝里向上路二段453號1樓","04-23895503","confirmed","confirmed","true","true","","Uber Eats","LINE、Uber Eats、食在麻吉 eathere","Uber Eats","https://www.google.com/search?q=%E9%BA%BB%E5%8F%A4%E8%8C%B6%E5%9D%8A+%E5%8F%B0%E4%B8%AD%E5%90%91%E4%B8%8A%E9%BB%8E%E6%98%8E%E5%BA%97+%E5%8F%B0%E4%B8%AD%E5%B8%82%E5%8D%97%E5%B1%AF%E5%8D%80%E4%B8%89%E5%8E%9D%E9%87%8C%E5%90%91%E4%B8%8A%E8%B7%AF%E4%BA%8C%E6%AE%B5453%E8%99%9F1%E6%A8%93&hl=zh-TW#sv=CAESzQEKuQEStgEKd0FKaVQ0dElnM25DRC0zTGlDU3ZTMlpjTld1aHZYTDc0X3BqQ0FaZEpiQUF1TzJsWDdlUUZ5TUloNUVwWkd4TU04TmF2U3huTTJNZ25meHUzMVVkaXZLN0hab3BGV2JNR2lNX1Utb1p2SU14bkU3bUxDcmF4dVFrEhdPTkJnYXBEY0dKT292cjBQbXNfSm9BcxoiQURzcjlmUW5rOEJZenN2MUFHR1lGX0FDcm5sREJRN2VqZxIEODEyNBoBMyoAMAA4AUAAGCogqpTpMDoASgIQAQ","https://www.google.com/search?q=%E9%BA%BB%E5%8F%A4%E8%8C%B6%E5%9D%8A+%E5%8F%B0%E4%B8%AD%E5%90%91%E4%B8%8A%E9%BB%8E%E6%98%8E%E5%BA%97+%E5%8F%B0%E4%B8%AD%E5%B8%82%E5%8D%97%E5%B1%AF%E5%8D%80%E4%B8%89%E5%8E%9D%E9%87%8C%E5%90%91%E4%B8%8A%E8%B7%AF%E4%BA%8C%E6%AE%B5453%E8%99%9F1%E6%A8%93&hl=zh-TW#sv=CAESzQEKuQEStgEKd0FKaVQ0dElnM25DRC0zTGlDU3ZTMlpjTld1aHZYTDc0X3BqQ0FaZEpiQUF1TzJsWDdlUUZ5TUloNUVwWkd4TU04TmF2U3huTTJNZ25meHUzMVVkaXZLN0hab3BGV2JNR2lNX1Utb1p2SU14bkU3bUxDcmF4dVFrEhdPTkJnYXBEY0dKT292cjBQbXNfSm9BcxoiQURzcjlmUW5rOEJZenN2MUFHR1lGX0FDcm5sREJRN2VqZxIEODEyNBoBMyoAMAA4AUAAGCogqpTpMDoASgIQAQ","Playwright batch opened Google Order flow and read visible pickup/delivery providers."
"macu-tw-073","台中國美店","中部","台中市","西區","台中市西區美村路一段649號","04-23785657","confirmed","confirmed","true","true","","Uber Eats","LINE、Uber Eats、食在麻吉 eathere","Uber Eats","https://www.google.com/search?q=%E9%BA%BB%E5%8F%A4%E8%8C%B6%E5%9D%8A%20%E5%8F%B0%E4%B8%AD%E5%9C%8B%E7%BE%8E%E5%BA%97%20%E5%8F%B0%E4%B8%AD%E5%B8%82%E8%A5%BF%E5%8D%80%E7%BE%8E%E6%9D%91%E8%B7%AF%E4%B8%80%E6%AE%B5649%E8%99%9F&hl=zh-TW#sv=CAESzQEKuQEStgEKd0FKaVQ0dEl3TG9kbkNTdEt5eUxLc3Z3Q3p5WkUzRzFicVBoM25fMmhVdjlLT2xmVi1JMlFhUnluYTFib2Z1MTFLYWZSMkZCVFliZ1NXaldfXzVXQi0tb2cwYjBCSFlYR05fQmdhbEhXVnpUMkgzZmc2dXVJY05JEhdTdEJnYXJhV0xfdVB2cjBQOXR1T3FRRRoiQURzcjlmVGV6ZWJ5U3BYdVdGVm5JZG5RU2lpNGFObzl5ZxIEODEyNBoBMyoAMAA4AUAAGCog-YOiigM6AEoCEAE","https://www.google.com/search?q=%E9%BA%BB%E5%8F%A4%E8%8C%B6%E5%9D%8A%20%E5%8F%B0%E4%B8%AD%E5%9C%8B%E7%BE%8E%E5%BA%97%20%E5%8F%B0%E4%B8%AD%E5%B8%82%E8%A5%BF%E5%8D%80%E7%BE%8E%E6%9D%91%E8%B7%AF%E4%B8%80%E6%AE%B5649%E8%99%9F&hl=zh-TW#sv=CAESzQEKuQEStgEKd0FKaVQ0dEl3TG9kbkNTdEt5eUxLc3Z3Q3p5WkUzRzFicVBoM25fMmhVdjlLT2xmVi1JMlFhUnluYTFib2Z1MTFLYWZSMkZCVFliZ1NXaldfXzVXQi0tb2cwYjBCSFlYR05fQmdhbEhXVnpUMkgzZmc2dXVJY05JEhdTdEJnYXJhV0xfdVB2cjBQOXR1T3FRRRoiQURzcjlmVGV6ZWJ5U3BYdVdGVm5JZG5RU2lpNGFObzl5ZxIEODEyNBoBMyoAMAA4AUAAGCog-YOiigM6AEoCEAE","Playwright batch opened Google Order flow and read visible pickup/delivery providers."
"macu-tw-086","台中大墩店","中部","台中市","西屯區","台中市西屯區大墩路875號","04-23201036","confirmed","confirmed","true","true","","Uber Eats","LINE、Uber Eats、食在麻吉 eathere","Uber Eats","https://www.google.com/search?q=%E9%BA%BB%E5%8F%A4%E8%8C%B6%E5%9D%8A%20%E5%8F%B0%E4%B8%AD%E5%A4%A7%E5%A2%A9%E5%BA%97%20%E5%8F%B0%E4%B8%AD%E5%B8%82%E8%A5%BF%E5%B1%AF%E5%8D%80%E5%A4%A7%E5%A2%A9%E8%B7%AF875%E8%99%9F&hl=zh-TW#sv=CAESzAEKuAEStQEKd0FKaVQ0dEtCUy1WRnppY3RXQzJxdkxRc0FIdGJpRkROT3JValJrTDZBVkFMbVAzSGtjSld6NnFQUHhfeWUwSkQ5WFQtdGktbUJBeEVZbXh5MmItMktJVEhZV052TzJlTjZrNndzakRQal9uY2wtTEpUeGhJSkRFEhZYdEJnYXR0ZXhxUy12UV9yci1pd0JBGiJBRHNyOWZUX2JEM3F2QkhOekVqcjVBX3UyVE9DakxJbWxREgQ4MTI0GgEzKgAwADgBQAAYKiCK0qffAjoASgIQAQ","https://www.google.com/search?q=%E9%BA%BB%E5%8F%A4%E8%8C%B6%E5%9D%8A%20%E5%8F%B0%E4%B8%AD%E5%A4%A7%E5%A2%A9%E5%BA%97%20%E5%8F%B0%E4%B8%AD%E5%B8%82%E8%A5%BF%E5%B1%AF%E5%8D%80%E5%A4%A7%E5%A2%A9%E8%B7%AF875%E8%99%9F&hl=zh-TW#sv=CAESzAEKuAEStQEKd0FKaVQ0dEtCUy1WRnppY3RXQzJxdkxRc0FIdGJpRkROT3JValJrTDZBVkFMbVAzSGtjSld6NnFQUHhfeWUwSkQ5WFQtdGktbUJBeEVZbXh5MmItMktJVEhZV052TzJlTjZrNndzakRQal9uY2wtTEpUeGhJSkRFEhZYdEJnYXR0ZXhxUy12UV9yci1pd0JBGiJBRHNyOWZUX2JEM3F2QkhOekVqcjVBX3UyVE9DakxJbWxREgQ4MTI0GgEzKgAwADgBQAAYKiCK0qffAjoASgIQAQ","Playwright batch opened Google Order flow and read visible pickup/delivery providers."
"macu-tw-078","台中大慶店","中部","台中市","南區","台中市南區復興路一段311號","04-22632700","confirmed","confirmed","true","true","","Uber Eats","LINE、Uber Eats、食在麻吉 eathere","Uber Eats","https://www.google.com/search?q=%E9%BA%BB%E5%8F%A4%E8%8C%B6%E5%9D%8A%20%E5%8F%B0%E4%B8%AD%E5%A4%A7%E6%85%B6%E5%BA%97%20%E5%8F%B0%E4%B8%AD%E5%B8%82%E5%8D%97%E5%8D%80%E5%BE%A9%E8%88%88%E8%B7%AF%E4%B8%80%E6%AE%B5311%E8%99%9F&hl=zh-TW#sv=CAESzQEKuQEStgEKd0FKaVQ0dEpQN0NaNkJreGY5WVZyOG1sQkpxOVZwVEdXclphNHlqdkJCXzJqQW9mcVFkTXNMSWdselVScmNmQnRlOU1XRjllYjZhSHJfTnR5RVAzMHM5ckF3a2V3WkJrWjQ4X28zaXF4RFpLT2VVMm5pdEprMVhzEhdjTkJnYXZtSU9zaWx2cjBQc0lYUXNRYxoiQURzcjlmUzNCN1FBdUJJU0ptRTJpTFZCb0txdmk1QlR6dxIEODEyNBoBMyoAMAA4AUAAGCog-Z_Ylwk6AEoCEAE","https://www.google.com/search?q=%E9%BA%BB%E5%8F%A4%E8%8C%B6%E5%9D%8A%20%E5%8F%B0%E4%B8%AD%E5%A4%A7%E6%85%B6%E5%BA%97%20%E5%8F%B0%E4%B8%AD%E5%B8%82%E5%8D%97%E5%8D%80%E5%BE%A9%E8%88%88%E8%B7%AF%E4%B8%80%E6%AE%B5311%E8%99%9F&hl=zh-TW#sv=CAESzQEKuQEStgEKd0FKaVQ0dEpQN0NaNkJreGY5WVZyOG1sQkpxOVZwVEdXclphNHlqdkJCXzJqQW9mcVFkTXNMSWdselVScmNmQnRlOU1XRjllYjZhSHJfTnR5RVAzMHM5ckF3a2V3WkJrWjQ4X28zaXF4RFpLT2VVMm5pdEprMVhzEhdjTkJnYXZtSU9zaWx2cjBQc0lYUXNRYxoiQURzcjlmUzNCN1FBdUJJU0ptRTJpTFZCb0txdmk1QlR6dxIEODEyNBoBMyoAMAA4AUAAGCog-Z_Ylwk6AEoCEAE","Playwright batch opened Google Order flow and read visible pickup/delivery providers."
"macu-tw-098","台中太原店","中部","台中市","北屯區","406台中市北屯區太原路三段1136-2號","04 2436 1223","confirmed","confirmed","true","true","","Uber Eats","LINE、Uber Eats、食在麻吉 eathere","Uber Eats","https://www.google.com/search?q=%E9%BA%BB%E5%8F%A4%E8%8C%B6%E5%9D%8A%20%E5%8F%B0%E4%B8%AD%E5%A4%AA%E5%8E%9F%E5%BA%97%20%E5%8F%B0%E4%B8%AD%E5%B8%82%E5%8C%97%E5%B1%AF%E5%8D%80%E5%A4%AA%E5%8E%9F%E8%B7%AF%E4%B8%89%E6%AE%B51136-2%E8%99%9F&hl=zh-TW#sv=CAESzAEKuAEStQEKd0FKaVQ0dEpWZHZFaGR4a3UwUUw2SGZ1eERSSGtpVDQyVWg3RFFzQjhDNHRSVXVZRjFDU3N0QndkTS05THZ4emFIb0hPSjFFUlBUTjZMU2QwbHFOV3hkVlVXRTlJSzVNTk9Rd2xIbWZwekFfT1BlaWkxQW9OcDVJEhZoZEJnYXJxUUc4bVR2cjBQc29McGFRGiJBRHNyOWZSRno4cklydzFlcGkzbUQyQjNFTUUwNmF0YmtBEgQ4MTI0GgEzKgAwADgBQAAYKiCyzo-YBToASgIQAQ","https://www.google.com/search?q=%E9%BA%BB%E5%8F%A4%E8%8C%B6%E5%9D%8A%20%E5%8F%B0%E4%B8%AD%E5%A4%AA%E5%8E%9F%E5%BA%97%20%E5%8F%B0%E4%B8%AD%E5%B8%82%E5%8C%97%E5%B1%AF%E5%8D%80%E5%A4%AA%E5%8E%9F%E8%B7%AF%E4%B8%89%E6%AE%B51136-2%E8%99%9F&hl=zh-TW#sv=CAESzAEKuAEStQEKd0FKaVQ0dEpWZHZFaGR4a3UwUUw2SGZ1eERSSGtpVDQyVWg3RFFzQjhDNHRSVXVZRjFDU3N0QndkTS05THZ4emFIb0hPSjFFUlBUTjZMU2QwbHFOV3hkVlVXRTlJSzVNTk9Rd2xIbWZwekFfT1BlaWkxQW9OcDVJEhZoZEJnYXJxUUc4bVR2cjBQc29McGFRGiJBRHNyOWZSRno4cklydzFlcGkzbUQyQjNFTUUwNmF0YmtBEgQ4MTI0GgEzKgAwADgBQAAYKiCyzo-YBToASgIQAQ","Playwright batch opened Google Order flow and read visible pickup/delivery providers."
"macu-tw-094","台中學士店","中部","台中市","北區","台中市北區學士路198號","04-22367058","confirmed","confirmed","true","true","","Uber Eats","LINE、Uber Eats、食在麻吉 eathere","Uber Eats","https://www.google.com/search?q=%E9%BA%BB%E5%8F%A4%E8%8C%B6%E5%9D%8A%20%E5%8F%B0%E4%B8%AD%E5%AD%B8%E5%A3%AB%E5%BA%97%20%E5%8F%B0%E4%B8%AD%E5%B8%82%E5%8C%97%E5%8D%80%E5%AD%B8%E5%A3%AB%E8%B7%AF198%E8%99%9F&hl=zh-TW#sv=CAESzQEKuQEStgEKd0FKaVQ0dEk4WjB6WW1ZdnBoN1hENmNEYW5aVnh0eE5vNXB1cGdUVFhENm9iSU1KVFRyWm8xRlo1ZzJua1dZd2RNMWV1dTNBUkRQRmJyeWdtaE9aSGxjZEdFbDY1VWZ5WkNRNW81S2Y3TjFLUTYwbEJJQnkyb00wEhdudEJnYXNueEc3U0MxZThQdTZfVzJRURoiQURzcjlmUkhDcUN0Z01mWjhkdXNKWnNFVDAwVTFjV2gydxIEODEyNBoBMyoAMAA4AUAAGCogtqTPlg06AEoCEAE","https://www.google.com/search?q=%E9%BA%BB%E5%8F%A4%E8%8C%B6%E5%9D%8A%20%E5%8F%B0%E4%B8%AD%E5%AD%B8%E5%A3%AB%E5%BA%97%20%E5%8F%B0%E4%B8%AD%E5%B8%82%E5%8C%97%E5%8D%80%E5%AD%B8%E5%A3%AB%E8%B7%AF198%E8%99%9F&hl=zh-TW#sv=CAESzQEKuQEStgEKd0FKaVQ0dEk4WjB6WW1ZdnBoN1hENmNEYW5aVnh0eE5vNXB1cGdUVFhENm9iSU1KVFRyWm8xRlo1ZzJua1dZd2RNMWV1dTNBUkRQRmJyeWdtaE9aSGxjZEdFbDY1VWZ5WkNRNW81S2Y3TjFLUTYwbEJJQnkyb00wEhdudEJnYXNueEc3U0MxZThQdTZfVzJRURoiQURzcjlmUkhDcUN0Z01mWjhkdXNKWnNFVDAwVTFjV2gydxIEODEyNBoBMyoAMAA4AUAAGCogtqTPlg06AEoCEAE","Playwright batch opened Google Order flow and read visible pickup/delivery providers."
"macu-tw-077","台中崇德漢口店","中部","台中市","北區","台中市北區漢口路四段375-6號","04-22369498","confirmed","confirmed","true","true","","Uber Eats","LINE、Uber Eats、食在麻吉 eathere","Uber Eats","https://www.google.com/search?q=%E9%BA%BB%E5%8F%A4%E8%8C%B6%E5%9D%8A+%E5%8F%B0%E4%B8%AD%E5%B4%87%E5%BE%B7%E6%BC%A2%E5%8F%A3%E5%BA%97+%E5%8F%B0%E4%B8%AD%E5%B8%82%E5%8C%97%E5%8D%80%E6%BC%A2%E5%8F%A3%E8%B7%AF%E5%9B%9B%E6%AE%B5375-6%E8%99%9F&hl=zh-TW#sv=CAESzQEKuQEStgEKd0FKaVQ0dEozSnlKNjVxa0NBQ3pYTDZjWkNjSzM1Y1MycEVGZUkycHp4YXU4SGdvNDFwd2gxdXFyeUZGRThzcVJQV0RrWjNQRG81RGxFczVsdlB5MFVrMFVqbWlsQ1lsSjZ0US1nWS1EdFp1dkdDSGR5VDZfQVJJEhd1ZEJnYW9YcEZ1aVJ2cjBQbF9qZnNROBoiQURzcjlmU0h5RzN2QUNUdFdxak03aEppTzFtX2UzdnpfURIEODEyNBoBMyoAMAA4AUAAGCogz6nO4QE6AEoCEAE","https://www.google.com/search?q=%E9%BA%BB%E5%8F%A4%E8%8C%B6%E5%9D%8A+%E5%8F%B0%E4%B8%AD%E5%B4%87%E5%BE%B7%E6%BC%A2%E5%8F%A3%E5%BA%97+%E5%8F%B0%E4%B8%AD%E5%B8%82%E5%8C%97%E5%8D%80%E6%BC%A2%E5%8F%A3%E8%B7%AF%E5%9B%9B%E6%AE%B5375-6%E8%99%9F&hl=zh-TW#sv=CAESzQEKuQEStgEKd0FKaVQ0dEozSnlKNjVxa0NBQ3pYTDZjWkNjSzM1Y1MycEVGZUkycHp4YXU4SGdvNDFwd2gxdXFyeUZGRThzcVJQV0RrWjNQRG81RGxFczVsdlB5MFVrMFVqbWlsQ1lsSjZ0US1nWS1EdFp1dkdDSGR5VDZfQVJJEhd1ZEJnYW9YcEZ1aVJ2cjBQbF9qZnNROBoiQURzcjlmU0h5RzN2QUNUdFdxak03aEppTzFtX2UzdnpfURIEODEyNBoBMyoAMAA4AUAAGCogz6nO4QE6AEoCEAE","Playwright batch opened Google Order flow and read visible pickup/delivery providers."
"macu-tw-108","台中忠勇店","中部","台中市","南屯區","台中市南屯區忠勇路41-2號","04-23804698","confirmed","confirmed","true","true","","Uber Eats","LINE、Uber Eats、食在麻吉 eathere","Uber Eats","https://www.google.com/search?q=%E9%BA%BB%E5%8F%A4%E8%8C%B6%E5%9D%8A%20%E5%8F%B0%E4%B8%AD%E5%BF%A0%E5%8B%87%E5%BA%97%20%E5%8F%B0%E4%B8%AD%E5%B8%82%E5%8D%97%E5%B1%AF%E5%8D%80%E5%BF%A0%E5%8B%87%E8%B7%AF41-2%E8%99%9F&hl=zh-TW#sv=CAESzQEKuQEStgEKd0FKaVQ0dEp6cHoxaXpJb0x0MlZzT3VRallJZ2V4TWdmNjNzSlZjSmxFTVNBaUdrNXVqc3djY0M2TU10RmFjblFGbTdTaTNGYnNUYmdzTjY1WEpTZG9LZUdzR0QwT2NEQ1Z4a0xBdkQ4TnlUUEZvUE96WHVfSkdvEhd6TkJnYXZmTU1ibXl2cjBQak9iZzBBOBoiQURzcjlmU3pBMm5uNF9hc3dHWmtaanFLN1RxRWZVNmJEURIEODEyNBoBMyoAMAA4AUAAGCog3Mmf0AU6AEoCEAE","https://www.google.com/search?q=%E9%BA%BB%E5%8F%A4%E8%8C%B6%E5%9D%8A%20%E5%8F%B0%E4%B8%AD%E5%BF%A0%E5%8B%87%E5%BA%97%20%E5%8F%B0%E4%B8%AD%E5%B8%82%E5%8D%97%E5%B1%AF%E5%8D%80%E5%BF%A0%E5%8B%87%E8%B7%AF41-2%E8%99%9F&hl=zh-TW#sv=CAESzQEKuQEStgEKd0FKaVQ0dEp6cHoxaXpJb0x0MlZzT3VRallJZ2V4TWdmNjNzSlZjSmxFTVNBaUdrNXVqc3djY0M2TU10RmFjblFGbTdTaTNGYnNUYmdzTjY1WEpTZG9LZUdzR0QwT2NEQ1Z4a0xBdkQ4TnlUUEZvUE96WHVfSkdvEhd6TkJnYXZmTU1ibXl2cjBQak9iZzBBOBoiQURzcjlmU3pBMm5uNF9hc3dHWmtaanFLN1RxRWZVNmJEURIEODEyNBoBMyoAMAA4AUAAGCog3Mmf0AU6AEoCEAE","Playwright batch opened Google Order flow and read visible pickup/delivery providers."
"macu-tw-107","台中敦富店","中部","台中市","北屯區","台中市北屯區敦富一街113號","04-24373477","confirmed","confirmed","true","true","","Uber Eats","LINE、Uber Eats、食在麻吉 eathere","Uber Eats","https://www.google.com/search?q=%E9%BA%BB%E5%8F%A4%E8%8C%B6%E5%9D%8A%20%E5%8F%B0%E4%B8%AD%E6%95%A6%E5%AF%8C%E5%BA%97%20%E5%8F%B0%E4%B8%AD%E5%B8%82%E5%8C%97%E5%B1%AF%E5%8D%80%E6%95%A6%E5%AF%8C%E4%B8%80%E8%A1%97113%E8%99%9F&hl=zh-TW#sv=CAESzQEKuQEStgEKd0FKaVQ0dEpWZmVwQ3lGSEZGRklpWDJkNmhYbE5rbHhiajVfTUN5TUpmUTJqeFNheEJ5c2FPNHZyYWItRWFWVjRmVU9GNE13bTBBWmhTcndHbV9hWUxXaGtEUFJyRDVnbnlobGZNeDlHM1c2bzh5and2NVFCbURrEhc0TkJnYXFqLUY0YWt2cjBQejhiMGdBaxoiQURzcjlmUUxlOC1nb0dieUFUcWNsZklqcHdkV0RyR2ZkQRIEODEyNBoBMyoAMAA4AUAAGCoguNmEgQs6AEoCEAE","https://www.google.com/search?q=%E9%BA%BB%E5%8F%A4%E8%8C%B6%E5%9D%8A%20%E5%8F%B0%E4%B8%AD%E6%95%A6%E5%AF%8C%E5%BA%97%20%E5%8F%B0%E4%B8%AD%E5%B8%82%E5%8C%97%E5%B1%AF%E5%8D%80%E6%95%A6%E5%AF%8C%E4%B8%80%E8%A1%97113%E8%99%9F&hl=zh-TW#sv=CAESzQEKuQEStgEKd0FKaVQ0dEpWZmVwQ3lGSEZGRklpWDJkNmhYbE5rbHhiajVfTUN5TUpmUTJqeFNheEJ5c2FPNHZyYWItRWFWVjRmVU9GNE13bTBBWmhTcndHbV9hWUxXaGtEUFJyRDVnbnlobGZNeDlHM1c2bzh5and2NVFCbURrEhc0TkJnYXFqLUY0YWt2cjBQejhiMGdBaxoiQURzcjlmUUxlOC1nb0dieUFUcWNsZklqcHdkV0RyR2ZkQRIEODEyNBoBMyoAMAA4AUAAGCoguNmEgQs6AEoCEAE","Playwright batch opened Google Order flow and read visible pickup/delivery providers."
"macu-tw-114","台中昌平店","中部","台中市","北屯區","台中市北屯區昌平路一段107-7號1樓","04-2245-1717","confirmed","confirmed","true","true","","Uber Eats","LINE、Uber Eats、食在麻吉 eathere","Uber Eats","https://www.google.com/search?q=%E9%BA%BB%E5%8F%A4%E8%8C%B6%E5%9D%8A+%E5%8F%B0%E4%B8%AD%E6%98%8C%E5%B9%B3%E5%BA%97+%E5%8F%B0%E4%B8%AD%E5%B8%82%E5%8C%97%E5%B1%AF%E5%8D%80%E6%98%8C%E5%B9%B3%E8%B7%AF%E4%B8%80%E6%AE%B5107-7%E8%99%9F1%E6%A8%93&hl=zh-TW#sv=CAESzQEKuQEStgEKd0FKaVQ0dEl0c0xlcS05bVlPaXVvYWtVbmhicjdSOEU0UkVVWXhiNk1Xc2hQa2dRQk4tSzRYbHZLWTFoY3JMSmlfaVJod1dtaWRHb2pGblUxOHM5VGNKeUZHX3V0ZkdUU0pyVjBkTnFWcGViM2k5U2VsTnFBZ3pVEhc4OUJnYXQ2aFBLR092cjBQX2YzZjBRSRoiQURzcjlmU3NjQ1hucEhMOUNhdUpvenVkQXhEM2x2NUM5ZxIEODEyNBoBMyoAMAA4AUAAGCogtPW4ugY6AEoCEAE","https://www.google.com/search?q=%E9%BA%BB%E5%8F%A4%E8%8C%B6%E5%9D%8A+%E5%8F%B0%E4%B8%AD%E6%98%8C%E5%B9%B3%E5%BA%97+%E5%8F%B0%E4%B8%AD%E5%B8%82%E5%8C%97%E5%B1%AF%E5%8D%80%E6%98%8C%E5%B9%B3%E8%B7%AF%E4%B8%80%E6%AE%B5107-7%E8%99%9F1%E6%A8%93&hl=zh-TW#sv=CAESzQEKuQEStgEKd0FKaVQ0dEl0c0xlcS05bVlPaXVvYWtVbmhicjdSOEU0UkVVWXhiNk1Xc2hQa2dRQk4tSzRYbHZLWTFoY3JMSmlfaVJod1dtaWRHb2pGblUxOHM5VGNKeUZHX3V0ZkdUU0pyVjBkTnFWcGViM2k5U2VsTnFBZ3pVEhc4OUJnYXQ2aFBLR092cjBQX2YzZjBRSRoiQURzcjlmU3NjQ1hucEhMOUNhdUpvenVkQXhEM2x2NUM5ZxIEODEyNBoBMyoAMAA4AUAAGCogtPW4ugY6AEoCEAE","Playwright batch opened Google Order flow and read visible pickup/delivery providers."
"macu-tw-075","台中東海店","中部","台中市","龍井區","台中市龍井區新興路64號","04-26520560","confirmed","confirmed","true","true","","Uber Eats","LINE、Uber Eats、食在麻吉 eathere","Uber Eats","https://www.google.com/search?q=%E9%BA%BB%E5%8F%A4%E8%8C%B6%E5%9D%8A%20%E5%8F%B0%E4%B8%AD%E6%9D%B1%E6%B5%B7%E5%BA%97%20%E5%8F%B0%E4%B8%AD%E5%B8%82%E9%BE%8D%E4%BA%95%E5%8D%80%E6%96%B0%E8%88%88%E8%B7%AF64%E8%99%9F&hl=zh-TW#sv=CAESzQEKuQEStgEKd0FKaVQ0dEp1RGdURUNNRVBJTGNuaFYxOUdIOThZcVRYR0MydVJKR3c2V00wblNsSTFkVEV2SVlvNjItd0o1WF9aaHQwSFoyZUF0cEJmU1RPNmhpWWp5UzY0SGMyaGdIWkFVeDNqVFhSV2ZIbGh2YkljbnhRVzl3EhdCZEZnYXB1Zko2UDkxZThQeXJldTZRTRoiQURzcjlmUkk1aHZfQWJwMW9YdWR4MUY2TmQwZW44Sm9uQRIEODEyNBoBMyoAMAA4AUAAGCog9NPL7gQ6AEoCEAE","https://www.google.com/search?q=%E9%BA%BB%E5%8F%A4%E8%8C%B6%E5%9D%8A%20%E5%8F%B0%E4%B8%AD%E6%9D%B1%E6%B5%B7%E5%BA%97%20%E5%8F%B0%E4%B8%AD%E5%B8%82%E9%BE%8D%E4%BA%95%E5%8D%80%E6%96%B0%E8%88%88%E8%B7%AF64%E8%99%9F&hl=zh-TW#sv=CAESzQEKuQEStgEKd0FKaVQ0dEp1RGdURUNNRVBJTGNuaFYxOUdIOThZcVRYR0MydVJKR3c2V00wblNsSTFkVEV2SVlvNjItd0o1WF9aaHQwSFoyZUF0cEJmU1RPNmhpWWp5UzY0SGMyaGdIWkFVeDNqVFhSV2ZIbGh2YkljbnhRVzl3EhdCZEZnYXB1Zko2UDkxZThQeXJldTZRTRoiQURzcjlmUkk1aHZfQWJwMW9YdWR4MUY2TmQwZW44Sm9uQRIEODEyNBoBMyoAMAA4AUAAGCog9NPL7gQ6AEoCEAE","Playwright batch opened Google Order flow and read visible pickup/delivery providers."
"macu-tw-110","台中東興店","中部","台中市","南屯區","台中市南屯區東興路二段146號","04-2471-5012","confirmed","confirmed","true","true","","Uber Eats","LINE、Uber Eats、食在麻吉 eathere","Uber Eats","https://www.google.com/search?q=%E9%BA%BB%E5%8F%A4%E8%8C%B6%E5%9D%8A%20%E5%8F%B0%E4%B8%AD%E6%9D%B1%E8%88%88%E5%BA%97%20%E5%8F%B0%E4%B8%AD%E5%B8%82%E5%8D%97%E5%B1%AF%E5%8D%80%E6%9D%B1%E8%88%88%E8%B7%AF%E4%BA%8C%E6%AE%B5146%E8%99%9F&hl=zh-TW","https://www.google.com/search?q=%E9%BA%BB%E5%8F%A4%E8%8C%B6%E5%9D%8A%20%E5%8F%B0%E4%B8%AD%E6%9D%B1%E8%88%88%E5%BA%97%20%E5%8F%B0%E4%B8%AD%E5%B8%82%E5%8D%97%E5%B1%AF%E5%8D%80%E6%9D%B1%E8%88%88%E8%B7%AF%E4%BA%8C%E6%AE%B5146%E8%99%9F&hl=zh-TW#sv=CAESzQEKuQEStgEKd0FKaVQ0dEs2NW4xd3UtWVNPd3NsU3FpLXJoTTFWYVNRZEdoblNISUFYZWE2dkJuZWFPOTFxN2diLVRhaU83Ulp0V0dXbVhMb3RQVFNIZGxaRUdQYkJHcmhmYV9RcjJ6Qm1PM3Y0VkhzSWFoTE4zVk9rRy1LRm00EhdOSWRoYW9MTUxzX3MxZThQMF9QdG1RNBoiQURzcjlmVDZXeUZUdVFRTDNLNVBOdUplbmhkNE1hSnVCQRIEODEyNBoBMyoAMAA4AUAAGCoglJ2DyQVKAhAB","Playwright batch opened Google Order flow and read visible pickup/delivery providers."
"macu-tw-087","台中松竹店","中部","台中市","北屯區","台中市北屯區松竹路二段103號","04-22438695","confirmed","confirmed","true","true","","Uber Eats","LINE、Uber Eats、食在麻吉 eathere","Uber Eats","https://www.google.com/search?q=%E9%BA%BB%E5%8F%A4%E8%8C%B6%E5%9D%8A+%E5%8F%B0%E4%B8%AD%E6%9D%BE%E7%AB%B9%E5%BA%97+%E5%8F%B0%E4%B8%AD%E5%B8%82%E5%8C%97%E5%B1%AF%E5%8D%80%E6%9D%BE%E7%AB%B9%E8%B7%AF%E4%BA%8C%E6%AE%B5103%E8%99%9F&hl=zh-TW#sv=CAESzQEKuQEStgEKd0FKaVQ0dEtLdGJaOTN1QnJvbG4yZHE2bm80bU1xRWtmT05QSElLR0NxOWNUblgwbElqY3cxYjhQZ0piZG1ETVk0OHp1NnRya1JybjNaNDJyY2RJX1Vtdi1rVzJqbTFRMnA3cDdEZi0xcHc5RmZ2cGVVS3pKZG4wEhdMdEZnYXN6NElvNi12cjBQbE4zam1BdxoiQURzcjlmVFZYNHhiZUlGR2txcFE2MmEyWGVsN2t1Rnh4QRIEODEyNBoBMyoAMAA4AUAAGCogx_uDmwI6AEoCEAE","https://www.google.com/search?q=%E9%BA%BB%E5%8F%A4%E8%8C%B6%E5%9D%8A+%E5%8F%B0%E4%B8%AD%E6%9D%BE%E7%AB%B9%E5%BA%97+%E5%8F%B0%E4%B8%AD%E5%B8%82%E5%8C%97%E5%B1%AF%E5%8D%80%E6%9D%BE%E7%AB%B9%E8%B7%AF%E4%BA%8C%E6%AE%B5103%E8%99%9F&hl=zh-TW#sv=CAESzQEKuQEStgEKd0FKaVQ0dEtLdGJaOTN1QnJvbG4yZHE2bm80bU1xRWtmT05QSElLR0NxOWNUblgwbElqY3cxYjhQZ0piZG1ETVk0OHp1NnRya1JybjNaNDJyY2RJX1Vtdi1rVzJqbTFRMnA3cDdEZi0xcHc5RmZ2cGVVS3pKZG4wEhdMdEZnYXN6NElvNi12cjBQbE4zam1BdxoiQURzcjlmVFZYNHhiZUlGR2txcFE2MmEyWGVsN2t1Rnh4QRIEODEyNBoBMyoAMAA4AUAAGCogx_uDmwI6AEoCEAE","Playwright batch opened Google Order flow and read visible pickup/delivery providers."
"macu-tw-117","台中河南店","中部","台中市","西屯區","台中市西屯區河南路二段360號","04-24517766","confirmed","no_gmb_order_button","true","false","","","LINE、食在麻吉 eathere","","https://www.google.com/search?q=%E9%BA%BB%E5%8F%A4%E8%8C%B6%E5%9D%8A%20%E5%8F%B0%E4%B8%AD%E6%B2%B3%E5%8D%97%E5%BA%97%20%E5%8F%B0%E4%B8%AD%E5%B8%82%E8%A5%BF%E5%B1%AF%E5%8D%80%E6%B2%B3%E5%8D%97%E8%B7%AF%E4%BA%8C%E6%AE%B5360%E8%99%9F&hl=zh-TW","","Named GMB profile matched, but no Google Order entry was opened."
"macu-tw-102","台中清泉崗店","中部","台中市","大雅區","台中市大雅區中清路四段895號","04-25675788","confirmed","no_gmb_order_button","true","false","","","LINE、食在麻吉 eathere","","https://www.google.com/search?q=%E9%BA%BB%E5%8F%A4%E8%8C%B6%E5%9D%8A%20%E5%8F%B0%E4%B8%AD%E6%B8%85%E6%B3%89%E5%B4%97%E5%BA%97%20%E5%8F%B0%E4%B8%AD%E5%B8%82%E5%A4%A7%E9%9B%85%E5%8D%80%E4%B8%AD%E6%B8%85%E8%B7%AF%E5%9B%9B%E6%AE%B5895%E8%99%9F&hl=zh-TW","","Named GMB profile matched, but no Google Order entry was opened."
"macu-tw-092","台中神岡店","中部","台中市","神岡區","台中市神岡區中山路604號","04-25626768","confirmed","confirmed","true","true","","Uber Eats","LINE、Uber Eats、食在麻吉 eathere","Uber Eats","https://www.google.com/search?q=%E9%BA%BB%E5%8F%A4%E8%8C%B6%E5%9D%8A%20%E5%8F%B0%E4%B8%AD%E7%A5%9E%E5%B2%A1%E5%BA%97%20%E5%8F%B0%E4%B8%AD%E5%B8%82%E7%A5%9E%E5%B2%A1%E5%8D%80%E4%B8%AD%E5%B1%B1%E8%B7%AF604%E8%99%9F&hl=zh-TW#sv=CAESzQEKuQEStgEKd0FKaVQ0dElMNzZHV3ZXYUQwOEtYc1dqV3JVNlVqZWZoUWFFSFlGQVZHTkdrN3NTbThUaHhaR2V4TGxIeDhTYU9UMVdZa21TY1V5OUdwbHBKbWJQWkNLeXJlMGdqc3k2RkFtSU9QX3dKRzhjNmhDMEZnaGF1aUlZEhdadEZnYXFYSEhLRGkxZThQcXY2aGlBYxoiQURzcjlmVFh6TmxkUnR5RGo4SF9tR1NOdXZhc2NOV3FXURIEODEyNBoBMyoAMAA4AUAAGCogqqvN1wo6AEoCEAE","https://www.google.com/search?q=%E9%BA%BB%E5%8F%A4%E8%8C%B6%E5%9D%8A%20%E5%8F%B0%E4%B8%AD%E7%A5%9E%E5%B2%A1%E5%BA%97%20%E5%8F%B0%E4%B8%AD%E5%B8%82%E7%A5%9E%E5%B2%A1%E5%8D%80%E4%B8%AD%E5%B1%B1%E8%B7%AF604%E8%99%9F&hl=zh-TW#sv=CAESzQEKuQEStgEKd0FKaVQ0dElMNzZHV3ZXYUQwOEtYc1dqV3JVNlVqZWZoUWFFSFlGQVZHTkdrN3NTbThUaHhaR2V4TGxIeDhTYU9UMVdZa21TY1V5OUdwbHBKbWJQWkNLeXJlMGdqc3k2RkFtSU9QX3dKRzhjNmhDMEZnaGF1aUlZEhdadEZnYXFYSEhLRGkxZThQcXY2aGlBYxoiQURzcjlmVFh6TmxkUnR5RGo4SF9tR1NOdXZhc2NOV3FXURIEODEyNBoBMyoAMAA4AUAAGCogqqvN1wo6AEoCEAE","Playwright batch opened Google Order flow and read visible pickup/delivery providers."
"macu-tw-079","台中第二市場店","中部","台中市","中區","台中市中區三民路二段60號","04-2226-0203","confirmed","confirmed","true","true","","Uber Eats","LINE、Uber Eats、食在麻吉 eathere","Uber Eats","https://www.google.com/search?q=%E9%BA%BB%E5%8F%A4%E8%8C%B6%E5%9D%8A+%E5%8F%B0%E4%B8%AD%E7%AC%AC%E4%BA%8C%E5%B8%82%E5%A0%B4%E5%BA%97+%E5%8F%B0%E4%B8%AD%E5%B8%82%E4%B8%AD%E5%8D%80%E4%B8%89%E6%B0%91%E8%B7%AF%E4%BA%8C%E6%AE%B560%E8%99%9F&hl=zh-TW#sv=CAESzQEKuQEStgEKd0FKaVQ0dEp0RHpIdjNMZjJkeV9Hc3l1Wm9wYmVSeE8teE1VVUoxVTBUOUo4UUp1RXNPeTd3T2hwWUF5NjlscnYzOXkxVnNqQzJ3NWZURTh5YjJSdFctYjNEZzlvdG9hbHpkaXBjZTc4SUxxeEtrMnBsdExBbkg0EhdlTkZnYXZ6M09iUDMxZThQcl9iMnFBcxoiQURzcjlmUXlubFhUVWFIUUlOdHFIUEdFOGtzSzh3aG1lZxIEODEyNBoBMyoAMAA4AUAAGCogu-aw2gg6AEoCEAE","https://www.google.com/search?q=%E9%BA%BB%E5%8F%A4%E8%8C%B6%E5%9D%8A+%E5%8F%B0%E4%B8%AD%E7%AC%AC%E4%BA%8C%E5%B8%82%E5%A0%B4%E5%BA%97+%E5%8F%B0%E4%B8%AD%E5%B8%82%E4%B8%AD%E5%8D%80%E4%B8%89%E6%B0%91%E8%B7%AF%E4%BA%8C%E6%AE%B560%E8%99%9F&hl=zh-TW#sv=CAESzQEKuQEStgEKd0FKaVQ0dEp0RHpIdjNMZjJkeV9Hc3l1Wm9wYmVSeE8teE1VVUoxVTBUOUo4UUp1RXNPeTd3T2hwWUF5NjlscnYzOXkxVnNqQzJ3NWZURTh5YjJSdFctYjNEZzlvdG9hbHpkaXBjZTc4SUxxeEtrMnBsdExBbkg0EhdlTkZnYXZ6M09iUDMxZThQcl9iMnFBcxoiQURzcjlmUXlubFhUVWFIUUlOdHFIUEdFOGtzSzh3aG1lZxIEODEyNBoBMyoAMAA4AUAAGCogu-aw2gg6AEoCEAE","Playwright batch opened Google Order flow and read visible pickup/delivery providers."
"macu-tw-095","台中美村南店","中部","台中市","南區","台中市南區美村南路92號","04-22608138","confirmed","no_gmb_order_button","true","false","","","LINE、食在麻吉 eathere","","https://www.google.com/search?q=%E9%BA%BB%E5%8F%A4%E8%8C%B6%E5%9D%8A%20%E5%8F%B0%E4%B8%AD%E7%BE%8E%E6%9D%91%E5%8D%97%E5%BA%97%20%E5%8F%B0%E4%B8%AD%E5%B8%82%E5%8D%97%E5%8D%80%E7%BE%8E%E6%9D%91%E5%8D%97%E8%B7%AF92%E8%99%9F&hl=zh-TW","","Named GMB profile matched, but no Google Order entry was opened."
"macu-tw-104","台中車站復興店","中部","台中市","東區","台中市東區復興路四段106號","04-22294886","confirmed","confirmed","true","true","","Uber Eats","LINE、Uber Eats、食在麻吉 eathere","Uber Eats","https://www.google.com/search?q=%E9%BA%BB%E5%8F%A4%E8%8C%B6%E5%9D%8A+%E5%8F%B0%E4%B8%AD%E8%BB%8A%E7%AB%99%E5%BE%A9%E8%88%88%E5%BA%97+%E5%8F%B0%E4%B8%AD%E5%B8%82%E6%9D%B1%E5%8D%80%E5%BE%A9%E8%88%88%E8%B7%AF%E5%9B%9B%E6%AE%B5106%E8%99%9F&hl=zh-TW&sei=wUVhasjxAaeRvr0Pz7zh6Aw#sv=CAESzQEKuQEStgEKd0FKaVQ0dEwwcE9vd0Nsc0s4V2w2UTZfbG5PN1ZYWmYzNy0zcHFvX3FUXzg3ajQ0T0RNeGdfZjZhcklsRlFQc0lDazlVSmRLdC10b2p3SXB0MHhPOFpQeWN4VDRMUk1IMTIwQUN4TDRuNzFQYkxCRm9oZENWQWdVEhdwdEZnYXZQUkl0VFoxZThQNlltUG9BTRoiQURzcjlmUzFSdndRRUdWbGJrMWQyWllZblY5WW5SeGNTQRIEODEyNBoBMyoAMAA4AUAAGCogx8K-xgc6AEoCEAE","https://www.google.com/search?q=%E9%BA%BB%E5%8F%A4%E8%8C%B6%E5%9D%8A+%E5%8F%B0%E4%B8%AD%E8%BB%8A%E7%AB%99%E5%BE%A9%E8%88%88%E5%BA%97+%E5%8F%B0%E4%B8%AD%E5%B8%82%E6%9D%B1%E5%8D%80%E5%BE%A9%E8%88%88%E8%B7%AF%E5%9B%9B%E6%AE%B5106%E8%99%9F&hl=zh-TW&sei=wUVhasjxAaeRvr0Pz7zh6Aw#sv=CAESzQEKuQEStgEKd0FKaVQ0dEwwcE9vd0Nsc0s4V2w2UTZfbG5PN1ZYWmYzNy0zcHFvX3FUXzg3ajQ0T0RNeGdfZjZhcklsRlFQc0lDazlVSmRLdC10b2p3SXB0MHhPOFpQeWN4VDRMUk1IMTIwQUN4TDRuNzFQYkxCRm9oZENWQWdVEhdwdEZnYXZQUkl0VFoxZThQNlltUG9BTRoiQURzcjlmUzFSdndRRUdWbGJrMWQyWllZblY5WW5SeGNTQRIEODEyNBoBMyoAMAA4AUAAGCogx8K-xgc6AEoCEAE","Playwright batch opened Google Order flow and read visible pickup/delivery providers."
"macu-tw-116","台中青海店","中部","台中市","西屯區","台中市西屯區何厝里青海路1段30號","04-23146828","confirmed","confirmed","true","true","","Uber Eats","LINE、Uber Eats、食在麻吉 eathere","Uber Eats","https://www.google.com/search?q=%E9%BA%BB%E5%8F%A4%E8%8C%B6%E5%9D%8A+%E5%8F%B0%E4%B8%AD%E9%9D%92%E6%B5%B7%E5%BA%97+%E5%8F%B0%E4%B8%AD%E5%B8%82%E8%A5%BF%E5%B1%AF%E5%8D%80%E4%BD%95%E5%8E%9D%E9%87%8C%E9%9D%92%E6%B5%B7%E8%B7%AF1%E6%AE%B530%E8%99%9F&hl=zh-TW#sv=CAESzQEKuQEStgEKd0FKaVQ0dEtROXNpNzU1d1psUEFNVDBXanpGLXVlREgzWUpjNTdXUHlhSm5IRHhqVi1OeDhPTXdPODd5Vnk0NTZ1MlQ2LVozUG1JdE84akt4U3FoQ1FZOEZSb3FXSVRuV3ZjWFdGUHZ5Vk0xY2l5eG00Tk5YcnM0Ehd1dEZnYXAzTkdMeTl2cjBQNkkyNW1RWRoiQURzcjlmU2dSQlJka29BNHpLQmV4OFAzT1VNd2xEeHNUURIEODEyNBoBMyoAMAA4AUAAGCog4tHv9AI6AEoCEAE","https://www.google.com/search?q=%E9%BA%BB%E5%8F%A4%E8%8C%B6%E5%9D%8A+%E5%8F%B0%E4%B8%AD%E9%9D%92%E6%B5%B7%E5%BA%97+%E5%8F%B0%E4%B8%AD%E5%B8%82%E8%A5%BF%E5%B1%AF%E5%8D%80%E4%BD%95%E5%8E%9D%E9%87%8C%E9%9D%92%E6%B5%B7%E8%B7%AF1%E6%AE%B530%E8%99%9F&hl=zh-TW#sv=CAESzQEKuQEStgEKd0FKaVQ0dEtROXNpNzU1d1psUEFNVDBXanpGLXVlREgzWUpjNTdXUHlhSm5IRHhqVi1OeDhPTXdPODd5Vnk0NTZ1MlQ2LVozUG1JdE84akt4U3FoQ1FZOEZSb3FXSVRuV3ZjWFdGUHZ5Vk0xY2l5eG00Tk5YcnM0Ehd1dEZnYXAzTkdMeTl2cjBQNkkyNW1RWRoiQURzcjlmU2dSQlJka29BNHpLQmV4OFAzT1VNd2xEeHNUURIEODEyNBoBMyoAMAA4AUAAGCog4tHv9AI6AEoCEAE","Playwright batch opened Google Order flow and read visible pickup/delivery providers."
"macu-tw-090","大甲順天店","中部","台中市","大甲區","台中市大甲區順天路233號","04-26889996","confirmed","no_gmb_order_button","true","false","","","LINE、食在麻吉 eathere","","https://www.google.com/search?q=%E9%BA%BB%E5%8F%A4%E8%8C%B6%E5%9D%8A%20%E5%A4%A7%E7%94%B2%E9%A0%86%E5%A4%A9%E5%BA%97%20%E5%8F%B0%E4%B8%AD%E5%B8%82%E5%A4%A7%E7%94%B2%E5%8D%80%E9%A0%86%E5%A4%A9%E8%B7%AF233%E8%99%9F&hl=zh-TW","","Named GMB profile matched, but no Google Order entry was opened."
"macu-tw-106","大里中興店","中部","台中市","大里區","台中市大里區中興路二段135號","04-24866082","confirmed","confirmed","true","true","","Uber Eats","LINE、Uber Eats、食在麻吉 eathere","Uber Eats","https://www.google.com/search?q=%E9%BA%BB%E5%8F%A4%E8%8C%B6%E5%9D%8A+%E5%A4%A7%E9%87%8C%E4%B8%AD%E8%88%88%E5%BA%97+%E5%8F%B0%E4%B8%AD%E5%B8%82%E5%A4%A7%E9%87%8C%E5%8D%80%E4%B8%AD%E8%88%88%E8%B7%AF%E4%BA%8C%E6%AE%B5135%E8%99%9F&hl=zh-TW#sv=CAESzQEKuQEStgEKd0FKaVQ0dEtXb2d6Q3huZVFmVHNtM3VtbERkcUlRSWpYMllHdUMteW9ac3JzRXRTWjJQTUpMQlNEWEw2RTZnaWdKTUdhS25uazVManB2a19mQ19pQm01bW1YWnNBVWw2SFg0SGFJSDZ0QzlNci1WUUFiSl9CM3l3EhczOUZnYXJ2MEtPZmoxZThQd0plaXNBSRoiQURzcjlmUnliNGJyTGNWMzRWMkNSdjExUUphSWl6ZEhMURIEODEyNBoBMyoAMAA4AUAAGCog49atiAg6AEoCEAE","https://www.google.com/search?q=%E9%BA%BB%E5%8F%A4%E8%8C%B6%E5%9D%8A+%E5%A4%A7%E9%87%8C%E4%B8%AD%E8%88%88%E5%BA%97+%E5%8F%B0%E4%B8%AD%E5%B8%82%E5%A4%A7%E9%87%8C%E5%8D%80%E4%B8%AD%E8%88%88%E8%B7%AF%E4%BA%8C%E6%AE%B5135%E8%99%9F&hl=zh-TW#sv=CAESzQEKuQEStgEKd0FKaVQ0dEtXb2d6Q3huZVFmVHNtM3VtbERkcUlRSWpYMllHdUMteW9ac3JzRXRTWjJQTUpMQlNEWEw2RTZnaWdKTUdhS25uazVManB2a19mQ19pQm01bW1YWnNBVWw2SFg0SGFJSDZ0QzlNci1WUUFiSl9CM3l3EhczOUZnYXJ2MEtPZmoxZThQd0plaXNBSRoiQURzcjlmUnliNGJyTGNWMzRWMkNSdjExUUphSWl6ZEhMURIEODEyNBoBMyoAMAA4AUAAGCog49atiAg6AEoCEAE","Playwright batch opened Google Order flow and read visible pickup/delivery providers."
"macu-tw-083","大里塗城店","中部","台中市","大里區","台中市大里區中興路一段225號","04-24960383","confirmed","confirmed","true","true","","Uber Eats","LINE、Uber Eats、食在麻吉 eathere","Uber Eats","https://www.google.com/search?q=%E9%BA%BB%E5%8F%A4%E8%8C%B6%E5%9D%8A+%E5%A4%A7%E9%87%8C%E5%A1%97%E5%9F%8E%E5%BA%97+%E5%8F%B0%E4%B8%AD%E5%B8%82%E5%A4%A7%E9%87%8C%E5%8D%80%E4%B8%AD%E8%88%88%E8%B7%AF%E4%B8%80%E6%AE%B5225%E8%99%9F&hl=zh-TW#sv=CAESzQEKuQEStgEKd0FKaVQ0dExCZFE5X0ZqZnZnOVFzdGJhZGcyWUtJYmhnM0NPbEF0cE4zQ19Gc2h6ODZSNUtqYUp5NTJFR0pPSUhKNHhsUVhEcWxOczdXdUphLWlXaWJmc1labDNPakhyVFlxUlBMWFd5UjRYQm5PWWc4V3dJbzdBEhc4dEZnYXBiekMtN0J2cjBQcDZLOWtBSRoiQURzcjlmVDQtNlNKb1F5bWp6Y3VFR1dfQnc0WmNpMWt4URIEODEyNBoBMyoAMAA4AUAAGCoglayexQc6AEoCEAE","https://www.google.com/search?q=%E9%BA%BB%E5%8F%A4%E8%8C%B6%E5%9D%8A+%E5%A4%A7%E9%87%8C%E5%A1%97%E5%9F%8E%E5%BA%97+%E5%8F%B0%E4%B8%AD%E5%B8%82%E5%A4%A7%E9%87%8C%E5%8D%80%E4%B8%AD%E8%88%88%E8%B7%AF%E4%B8%80%E6%AE%B5225%E8%99%9F&hl=zh-TW#sv=CAESzQEKuQEStgEKd0FKaVQ0dExCZFE5X0ZqZnZnOVFzdGJhZGcyWUtJYmhnM0NPbEF0cE4zQ19Gc2h6ODZSNUtqYUp5NTJFR0pPSUhKNHhsUVhEcWxOczdXdUphLWlXaWJmc1labDNPakhyVFlxUlBMWFd5UjRYQm5PWWc4V3dJbzdBEhc4dEZnYXBiekMtN0J2cjBQcDZLOWtBSRoiQURzcjlmVDQtNlNKb1F5bWp6Y3VFR1dfQnc0WmNpMWt4URIEODEyNBoBMyoAMAA4AUAAGCoglayexQc6AEoCEAE","Playwright batch opened Google Order flow and read visible pickup/delivery providers."
"macu-tw-100","大里成功店","中部","台中市","大里區","台中市大里區成功路472號","04-2495-3557","confirmed","confirmed","true","true","","Uber Eats","LINE、Uber Eats、食在麻吉 eathere","Uber Eats","https://www.google.com/search?q=%E9%BA%BB%E5%8F%A4%E8%8C%B6%E5%9D%8A%20%E5%A4%A7%E9%87%8C%E6%88%90%E5%8A%9F%E5%BA%97%20%E5%8F%B0%E4%B8%AD%E5%B8%82%E5%A4%A7%E9%87%8C%E5%8D%80%E6%88%90%E5%8A%9F%E8%B7%AF472%E8%99%9F&hl=zh-TW#sv=CAESzQEKuQEStgEKd0FKaVQ0dEx0VmlPSjJ6dGx1ZVpzNkh6TjYzcHBXcG9UQzAybTBFbHhQanVQLW03emtrc2ZPR0c3M01OaGhGekd6UTJRVnVKdmtQcXRNS3JXcVRoWXYzMkhHTEVES2ZtYVNNNHVUaW9LZkhOSUxsdjcyTEJjRklREhdCdEpnYXJxOUliTy12cjBQOTVpdWlBTRoiQURzcjlmVEgwUWJvQXNDNzhmRHpxbExFUHZpcEJNVm96URIEODEyNBoBMyoAMAA4AUAAGCogrNGLgAE6AEoCEAE","https://www.google.com/search?q=%E9%BA%BB%E5%8F%A4%E8%8C%B6%E5%9D%8A%20%E5%A4%A7%E9%87%8C%E6%88%90%E5%8A%9F%E5%BA%97%20%E5%8F%B0%E4%B8%AD%E5%B8%82%E5%A4%A7%E9%87%8C%E5%8D%80%E6%88%90%E5%8A%9F%E8%B7%AF472%E8%99%9F&hl=zh-TW#sv=CAESzQEKuQEStgEKd0FKaVQ0dEx0VmlPSjJ6dGx1ZVpzNkh6TjYzcHBXcG9UQzAybTBFbHhQanVQLW03emtrc2ZPR0c3M01OaGhGekd6UTJRVnVKdmtQcXRNS3JXcVRoWXYzMkhHTEVES2ZtYVNNNHVUaW9LZkhOSUxsdjcyTEJjRklREhdCdEpnYXJxOUliTy12cjBQOTVpdWlBTRoiQURzcjlmVEgwUWJvQXNDNzhmRHpxbExFUHZpcEJNVm96URIEODEyNBoBMyoAMAA4AUAAGCogrNGLgAE6AEoCEAE","Playwright batch opened Google Order flow and read visible pickup/delivery providers."
"macu-tw-084","大雅學府店","中部","台中市","大雅區","台中市大雅區二和里學府路160號","04-25688001","confirmed","confirmed","true","true","","Uber Eats","LINE、Uber Eats、食在麻吉 eathere","Uber Eats","https://www.google.com/search?q=%E9%BA%BB%E5%8F%A4%E8%8C%B6%E5%9D%8A%20%E5%A4%A7%E9%9B%85%E5%AD%B8%E5%BA%9C%E5%BA%97%20%E5%8F%B0%E4%B8%AD%E5%B8%82%E5%A4%A7%E9%9B%85%E5%8D%80%E4%BA%8C%E5%92%8C%E9%87%8C%E5%AD%B8%E5%BA%9C%E8%B7%AF160%E8%99%9F&hl=zh-TW#sv=CAESzQEKuQEStgEKd0FKaVQ0dExzVXFXZXdOVXo3Zllla3hzQVZOVVFNWWp5VVYyUTVZeHJxcjMtMUhzRjlqMEZVUmFVdGtCNXBsNnBpc3ZRU0RrZ0hxZHcwbmNJS1h3d05XNHdiM2l2SktGMTQ4blhrQXhVaE8tNlZ1b3llcGlsWGl3EhdVeTFoYXN5NVBMQ212cjBQXzlqTjBRTRoiQURzcjlmVG9UZ3hyTTIzYzBUQ0t5WTdGVUNPV3RsYWNWQRIEODEyNBoBMyoAMAA4AUAAGCogiJzj8gM6AEoCEAE","https://www.google.com/search?q=%E9%BA%BB%E5%8F%A4%E8%8C%B6%E5%9D%8A%20%E5%A4%A7%E9%9B%85%E5%AD%B8%E5%BA%9C%E5%BA%97%20%E5%8F%B0%E4%B8%AD%E5%B8%82%E5%A4%A7%E9%9B%85%E5%8D%80%E4%BA%8C%E5%92%8C%E9%87%8C%E5%AD%B8%E5%BA%9C%E8%B7%AF160%E8%99%9F&hl=zh-TW#sv=CAESzQEKuQEStgEKd0FKaVQ0dExzVXFXZXdOVXo3Zllla3hzQVZOVVFNWWp5VVYyUTVZeHJxcjMtMUhzRjlqMEZVUmFVdGtCNXBsNnBpc3ZRU0RrZ0hxZHcwbmNJS1h3d05XNHdiM2l2SktGMTQ4blhrQXhVaE8tNlZ1b3llcGlsWGl3EhdVeTFoYXN5NVBMQ212cjBQXzlqTjBRTRoiQURzcjlmVG9UZ3hyTTIzYzBUQ0t5WTdGVUNPV3RsYWNWQRIEODEyNBoBMyoAMAA4AUAAGCogiJzj8gM6AEoCEAE","Playwright batch opened Google Order flow and read visible pickup/delivery providers."
"macu-tw-082","太平中興店","中部","台中市","太平區","411台中市太平區中興路51號","04 2279 8087","confirmed","confirmed","true","true","","Uber Eats","LINE、Uber Eats、食在麻吉 eathere","Uber Eats","https://www.google.com/search?q=%E9%BA%BB%E5%8F%A4%E8%8C%B6%E5%9D%8A%20%E5%A4%AA%E5%B9%B3%E4%B8%AD%E8%88%88%E5%BA%97%20%E5%8F%B0%E4%B8%AD%E5%B8%82%E5%A4%AA%E5%B9%B3%E5%8D%80%E4%B8%AD%E8%88%88%E8%B7%AF51%E8%99%9F&hl=zh-TW#sv=CAESzQEKuQEStgEKd0FKaVQ0dEpYQnhiaDZITFZObEdRNkhkRnYweC1VdmMzN0JZdjYtMXBWdjFfYXhRc21YbFF5UWtTb3lZSTRHVlhPMnFOZ3ZXUXpZLWIzVzNsYk81YjFhUGw0LVlfQ3VHRHdNbEJiZ0dZMFFMbnEtQ3JtMnNnbG53EhdRdEpnYXVISU1xRGQxZThQOHJXLWtBMBoiQURzcjlmUVVsUXVYUXhRdXdFMjlQN0tUSmtCdUt1Q0JDURIEODEyNBoBMyoAMAA4AUAAGCoggLmk2wc6AEoCEAE","https://www.google.com/search?q=%E9%BA%BB%E5%8F%A4%E8%8C%B6%E5%9D%8A%20%E5%A4%AA%E5%B9%B3%E4%B8%AD%E8%88%88%E5%BA%97%20%E5%8F%B0%E4%B8%AD%E5%B8%82%E5%A4%AA%E5%B9%B3%E5%8D%80%E4%B8%AD%E8%88%88%E8%B7%AF51%E8%99%9F&hl=zh-TW#sv=CAESzQEKuQEStgEKd0FKaVQ0dEpYQnhiaDZITFZObEdRNkhkRnYweC1VdmMzN0JZdjYtMXBWdjFfYXhRc21YbFF5UWtTb3lZSTRHVlhPMnFOZ3ZXUXpZLWIzVzNsYk81YjFhUGw0LVlfQ3VHRHdNbEJiZ0dZMFFMbnEtQ3JtMnNnbG53EhdRdEpnYXVISU1xRGQxZThQOHJXLWtBMBoiQURzcjlmUVVsUXVYUXhRdXdFMjlQN0tUSmtCdUt1Q0JDURIEODEyNBoBMyoAMAA4AUAAGCoggLmk2wc6AEoCEAE","Playwright batch opened Google Order flow and read visible pickup/delivery providers."
"macu-tw-103","太平樹孝店","中部","台中市","太平區","台中市太平區樹孝路38號","04-23926800","confirmed","confirmed","true","true","","Uber Eats","LINE、Uber Eats、食在麻吉 eathere","Uber Eats","https://www.google.com/search?q=%E9%BA%BB%E5%8F%A4%E8%8C%B6%E5%9D%8A+%E5%A4%AA%E5%B9%B3%E6%A8%B9%E5%AD%9D%E5%BA%97+%E5%8F%B0%E4%B8%AD%E5%B8%82%E5%A4%AA%E5%B9%B3%E5%8D%80%E6%A8%B9%E5%AD%9D%E8%B7%AF38%E8%99%9F&hl=zh-TW#sv=CAESzQEKuQEStgEKd0FKaVQ0dExFejB3TmU3bkpGVXVJeFg0Y2lPVnlYSTFYb1NqZHpqS1VrQkpVeFRSRTlBb25ULXcxdEFiWjdlTmNEZ2lMdzY2VzFGVVFHalFlOW9SVXZvWnhMWVZlNmRHaVhWRC1FdzZkN0IxSVFVWU9xSXdXbzVrEhdWZEpnYXRLakE0Qzl2cjBQLThERzRRcxoiQURzcjlmVFdaWmM2dkd4VTEtb25udjRGTXZwdy14SEpfQRIEODEyNBoBMyoAMAA4AUAAGCog7fmX4wY6AEoCEAE","https://www.google.com/search?q=%E9%BA%BB%E5%8F%A4%E8%8C%B6%E5%9D%8A+%E5%A4%AA%E5%B9%B3%E6%A8%B9%E5%AD%9D%E5%BA%97+%E5%8F%B0%E4%B8%AD%E5%B8%82%E5%A4%AA%E5%B9%B3%E5%8D%80%E6%A8%B9%E5%AD%9D%E8%B7%AF38%E8%99%9F&hl=zh-TW#sv=CAESzQEKuQEStgEKd0FKaVQ0dExFejB3TmU3bkpGVXVJeFg0Y2lPVnlYSTFYb1NqZHpqS1VrQkpVeFRSRTlBb25ULXcxdEFiWjdlTmNEZ2lMdzY2VzFGVVFHalFlOW9SVXZvWnhMWVZlNmRHaVhWRC1FdzZkN0IxSVFVWU9xSXdXbzVrEhdWZEpnYXRLakE0Qzl2cjBQLThERzRRcxoiQURzcjlmVFdaWmM2dkd4VTEtb25udjRGTXZwdy14SEpfQRIEODEyNBoBMyoAMAA4AUAAGCog7fmX4wY6AEoCEAE","Playwright batch opened Google Order flow and read visible pickup/delivery providers."
"macu-tw-111","東山軍功店","中部","台中市","北屯區","台中市北屯區東山路一段255號","04-24351350","confirmed","confirmed","true","true","","Uber Eats","LINE、Uber Eats、食在麻吉 eathere","Uber Eats","https://www.google.com/search?q=%E9%BA%BB%E5%8F%A4%E8%8C%B6%E5%9D%8A%20%E6%9D%B1%E5%B1%B1%E8%BB%8D%E5%8A%9F%E5%BA%97%20%E5%8F%B0%E4%B8%AD%E5%B8%82%E5%8C%97%E5%B1%AF%E5%8D%80%E6%9D%B1%E5%B1%B1%E8%B7%AF%E4%B8%80%E6%AE%B5255%E8%99%9F&hl=zh-TW#sv=CAESzQEKuQEStgEKd0FKaVQ0dEpDTE9uM0RqVTZfMng0WmRPS1FSTEh0UXB5Q0NKRm5BYk1rZnprUVZjV1pGNDZfNzMwT1lYOGR2YV83WFFqR2hCUFowVEtSenNQZDhUeGdEUndmQmYxamVBUmxTc2Jlems4UHBUTFBlSm9fenNjYlM0EhdaOUpnYXRqN1BJSEwxZThQcnF5QXdRdxoiQURzcjlmU0pEdko5TjRwRjhvVTVvcUx1VkRUWkV4ZVZVURIEODEyNBoBMyoAMAA4AUAAGCogg_b15A06AEoCEAE","https://www.google.com/search?q=%E9%BA%BB%E5%8F%A4%E8%8C%B6%E5%9D%8A%20%E6%9D%B1%E5%B1%B1%E8%BB%8D%E5%8A%9F%E5%BA%97%20%E5%8F%B0%E4%B8%AD%E5%B8%82%E5%8C%97%E5%B1%AF%E5%8D%80%E6%9D%B1%E5%B1%B1%E8%B7%AF%E4%B8%80%E6%AE%B5255%E8%99%9F&hl=zh-TW#sv=CAESzQEKuQEStgEKd0FKaVQ0dEpDTE9uM0RqVTZfMng0WmRPS1FSTEh0UXB5Q0NKRm5BYk1rZnprUVZjV1pGNDZfNzMwT1lYOGR2YV83WFFqR2hCUFowVEtSenNQZDhUeGdEUndmQmYxamVBUmxTc2Jlems4UHBUTFBlSm9fenNjYlM0EhdaOUpnYXRqN1BJSEwxZThQcnF5QXdRdxoiQURzcjlmU0pEdko5TjRwRjhvVTVvcUx1VkRUWkV4ZVZVURIEODEyNBoBMyoAMAA4AUAAGCogg_b15A06AEoCEAE","Playwright batch opened Google Order flow and read visible pickup/delivery providers."
"macu-tw-085","梧棲文化店","中部","台中市","梧棲區","台中市梧棲區文化路二段147號","04-26584545","confirmed","confirmed","true","true","","Uber Eats","LINE、Uber Eats、食在麻吉 eathere","Uber Eats","https://www.google.com/search?q=%E9%BA%BB%E5%8F%A4%E8%8C%B6%E5%9D%8A%20%E6%A2%A7%E6%A3%B2%E6%96%87%E5%8C%96%E5%BA%97%20%E5%8F%B0%E4%B8%AD%E5%B8%82%E6%A2%A7%E6%A3%B2%E5%8D%80%E6%96%87%E5%8C%96%E8%B7%AF%E4%BA%8C%E6%AE%B5147%E8%99%9F&hl=zh-TW#sv=CAESzQEKuQEStgEKd0FKaVQ0dElTdEJQSlZCSzFjbkNqR1hid04xNmJiVlFYX0lGdGJYeWpEYWJvZGpkbWR1N0RueUVIb2lxR2RFTFFFMU9Cd0oyRjV6TE1tdnpNWVUzemVfbGRlQTh5aDhHR25hVGVSWE5GVy1Td3NMZ0o1VzhENVZ3EhdldEpnYXNlNUZaV2kxZThQa2RIdjBRURoiQURzcjlmVFNadTVHTC1vd1NQUHVMWWw4S1d1N3B4WUFMdxIEODEyNBoBMyoAMAA4AUAAGCogptb0GToASgIQAQ","https://www.google.com/search?q=%E9%BA%BB%E5%8F%A4%E8%8C%B6%E5%9D%8A%20%E6%A2%A7%E6%A3%B2%E6%96%87%E5%8C%96%E5%BA%97%20%E5%8F%B0%E4%B8%AD%E5%B8%82%E6%A2%A7%E6%A3%B2%E5%8D%80%E6%96%87%E5%8C%96%E8%B7%AF%E4%BA%8C%E6%AE%B5147%E8%99%9F&hl=zh-TW#sv=CAESzQEKuQEStgEKd0FKaVQ0dElTdEJQSlZCSzFjbkNqR1hid04xNmJiVlFYX0lGdGJYeWpEYWJvZGpkbWR1N0RueUVIb2lxR2RFTFFFMU9Cd0oyRjV6TE1tdnpNWVUzemVfbGRlQTh5aDhHR25hVGVSWE5GVy1Td3NMZ0o1VzhENVZ3EhdldEpnYXNlNUZaV2kxZThQa2RIdjBRURoiQURzcjlmVFNadTVHTC1vd1NQUHVMWWw4S1d1N3B4WUFMdxIEODEyNBoBMyoAMAA4AUAAGCogptb0GToASgIQAQ","Playwright batch opened Google Order flow and read visible pickup/delivery providers."
"macu-tw-093","沙鹿中山店","中部","台中市","沙鹿區","台中市沙鹿區中山路164-8號","04-26629886","confirmed","confirmed","true","true","","Uber Eats","LINE、Uber Eats、食在麻吉 eathere","Uber Eats","https://www.google.com/search?q=%E9%BA%BB%E5%8F%A4%E8%8C%B6%E5%9D%8A+%E6%B2%99%E9%B9%BF%E4%B8%AD%E5%B1%B1%E5%BA%97+%E5%8F%B0%E4%B8%AD%E5%B8%82%E6%B2%99%E9%B9%BF%E5%8D%80%E4%B8%AD%E5%B1%B1%E8%B7%AF164-8%E8%99%9F&hl=zh-TW#sv=CAESzQEKuQEStgEKd0FKaVQ0dEktZU90SnpTSU5za3hSUXJnd2NfMlJmRUNvaVV1WjFBbmt2M2p1TDNodEp5MjBpdkNKbVo5ZG5ZWE16MGJweWlqVy14WWl5OTcxSlBEbFVBRTROa0gtNGdTY2lfc19SVG95dUNvTzI4cHNGZXVTbklBEhdqdEpnYXJXckNObm8xZThQaGVuRG1BSRoiQURzcjlmU3BpVEhQdUVySlM1Nk04NEtUODB0N3k4SEFIdxIEODEyNBoBMyoAMAA4AUAAGCog3Oblmwo6AEoCEAE","https://www.google.com/search?q=%E9%BA%BB%E5%8F%A4%E8%8C%B6%E5%9D%8A+%E6%B2%99%E9%B9%BF%E4%B8%AD%E5%B1%B1%E5%BA%97+%E5%8F%B0%E4%B8%AD%E5%B8%82%E6%B2%99%E9%B9%BF%E5%8D%80%E4%B8%AD%E5%B1%B1%E8%B7%AF164-8%E8%99%9F&hl=zh-TW#sv=CAESzQEKuQEStgEKd0FKaVQ0dEktZU90SnpTSU5za3hSUXJnd2NfMlJmRUNvaVV1WjFBbmt2M2p1TDNodEp5MjBpdkNKbVo5ZG5ZWE16MGJweWlqVy14WWl5OTcxSlBEbFVBRTROa0gtNGdTY2lfc19SVG95dUNvTzI4cHNGZXVTbklBEhdqdEpnYXJXckNObm8xZThQaGVuRG1BSRoiQURzcjlmU3BpVEhQdUVySlM1Nk04NEtUODB0N3k4SEFIdxIEODEyNBoBMyoAMAA4AUAAGCog3Oblmwo6AEoCEAE","Playwright batch opened Google Order flow and read visible pickup/delivery providers."
"macu-tw-091","潭子勝利店","中部","台中市","潭子區","台中市潭子區勝利路243號","04-25355250","confirmed","confirmed","true","true","","Uber Eats","LINE、Uber Eats、食在麻吉 eathere","Uber Eats","https://www.google.com/search?q=%E9%BA%BB%E5%8F%A4%E8%8C%B6%E5%9D%8A+%E6%BD%AD%E5%AD%90%E5%8B%9D%E5%88%A9%E5%BA%97+%E5%8F%B0%E4%B8%AD%E5%B8%82%E6%BD%AD%E5%AD%90%E5%8D%80%E5%8B%9D%E5%88%A9%E8%B7%AF243%E8%99%9F&hl=zh-TW#sv=CAESzQEKuQEStgEKd0FKaVQ0dElnTW5TaFRibW9DUmpzclM2bE9KNWN4MzM5QnVENTVDY3FpT3ZISGJSSndHVjFqdjh5amdyVzJhYmE0SVlzcVFoeGRqV0RtaFNKNWxSb0hOZUNsUHdtUFZtZm1YZTB5Y2Y0cGFNR2pfalhyWTlLTmdrEhdvZEpnYXEtWExJWEMxZThQeTVqUC1RVRoiQURzcjlmVFNQcWRXaWhKZGYxM2kyWmR2c0FOYVBLYUNVURIEODEyNBoBMyoAMAA4AUAAGCog7Lzs-AY6AEoCEAE","https://www.google.com/search?q=%E9%BA%BB%E5%8F%A4%E8%8C%B6%E5%9D%8A+%E6%BD%AD%E5%AD%90%E5%8B%9D%E5%88%A9%E5%BA%97+%E5%8F%B0%E4%B8%AD%E5%B8%82%E6%BD%AD%E5%AD%90%E5%8D%80%E5%8B%9D%E5%88%A9%E8%B7%AF243%E8%99%9F&hl=zh-TW#sv=CAESzQEKuQEStgEKd0FKaVQ0dEt2ck56Z0tmUER2aWJvcFJBUjg5UjBydnVEYjBCdEtaMGJyLXk1UjRwNUJZODRJN183Um9UYmh3dTZnT19kYU1pTGJFSnJrSnFsc0JpRUtteGIyZ2pNRW0xbDlhV2hqUGlrSmNWTDZzSXV0a2xsNVRJEhdXSWRoYXNHZEthajMxZThQeS0yVHlRVRoiQURzcjlmU2YyS1JCQkxKb0tmLVVrT3l2T2J4WGhyRXRSURIEODEyNBoBMyoAMAA4AUAAGCog1422lghKAhAB","Playwright batch opened Google Order flow and read visible pickup/delivery providers."
"macu-tw-080","烏日明道店","中部","台中市","烏日區","台中市烏日區中山路一段470號","04-23461111","confirmed","confirmed","true","true","","Uber Eats","LINE、Uber Eats、食在麻吉 eathere","Uber Eats","https://www.google.com/search?q=%E9%BA%BB%E5%8F%A4%E8%8C%B6%E5%9D%8A%20%E7%83%8F%E6%97%A5%E6%98%8E%E9%81%93%E5%BA%97%20%E5%8F%B0%E4%B8%AD%E5%B8%82%E7%83%8F%E6%97%A5%E5%8D%80%E4%B8%AD%E5%B1%B1%E8%B7%AF%E4%B8%80%E6%AE%B5470%E8%99%9F&hl=zh-TW#sv=CAESzQEKuQEStgEKd0FKaVQ0dElUcmJDVk96cy1GOFFlMmhzS25WM0dEc0I2aXJaNWkteUp0MVJJZnl0UE91SThkbi1JdG81R2h2VGIzTlZyMjFCb3FyaUxIb0hqX2pESlpacDZrUGRtS3dhSllCY2d6TjVhNXZnQllPVTdleXk4bjA4EhdzOUpnYW9UU0g4bWN2cjBQbzVfZHdBbxoiQURzcjlmU3R6aXJMV2RBMTZOQzdfc25YU1hvYW9XZjNZURIEODEyNBoBMyoAMAA4AUAAGCog3-X-uQQ6AEoCEAE","https://www.google.com/search?q=%E9%BA%BB%E5%8F%A4%E8%8C%B6%E5%9D%8A%20%E7%83%8F%E6%97%A5%E6%98%8E%E9%81%93%E5%BA%97%20%E5%8F%B0%E4%B8%AD%E5%B8%82%E7%83%8F%E6%97%A5%E5%8D%80%E4%B8%AD%E5%B1%B1%E8%B7%AF%E4%B8%80%E6%AE%B5470%E8%99%9F&hl=zh-TW#sv=CAESzQEKuQEStgEKd0FKaVQ0dElUcmJDVk96cy1GOFFlMmhzS25WM0dEc0I2aXJaNWkteUp0MVJJZnl0UE91SThkbi1JdG81R2h2VGIzTlZyMjFCb3FyaUxIb0hqX2pESlpacDZrUGRtS3dhSllCY2d6TjVhNXZnQllPVTdleXk4bjA4EhdzOUpnYW9UU0g4bWN2cjBQbzVfZHdBbxoiQURzcjlmU3R6aXJMV2RBMTZOQzdfc25YU1hvYW9XZjNZURIEODEyNBoBMyoAMAA4AUAAGCog3-X-uQQ6AEoCEAE","Playwright batch opened Google Order flow and read visible pickup/delivery providers."
"macu-tw-089","豐原中正店","中部","台中市","豐原區","臺中市豐原區中正路231號","04-25251289","confirmed","confirmed","true","true","","Uber Eats","LINE、Uber Eats、食在麻吉 eathere","Uber Eats","https://www.google.com/search?q=%E9%BA%BB%E5%8F%A4%E8%8C%B6%E5%9D%8A%20%E8%B1%90%E5%8E%9F%E4%B8%AD%E6%AD%A3%E5%BA%97%20%E8%87%BA%E4%B8%AD%E5%B8%82%E8%B1%90%E5%8E%9F%E5%8D%80%E4%B8%AD%E6%AD%A3%E8%B7%AF231%E8%99%9F&hl=zh-TW#sv=CAESzQEKuQEStgEKd0FKaVQ0dEkwaS1qbXlwT2VLX2FZRE5ITE5kRkgxcjl4NDFKYU5kLW1aQ2RJbWJ4UjlLZWl3d1Q3UUVLQkR3blBsTVFYYldfRHlmalAtT2lGSWQ1SUNsZGZzeUFacHF2cDhlX1NnYzQyVERxOXdMRXFmTVhNb1FREhd5TkpnYXMyakN0alExZThQOGJXaG1BVRoiQURzcjlmUktxSUMzNWRkWnJvUTZVU2JlLXNfdDRlZ29uURIEODEyNBoBMyoAMAA4AUAAGCog_bXh8A86AEoCEAE","https://www.google.com/search?q=%E9%BA%BB%E5%8F%A4%E8%8C%B6%E5%9D%8A%20%E8%B1%90%E5%8E%9F%E4%B8%AD%E6%AD%A3%E5%BA%97%20%E8%87%BA%E4%B8%AD%E5%B8%82%E8%B1%90%E5%8E%9F%E5%8D%80%E4%B8%AD%E6%AD%A3%E8%B7%AF231%E8%99%9F&hl=zh-TW#sv=CAESzQEKuQEStgEKd0FKaVQ0dEkwaS1qbXlwT2VLX2FZRE5ITE5kRkgxcjl4NDFKYU5kLW1aQ2RJbWJ4UjlLZWl3d1Q3UUVLQkR3blBsTVFYYldfRHlmalAtT2lGSWQ1SUNsZGZzeUFacHF2cDhlX1NnYzQyVERxOXdMRXFmTVhNb1FREhd5TkpnYXMyakN0alExZThQOGJXaG1BVRoiQURzcjlmUktxSUMzNWRkWnJvUTZVU2JlLXNfdDRlZ29uURIEODEyNBoBMyoAMAA4AUAAGCog_bXh8A86AEoCEAE","Playwright batch opened Google Order flow and read visible pickup/delivery providers."
"macu-tw-096","豐原南陽店","中部","台中市","豐原區","台中市豐原區南陽路267號","04-25229700","confirmed","confirmed","true","true","","Uber Eats","LINE、Uber Eats、食在麻吉 eathere","Uber Eats","https://www.google.com/search?q=%E9%BA%BB%E5%8F%A4%E8%8C%B6%E5%9D%8A+%E8%B1%90%E5%8E%9F%E5%8D%97%E9%99%BD%E5%BA%97+%E5%8F%B0%E4%B8%AD%E5%B8%82%E8%B1%90%E5%8E%9F%E5%8D%80%E5%8D%97%E9%99%BD%E8%B7%AF267%E8%99%9F&hl=zh-TW#sv=CAESzQEKuQEStgEKd0FKaVQ0dExOcXJ6Njg2bWE4YWUycGhQVGNtRURIZlVaVVhLbE9sX1owNU83bFBxcXNDVmVqTkFvdGNNaWk0Z0FUMUlPTWpsanJUbWhOdElwVkJyZW0xcExjbHNIN2FPa19RdHR1ZmdPY1VINHZDbzdpVzNMOHZjEhcydEpnYW8zSEpvQzl2cjBQLThERzRRcxoiQURzcjlmUnJpaVUzLTFyV2NSYUxtTXFyY2Y2ZVBoOFlTURIEODEyNBoBMyoAMAA4AUAAGCogqvq48Ag6AEoCEAE","https://www.google.com/search?q=%E9%BA%BB%E5%8F%A4%E8%8C%B6%E5%9D%8A+%E8%B1%90%E5%8E%9F%E5%8D%97%E9%99%BD%E5%BA%97+%E5%8F%B0%E4%B8%AD%E5%B8%82%E8%B1%90%E5%8E%9F%E5%8D%80%E5%8D%97%E9%99%BD%E8%B7%AF267%E8%99%9F&hl=zh-TW#sv=CAESzQEKuQEStgEKd0FKaVQ0dExOcXJ6Njg2bWE4YWUycGhQVGNtRURIZlVaVVhLbE9sX1owNU83bFBxcXNDVmVqTkFvdGNNaWk0Z0FUMUlPTWpsanJUbWhOdElwVkJyZW0xcExjbHNIN2FPa19RdHR1ZmdPY1VINHZDbzdpVzNMOHZjEhcydEpnYW8zSEpvQzl2cjBQLThERzRRcxoiQURzcjlmUnJpaVUzLTFyV2NSYUxtTXFyY2Y2ZVBoOFlTURIEODEyNBoBMyoAMAA4AUAAGCogqvq48Ag6AEoCEAE","Playwright batch opened Google Order flow and read visible pickup/delivery providers."
"macu-tw-076","霧峰中正店","中部","台中市","霧峰區","台中市霧峰區中正路862號","04-2333-3862","confirmed","confirmed","true","true","","Uber Eats","LINE、Uber Eats、食在麻吉 eathere","Uber Eats","https://www.google.com/search?q=%E9%BA%BB%E5%8F%A4%E8%8C%B6%E5%9D%8A+%E9%9C%A7%E5%B3%B0%E4%B8%AD%E6%AD%A3%E5%BA%97+%E5%8F%B0%E4%B8%AD%E5%B8%82%E9%9C%A7%E5%B3%B0%E5%8D%80%E4%B8%AD%E6%AD%A3%E8%B7%AF862%E8%99%9F&hl=zh-TW#sv=CAESzAEKuAEStQEKd0FKaVQ0dEtGM3hBTzNFejYzVlljTk1GUE0tb1JYOUp0dE85RGQteDBKbndnako4enFydWUzOVJhN1laOV9sT21yazF1T1prVUhNM3c4dXNndmhsQ2hlQkkzb3JmRVlRcVd6aWNlS29zSFhpcS01OGdaZVVsUWJFEhY4TkpnYXU3aEZmbmgxZThQc1BTUUdRGiJBRHNyOWZUNGxjUGtYaVoyOHdRemR5UXpfOUtEUEswY1lnEgQ4MTI0GgEzKgAwADgBQAAYKiDE2ef1AToASgIQAQ","https://www.google.com/search?q=%E9%BA%BB%E5%8F%A4%E8%8C%B6%E5%9D%8A+%E9%9C%A7%E5%B3%B0%E4%B8%AD%E6%AD%A3%E5%BA%97+%E5%8F%B0%E4%B8%AD%E5%B8%82%E9%9C%A7%E5%B3%B0%E5%8D%80%E4%B8%AD%E6%AD%A3%E8%B7%AF862%E8%99%9F&hl=zh-TW#sv=CAESzAEKuAEStQEKd0FKaVQ0dEtGM3hBTzNFejYzVlljTk1GUE0tb1JYOUp0dE85RGQteDBKbndnako4enFydWUzOVJhN1laOV9sT21yazF1T1prVUhNM3c4dXNndmhsQ2hlQkkzb3JmRVlRcVd6aWNlS29zSFhpcS01OGdaZVVsUWJFEhY4TkpnYXU3aEZmbmgxZThQc1BTUUdRGiJBRHNyOWZUNGxjUGtYaVoyOHdRemR5UXpfOUtEUEswY1lnEgQ4MTI0GgEzKgAwADgBQAAYKiDE2ef1AToASgIQAQ","Playwright batch opened Google Order flow and read visible pickup/delivery providers."
"macu-tw-097","黎明文昌店","中部","台中市","南屯區","台中市南屯區黎明路一段1053號","04-2389-7515","confirmed","confirmed","true","true","","Uber Eats","LINE、Uber Eats、食在麻吉 eathere","Uber Eats","https://www.google.com/search?q=%E9%BA%BB%E5%8F%A4%E8%8C%B6%E5%9D%8A%20%E9%BB%8E%E6%98%8E%E6%96%87%E6%98%8C%E5%BA%97%20%E5%8F%B0%E4%B8%AD%E5%B8%82%E5%8D%97%E5%B1%AF%E5%8D%80%E9%BB%8E%E6%98%8E%E8%B7%AF%E4%B8%80%E6%AE%B51053%E8%99%9F&hl=zh-TW&sei=k9NgaojiE8Le1e8PmoqD8QU#sv=CAESzQEKuQEStgEKd0FKaVQ0dElidHdtTUhHWEpLenlUc1dNZ1VIeG9hVmxlUVBqUUVfTEV6ck9ZTzhUc3BwaUlFSHZ4NjJiSU4zbzBWWXhuQmlTNHlzZ0xudFpPbnV2X0VkSjZXUG5BcGlPR0FmVmJqVVJ4YjBUbVNpTnA4RUtfRVZzEhdrOU5nYXVyNkhQVzh2cjBQM2MydGlROBoiQURzcjlmUzRONzR0YnR0SXdoaUNBWjFUeDhyV3IzMVJCURIEODEyNBoBMyoAMAA4AUAAGCognZGGogM6AEoCEAE","https://www.google.com/search?q=%E9%BA%BB%E5%8F%A4%E8%8C%B6%E5%9D%8A%20%E9%BB%8E%E6%98%8E%E6%96%87%E6%98%8C%E5%BA%97%20%E5%8F%B0%E4%B8%AD%E5%B8%82%E5%8D%97%E5%B1%AF%E5%8D%80%E9%BB%8E%E6%98%8E%E8%B7%AF%E4%B8%80%E6%AE%B51053%E8%99%9F&hl=zh-TW&sei=k9NgaojiE8Le1e8PmoqD8QU#sv=CAESzQEKuQEStgEKd0FKaVQ0dElidHdtTUhHWEpLenlUc1dNZ1VIeG9hVmxlUVBqUUVfTEV6ck9ZTzhUc3BwaUlFSHZ4NjJiSU4zbzBWWXhuQmlTNHlzZ0xudFpPbnV2X0VkSjZXUG5BcGlPR0FmVmJqVVJ4YjBUbVNpTnA4RUtfRVZzEhdrOU5nYXVyNkhQVzh2cjBQM2MydGlROBoiQURzcjlmUzRONzR0YnR0SXdoaUNBWjFUeDhyV3IzMVJCURIEODEyNBoBMyoAMAA4AUAAGCognZGGogM6AEoCEAE","Playwright batch opened Google Order flow and read visible pickup/delivery providers."
"macu-tw-109","黎明楓樹店","中部","台中市","南屯區","台中市南屯區黎明路一段158號","04-24792526","confirmed","confirmed","true","true","","Uber Eats","LINE、Uber Eats、食在麻吉 eathere","Uber Eats","https://www.google.com/search?q=%E9%BA%BB%E5%8F%A4%E8%8C%B6%E5%9D%8A%20%E9%BB%8E%E6%98%8E%E6%A5%93%E6%A8%B9%E5%BA%97%20%E5%8F%B0%E4%B8%AD%E5%B8%82%E5%8D%97%E5%B1%AF%E5%8D%80%E9%BB%8E%E6%98%8E%E8%B7%AF%E4%B8%80%E6%AE%B5158%E8%99%9F&hl=zh-TW#sv=CAESzQEKuQEStgEKd0FKaVQ0dExzeFdQLWxZa2NWSGx6TWwyNWlfdFN3MENveU1CSklqaGNrZ0RJVXhwcGhZZEZoN0JQcGlXRFhMd1lSdnFpdVhxQ3ZBdFlGNWFDaExWOGNTWUY0NGRKdnhYTFBWZXNoY2pmWURKdU4yc1pnc0c3aDJBEhdydE5nYXZ2RkNxbWl2cjBQNThxS21BOBoiQURzcjlmUnBfLU5WbUM4M1BHWFlsOTBWYndZY3cwSXBXdxIEODEyNBoBMyoAMAA4AUAAGCogoMizVjoASgIQAQ","https://www.google.com/search?q=%E9%BA%BB%E5%8F%A4%E8%8C%B6%E5%9D%8A%20%E9%BB%8E%E6%98%8E%E6%A5%93%E6%A8%B9%E5%BA%97%20%E5%8F%B0%E4%B8%AD%E5%B8%82%E5%8D%97%E5%B1%AF%E5%8D%80%E9%BB%8E%E6%98%8E%E8%B7%AF%E4%B8%80%E6%AE%B5158%E8%99%9F&hl=zh-TW#sv=CAESzQEKuQEStgEKd0FKaVQ0dExzeFdQLWxZa2NWSGx6TWwyNWlfdFN3MENveU1CSklqaGNrZ0RJVXhwcGhZZEZoN0JQcGlXRFhMd1lSdnFpdVhxQ3ZBdFlGNWFDaExWOGNTWUY0NGRKdnhYTFBWZXNoY2pmWURKdU4yc1pnc0c3aDJBEhdydE5nYXZ2RkNxbWl2cjBQNThxS21BOBoiQURzcjlmUnBfLU5WbUM4M1BHWFlsOTBWYndZY3cwSXBXdxIEODEyNBoBMyoAMAA4AUAAGCogoMizVjoASgIQAQ","Playwright batch opened Google Order flow and read visible pickup/delivery providers."
"macu-tw-123","員林中正店","中部","彰化縣","員林市","彰化縣員林市中正路325號","04-8323300","confirmed","confirmed","true","true","","foodpanda、Uber Eats","LINE、Uber Eats、foodpanda、食在麻吉 eathere","Uber Eats、foodpanda","https://www.google.com/search?q=%E9%BA%BB%E5%8F%A4%E8%8C%B6%E5%9D%8A%20%E5%93%A1%E6%9E%97%E4%B8%AD%E6%AD%A3%E5%BA%97%20%E5%BD%B0%E5%8C%96%E7%B8%A3%E5%93%A1%E6%9E%97%E5%B8%82%E4%B8%AD%E6%AD%A3%E8%B7%AF325%E8%99%9F&hl=zh-TW#sv=CAESzQEKuQEStgEKd0FKaVQ0dEpCbEktQ0xEWDBPUUpCVks3SnhnVjlSOTdSMFJoY21YZGZtcXhuUHlRYnFCUFJ2alBIUGI0NEdCT2I0RVpXMERZeFh2RExZb2dCaXpueEpoRjB5QzZzWkkzUDZJbk9NelFsU2pQUlc0Wk5PbHlxaXp3Ehd3Tk5nYXVDakE4aVd2cjBQOUlycndRNBoiQURzcjlmU2VSSDZHOXpJeU9lb3Q2Rm5fSV83UGIxdE5lURIEODEyNBoBMyoAMAA4AUAAGCogptTzgAw6AEoCEAE","https://www.google.com/search?q=%E9%BA%BB%E5%8F%A4%E8%8C%B6%E5%9D%8A%20%E5%93%A1%E6%9E%97%E4%B8%AD%E6%AD%A3%E5%BA%97%20%E5%BD%B0%E5%8C%96%E7%B8%A3%E5%93%A1%E6%9E%97%E5%B8%82%E4%B8%AD%E6%AD%A3%E8%B7%AF325%E8%99%9F&hl=zh-TW#sv=CAESzQEKuQEStgEKd0FKaVQ0dEpCbEktQ0xEWDBPUUpCVks3SnhnVjlSOTdSMFJoY21YZGZtcXhuUHlRYnFCUFJ2alBIUGI0NEdCT2I0RVpXMERZeFh2RExZb2dCaXpueEpoRjB5QzZzWkkzUDZJbk9NelFsU2pQUlc0Wk5PbHlxaXp3Ehd3Tk5nYXVDakE4aVd2cjBQOUlycndRNBoiQURzcjlmU2VSSDZHOXpJeU9lb3Q2Rm5fSV83UGIxdE5lURIEODEyNBoBMyoAMAA4AUAAGCogptTzgAw6AEoCEAE","Playwright batch opened Google Order flow and read visible pickup/delivery providers."
"macu-tw-132","員林靜修店","中部","彰化縣","員林市","彰化縣員林市靜修路47-1號","04-8376800","confirmed","confirmed","true","true","","foodpanda、Uber Eats","LINE、Uber Eats、foodpanda、食在麻吉 eathere","Uber Eats、foodpanda","https://www.google.com/search?q=%E9%BA%BB%E5%8F%A4%E8%8C%B6%E5%9D%8A%20%E5%93%A1%E6%9E%97%E9%9D%9C%E4%BF%AE%E5%BA%97%20%E5%BD%B0%E5%8C%96%E7%B8%A3%E5%93%A1%E6%9E%97%E5%B8%82%E9%9D%9C%E4%BF%AE%E8%B7%AF47-1%E8%99%9F&hl=zh-TW#sv=CAESzQEKuQEStgEKd0FKaVQ0dEo5ak5Ma2lFUzdySGI2blJLdEx0bU5tZkEyM25ybk15azViZFVnMUVDYjJ1VkZIV3l4NjU1RUFPUF9JNExGV1EzemprTFU5dmRZcWhjYU1OamV3YlVtc0NtMFQ1XzBZcUQ4U0tGWXFONnpBN0V1bXZZEhcyZE5nYXNhNUdzUEN2cjBQNS1QT2lRaxoiQURzcjlmUS1pR1QwOFFxWVNndzRFcUhvYVAxZ0JBRXdZQRIEODEyNBoBMyoAMAA4AUAAGCogo6m7kAo6AEoCEAE","https://www.google.com/search?q=%E9%BA%BB%E5%8F%A4%E8%8C%B6%E5%9D%8A%20%E5%93%A1%E6%9E%97%E9%9D%9C%E4%BF%AE%E5%BA%97%20%E5%BD%B0%E5%8C%96%E7%B8%A3%E5%93%A1%E6%9E%97%E5%B8%82%E9%9D%9C%E4%BF%AE%E8%B7%AF47-1%E8%99%9F&hl=zh-TW#sv=CAESzQEKuQEStgEKd0FKaVQ0dEo5ak5Ma2lFUzdySGI2blJLdEx0bU5tZkEyM25ybk15azViZFVnMUVDYjJ1VkZIV3l4NjU1RUFPUF9JNExGV1EzemprTFU5dmRZcWhjYU1OamV3YlVtc0NtMFQ1XzBZcUQ4U0tGWXFONnpBN0V1bXZZEhcyZE5nYXNhNUdzUEN2cjBQNS1QT2lRaxoiQURzcjlmUS1pR1QwOFFxWVNndzRFcUhvYVAxZ0JBRXdZQRIEODEyNBoBMyoAMAA4AUAAGCogo6m7kAo6AEoCEAE","Playwright batch opened Google Order flow and read visible pickup/delivery providers."
"macu-tw-122","彰化二林店","中部","彰化縣","二林鎮","彰化縣二林鎮斗苑路五段161號","04-8965165","confirmed","confirmed","true","true","foodpanda","foodpanda、Uber Eats","LINE、Uber Eats、foodpanda、食在麻吉 eathere","Uber Eats、foodpanda","https://www.google.com/search?q=%E9%BA%BB%E5%8F%A4%E8%8C%B6%E5%9D%8A+%E5%BD%B0%E5%8C%96%E4%BA%8C%E6%9E%97%E5%BA%97+%E5%BD%B0%E5%8C%96%E7%B8%A3%E4%BA%8C%E6%9E%97%E9%8E%AE%E6%96%97%E8%8B%91%E8%B7%AF%E4%BA%94%E6%AE%B5161%E8%99%9F&hl=zh-TW#sv=CAESzQEKuQEStgEKd0FKaVQ0dEtxeEI2YWJudldpdVBFdnB1M3hMMUNBUUxEZ0Vzazk5MHpXSTlLTDBIZjEycFRURy1xQkNKNnNIY1REUC1TZGFBTWplUWlIay1nRngzZTl3WmxCVzVXWTRidDQ0Q2F2ckR6SWhqX0RJNkRpQi1FaHJvEhc4dE5nYXZpN0ZhSEN2cjBQXzRQVnFRcxoiQURzcjlmUnlpUFFBR29yaWdEdGZrTEVnMGJGZmhaMEt1dxIEODEyNBoBMyoAMAA4AUAAGCogouzCzQ86AEoCEAE","https://www.google.com/search?q=%E9%BA%BB%E5%8F%A4%E8%8C%B6%E5%9D%8A+%E5%BD%B0%E5%8C%96%E4%BA%8C%E6%9E%97%E5%BA%97+%E5%BD%B0%E5%8C%96%E7%B8%A3%E4%BA%8C%E6%9E%97%E9%8E%AE%E6%96%97%E8%8B%91%E8%B7%AF%E4%BA%94%E6%AE%B5161%E8%99%9F&hl=zh-TW#sv=CAESzQEKuQEStgEKd0FKaVQ0dEtxeEI2YWJudldpdVBFdnB1M3hMMUNBUUxEZ0Vzazk5MHpXSTlLTDBIZjEycFRURy1xQkNKNnNIY1REUC1TZGFBTWplUWlIay1nRngzZTl3WmxCVzVXWTRidDQ0Q2F2ckR6SWhqX0RJNkRpQi1FaHJvEhc4dE5nYXZpN0ZhSEN2cjBQXzRQVnFRcxoiQURzcjlmUnlpUFFBR29yaWdEdGZrTEVnMGJGZmhaMEt1dxIEODEyNBoBMyoAMAA4AUAAGCogouzCzQ86AEoCEAE","Playwright batch opened Google Order flow and read visible pickup/delivery providers."
"macu-tw-127","彰化伸港店","中部","彰化縣","伸港鄉","彰化縣伸港鄉新港村中山路1號","04-7980086","confirmed","confirmed","true","true","","foodpanda","LINE、foodpanda、食在麻吉 eathere","foodpanda","https://www.google.com/search?q=%E9%BA%BB%E5%8F%A4%E8%8C%B6%E5%9D%8A%20%E5%BD%B0%E5%8C%96%E4%BC%B8%E6%B8%AF%E5%BA%97%20%E5%BD%B0%E5%8C%96%E7%B8%A3%E4%BC%B8%E6%B8%AF%E9%84%89%E6%96%B0%E6%B8%AF%E6%9D%91%E4%B8%AD%E5%B1%B1%E8%B7%AF1%E8%99%9F&hl=zh-TW#sv=CAESzQEKuQEStgEKd0FKaVQ0dElJNHBZNGRveGNabEVvX21xQy1hYVQwdE16VWlOdUYtT1NyU09aYnhyYURWcDV1NG9wNE9tNVBkZWpnVWRURkhSTmZqa1JBUGJjMUpMbjFBWlhmeGRud3dWZWFpeW9lN1JBMWVSZFVvNnlCWnBEVUtjEhdEZFJnYXFQckc3dWd2cjBQMTRQc21RaxoiQURzcjlmUjJkWF9hV3RDLVYtdGhPUjZ5NEs3WEpqRmNVdxIEODEyNBoBMyoAMAA4AUAAGCogse-v0AQ6AEoCEAE","https://www.google.com/search?q=%E9%BA%BB%E5%8F%A4%E8%8C%B6%E5%9D%8A%20%E5%BD%B0%E5%8C%96%E4%BC%B8%E6%B8%AF%E5%BA%97%20%E5%BD%B0%E5%8C%96%E7%B8%A3%E4%BC%B8%E6%B8%AF%E9%84%89%E6%96%B0%E6%B8%AF%E6%9D%91%E4%B8%AD%E5%B1%B1%E8%B7%AF1%E8%99%9F&hl=zh-TW#sv=CAESzQEKuQEStgEKd0FKaVQ0dElJNHBZNGRveGNabEVvX21xQy1hYVQwdE16VWlOdUYtT1NyU09aYnhyYURWcDV1NG9wNE9tNVBkZWpnVWRURkhSTmZqa1JBUGJjMUpMbjFBWlhmeGRud3dWZWFpeW9lN1JBMWVSZFVvNnlCWnBEVUtjEhdEZFJnYXFQckc3dWd2cjBQMTRQc21RaxoiQURzcjlmUjJkWF9hV3RDLVYtdGhPUjZ5NEs3WEpqRmNVdxIEODEyNBoBMyoAMAA4AUAAGCogse-v0AQ6AEoCEAE","Playwright batch opened Google Order flow and read visible pickup/delivery providers."
"macu-tw-129","彰化北斗店","中部","彰化縣","北斗鎮","彰化縣北斗鎮中華路380號","04-8877460","confirmed","confirmed","true","true","","foodpanda、Uber Eats","LINE、Uber Eats、foodpanda、食在麻吉 eathere","Uber Eats、foodpanda","https://www.google.com/search?q=%E9%BA%BB%E5%8F%A4%E8%8C%B6%E5%9D%8A%20%E5%BD%B0%E5%8C%96%E5%8C%97%E6%96%97%E5%BA%97%20%E5%BD%B0%E5%8C%96%E7%B8%A3%E5%8C%97%E6%96%97%E9%8E%AE%E4%B8%AD%E8%8F%AF%E8%B7%AF380%E8%99%9F&hl=zh-TW#sv=CAESzQEKuQEStgEKd0FKaVQ0dEtCQnQ5cVBsQ1k2cE90M2JzYmE4N1gyTkhqYmVtOTl0VUpDVUgtb181SG9ldHJETmxBdzd6bGM4b1gxSmVYOURhZ1VKSkxuS3E0WUpscC1kZTB2SXo0ZTA1cE5weWM5VzBwZUtFRXdVbllKYnhwbkQwEhdKOVJnYXZxTU80eU52cjBQclpLNndRMBoiQURzcjlmVHV3eExRaFVpMmRZY01rQndjZWl3ZWt4MGRPdxIEODEyNBoBMyoAMAA4AUAAGCoggaKNvQQ6AEoCEAE","https://www.google.com/search?q=%E9%BA%BB%E5%8F%A4%E8%8C%B6%E5%9D%8A%20%E5%BD%B0%E5%8C%96%E5%8C%97%E6%96%97%E5%BA%97%20%E5%BD%B0%E5%8C%96%E7%B8%A3%E5%8C%97%E6%96%97%E9%8E%AE%E4%B8%AD%E8%8F%AF%E8%B7%AF380%E8%99%9F&hl=zh-TW#sv=CAESzQEKuQEStgEKd0FKaVQ0dEtCQnQ5cVBsQ1k2cE90M2JzYmE4N1gyTkhqYmVtOTl0VUpDVUgtb181SG9ldHJETmxBdzd6bGM4b1gxSmVYOURhZ1VKSkxuS3E0WUpscC1kZTB2SXo0ZTA1cE5weWM5VzBwZUtFRXdVbllKYnhwbkQwEhdKOVJnYXZxTU80eU52cjBQclpLNndRMBoiQURzcjlmVHV3eExRaFVpMmRZY01rQndjZWl3ZWt4MGRPdxIEODEyNBoBMyoAMAA4AUAAGCoggaKNvQQ6AEoCEAE","Playwright batch opened Google Order flow and read visible pickup/delivery providers."
"macu-tw-118","彰化和美店","中部","彰化縣","和美鎮","彰化縣和美鎮彰美路六段139號","04-7550058","confirmed","confirmed","true","true","","foodpanda、Uber Eats","LINE、Uber Eats、foodpanda、食在麻吉 eathere","Uber Eats、foodpanda","https://www.google.com/search?q=%E9%BA%BB%E5%8F%A4%E8%8C%B6%E5%9D%8A%20%E5%BD%B0%E5%8C%96%E5%92%8C%E7%BE%8E%E5%BA%97%20%E5%BD%B0%E5%8C%96%E7%B8%A3%E5%92%8C%E7%BE%8E%E9%8E%AE%E5%BD%B0%E7%BE%8E%E8%B7%AF%E5%85%AD%E6%AE%B5139%E8%99%9F&hl=zh-TW#sv=CAESzQEKuQEStgEKd0FKaVQ0dEkwRHM5T0swNDk2YzBCLXRtbVJJWmNmV080ZllvWFVnMVdYakhUVXZWY2w3TTdpRzVLV2MtN3V5XzRtS015WWpXRzhuQkpIbVNnVjg3bm04UGh5Rnd2Z3pBX2FRMlp3OEtldDVKeTZwNFRIQ0lMa1RZEhdQZFJnYW92Zkc3emh2cjBQdE9xaC1BWRoiQURzcjlmUk9uM3loTjRnRTNzTXYxRXc2YURnWldNSTJQZxIEODEyNBoBMyoAMAA4AUAAGCogo9im4Qw6AEoCEAE","https://www.google.com/search?q=%E9%BA%BB%E5%8F%A4%E8%8C%B6%E5%9D%8A%20%E5%BD%B0%E5%8C%96%E5%92%8C%E7%BE%8E%E5%BA%97%20%E5%BD%B0%E5%8C%96%E7%B8%A3%E5%92%8C%E7%BE%8E%E9%8E%AE%E5%BD%B0%E7%BE%8E%E8%B7%AF%E5%85%AD%E6%AE%B5139%E8%99%9F&hl=zh-TW#sv=CAESzQEKuQEStgEKd0FKaVQ0dEkwRHM5T0swNDk2YzBCLXRtbVJJWmNmV080ZllvWFVnMVdYakhUVXZWY2w3TTdpRzVLV2MtN3V5XzRtS015WWpXRzhuQkpIbVNnVjg3bm04UGh5Rnd2Z3pBX2FRMlp3OEtldDVKeTZwNFRIQ0lMa1RZEhdQZFJnYW92Zkc3emh2cjBQdE9xaC1BWRoiQURzcjlmUk9uM3loTjRnRTNzTXYxRXc2YURnWldNSTJQZxIEODEyNBoBMyoAMAA4AUAAGCogo9im4Qw6AEoCEAE","Playwright batch opened Google Order flow and read visible pickup/delivery providers."
"macu-tw-120","彰化大埔店","中部","彰化縣","彰化市","彰化縣彰化市大埔路476-478號","04-7126006","confirmed","confirmed","true","true","","foodpanda","LINE、foodpanda、食在麻吉 eathere","foodpanda","https://www.google.com/search?q=%E9%BA%BB%E5%8F%A4%E8%8C%B6%E5%9D%8A+%E5%BD%B0%E5%8C%96%E5%A4%A7%E5%9F%94%E5%BA%97+%E5%BD%B0%E5%8C%96%E7%B8%A3%E5%BD%B0%E5%8C%96%E5%B8%82%E5%A4%A7%E5%9F%94%E8%B7%AF476-478%E8%99%9F&hl=zh-TW#sv=CAESzQEKuQEStgEKd0FKaVQ0dEpZSlpHTWdSM0xKVm5ZY2h5dGlzZWR6QjIzYnlKUU9fYWs4SnBMcF9kRXFrcGtWSjlQRHVOcEs4SHZpa2h5S1AtM2FMcDRkeWtzX3N4Si1JTlJLc1F0UTRFcUw0Smg2TUV2SnBvTWpSNXIwVFYyMHpFEhdWdFJnYXN6ME1aX3ExZThQd04yUjZBdxoiQURzcjlmUk94dDRsdTdlS2RVVlRDcVlsWkpNel8wYkdqURIEODEyNBoBMyoAMAA4AUAAGCog3sHQ3wk6AEoCEAE","https://www.google.com/search?q=%E9%BA%BB%E5%8F%A4%E8%8C%B6%E5%9D%8A+%E5%BD%B0%E5%8C%96%E5%A4%A7%E5%9F%94%E5%BA%97+%E5%BD%B0%E5%8C%96%E7%B8%A3%E5%BD%B0%E5%8C%96%E5%B8%82%E5%A4%A7%E5%9F%94%E8%B7%AF476-478%E8%99%9F&hl=zh-TW#sv=CAESzQEKuQEStgEKd0FKaVQ0dEpZSlpHTWdSM0xKVm5ZY2h5dGlzZWR6QjIzYnlKUU9fYWs4SnBMcF9kRXFrcGtWSjlQRHVOcEs4SHZpa2h5S1AtM2FMcDRkeWtzX3N4Si1JTlJLc1F0UTRFcUw0Smg2TUV2SnBvTWpSNXIwVFYyMHpFEhdWdFJnYXN6ME1aX3ExZThQd04yUjZBdxoiQURzcjlmUk94dDRsdTdlS2RVVlRDcVlsWkpNel8wYkdqURIEODEyNBoBMyoAMAA4AUAAGCog3sHQ3wk6AEoCEAE","Playwright batch opened Google Order flow and read visible pickup/delivery providers."
"macu-tw-130","彰化民族店","中部","彰化縣","彰化市","彰化縣彰化市民族路299號","04-7230080","confirmed","confirmed","true","true","","foodpanda、Uber Eats","LINE、Uber Eats、foodpanda、食在麻吉 eathere","Uber Eats、foodpanda","https://www.google.com/search?q=%E9%BA%BB%E5%8F%A4%E8%8C%B6%E5%9D%8A%20%E5%BD%B0%E5%8C%96%E6%B0%91%E6%97%8F%E5%BA%97%20%E5%BD%B0%E5%8C%96%E7%B8%A3%E5%BD%B0%E5%8C%96%E5%B8%82%E6%B0%91%E6%97%8F%E8%B7%AF299%E8%99%9F&hl=zh-TW#sv=CAESzQEKuQEStgEKd0FKaVQ0dExscTB0cGRFSE5EeXdfcmQxeDdZcWFVS1h4cEt2NU5yQ295b2hhekFqclFGcGV2WG95LU5vMk1SVW1YZ09KbnVCODJDY2ZwLUtNMEc1QnB1NEVydmtVU2toaG4taUxJX1dINjhQeDN5QzRHRlp2VGU0EhdiOVJnYXF1bkV2R1l2cjBQajdHRTBBaxoiQURzcjlmVEFMRGRfQWhremRyMGRJek1qNlh1Z0JmeWN6ZxIEODEyNBoBMyoAMAA4AUAAGCogiO2U6Qk6AEoCEAE","https://www.google.com/search?q=%E9%BA%BB%E5%8F%A4%E8%8C%B6%E5%9D%8A%20%E5%BD%B0%E5%8C%96%E6%B0%91%E6%97%8F%E5%BA%97%20%E5%BD%B0%E5%8C%96%E7%B8%A3%E5%BD%B0%E5%8C%96%E5%B8%82%E6%B0%91%E6%97%8F%E8%B7%AF299%E8%99%9F&hl=zh-TW#sv=CAESzQEKuQEStgEKd0FKaVQ0dExscTB0cGRFSE5EeXdfcmQxeDdZcWFVS1h4cEt2NU5yQ295b2hhekFqclFGcGV2WG95LU5vMk1SVW1YZ09KbnVCODJDY2ZwLUtNMEc1QnB1NEVydmtVU2toaG4taUxJX1dINjhQeDN5QzRHRlp2VGU0EhdiOVJnYXF1bkV2R1l2cjBQajdHRTBBaxoiQURzcjlmVEFMRGRfQWhremRyMGRJek1qNlh1Z0JmeWN6ZxIEODEyNBoBMyoAMAA4AUAAGCogiO2U6Qk6AEoCEAE","Playwright batch opened Google Order flow and read visible pickup/delivery providers."
"macu-tw-133","彰化永安三民店","中部","彰化縣","彰化市","彰化縣彰化市三民路215號1樓","04-7286282","confirmed","confirmed","true","true","foodpanda","foodpanda","LINE、foodpanda、食在麻吉 eathere","foodpanda","https://www.google.com/search?q=%E9%BA%BB%E5%8F%A4%E8%8C%B6%E5%9D%8A+%E5%BD%B0%E5%8C%96%E6%B0%B8%E5%AE%89%E4%B8%89%E6%B0%91%E5%BA%97+%E5%BD%B0%E5%8C%96%E7%B8%A3%E5%BD%B0%E5%8C%96%E5%B8%82%E4%B8%89%E6%B0%91%E8%B7%AF215%E8%99%9F1%E6%A8%93&hl=zh-TW#sv=CAESzQEKuQEStgEKd0FKaVQ0dExxR0F0NEZsVXhOU2lBb0s5dVQ1bTlHb2F4bzFRYk1xNGlCb2JyQnF3REZOS1pscnBNY3E1ZzB1S0pvTzNkVUdHRUZwNFpjUGRDd1o0QzVIOFluXzlycld5ZGh2ZVBCMWtYQTFBWkhMWEYtbFJ3RVZREhdpZFJnYXQzb0haR24xZThQOElTcnlRTRoiQURzcjlmVE1vUE45OWN2SG9pdDlTYUxiakp0SlJodEhXQRIEODEyNBoBMyoAMAA4AUAAGCogoO_g9Qg6AEoCEAE","https://www.google.com/search?q=%E9%BA%BB%E5%8F%A4%E8%8C%B6%E5%9D%8A+%E5%BD%B0%E5%8C%96%E6%B0%B8%E5%AE%89%E4%B8%89%E6%B0%91%E5%BA%97+%E5%BD%B0%E5%8C%96%E7%B8%A3%E5%BD%B0%E5%8C%96%E5%B8%82%E4%B8%89%E6%B0%91%E8%B7%AF215%E8%99%9F1%E6%A8%93&hl=zh-TW#sv=CAESzQEKuQEStgEKd0FKaVQ0dExxR0F0NEZsVXhOU2lBb0s5dVQ1bTlHb2F4bzFRYk1xNGlCb2JyQnF3REZOS1pscnBNY3E1ZzB1S0pvTzNkVUdHRUZwNFpjUGRDd1o0QzVIOFluXzlycld5ZGh2ZVBCMWtYQTFBWkhMWEYtbFJ3RVZREhdpZFJnYXQzb0haR24xZThQOElTcnlRTRoiQURzcjlmVE1vUE45OWN2SG9pdDlTYUxiakp0SlJodEhXQRIEODEyNBoBMyoAMAA4AUAAGCogoO_g9Qg6AEoCEAE","Playwright batch opened Google Order flow and read visible pickup/delivery providers."
"macu-tw-119","彰化溪湖店","中部","彰化縣","溪湖鎮","彰化縣溪湖鎮員鹿路三段82號","04-8857335","confirmed","confirmed","true","true","foodpanda、Uber Eats","foodpanda、Uber Eats","LINE、Uber Eats、foodpanda、食在麻吉 eathere","Uber Eats、foodpanda","https://www.google.com/search?q=%E9%BA%BB%E5%8F%A4%E8%8C%B6%E5%9D%8A%20%E5%BD%B0%E5%8C%96%E6%BA%AA%E6%B9%96%E5%BA%97%20%E5%BD%B0%E5%8C%96%E7%B8%A3%E6%BA%AA%E6%B9%96%E9%8E%AE%E5%93%A1%E9%B9%BF%E8%B7%AF%E4%B8%89%E6%AE%B582%E8%99%9F&hl=zh-TW#sv=CAESzQEKuQEStgEKd0FKaVQ0dEw5ZDNFazUybHNGUFU3MVR1Ui16Y3FFcmI0LU4tSFczd0lqeE5xRmY2Y1pLOUdGRHE3TUlIMW9RVWlXTG5Cby1xUFZueUYxOVVPU0tkMTVobFBOUHdvQ3NBbTdCeGw5LUtURUM5dHE3Z2xoTFdIQTVBEhdvdFJnYXFUQkJjR0J2cjBQN0xXa3VBdxoiQURzcjlmUzF6ZlRjOTV6WlR5cGo5UzdGcnVpYTVMcmdTdxIEODEyNBoBMyoAMAA4AUAAGCog_Maa5w06AEoCEAE","https://www.google.com/search?q=%E9%BA%BB%E5%8F%A4%E8%8C%B6%E5%9D%8A%20%E5%BD%B0%E5%8C%96%E6%BA%AA%E6%B9%96%E5%BA%97%20%E5%BD%B0%E5%8C%96%E7%B8%A3%E6%BA%AA%E6%B9%96%E9%8E%AE%E5%93%A1%E9%B9%BF%E8%B7%AF%E4%B8%89%E6%AE%B582%E8%99%9F&hl=zh-TW#sv=CAESzQEKuQEStgEKd0FKaVQ0dEw5ZDNFazUybHNGUFU3MVR1Ui16Y3FFcmI0LU4tSFczd0lqeE5xRmY2Y1pLOUdGRHE3TUlIMW9RVWlXTG5Cby1xUFZueUYxOVVPU0tkMTVobFBOUHdvQ3NBbTdCeGw5LUtURUM5dHE3Z2xoTFdIQTVBEhdvdFJnYXFUQkJjR0J2cjBQN0xXa3VBdxoiQURzcjlmUzF6ZlRjOTV6WlR5cGo5UzdGcnVpYTVMcmdTdxIEODEyNBoBMyoAMAA4AUAAGCog_Maa5w06AEoCEAE","Playwright batch opened Google Order flow and read visible pickup/delivery providers."
"macu-tw-124","彰化田中店","中部","彰化縣","田中鎮","彰化縣田中鎮中正路 422號","04-8746988","confirmed","confirmed","true","true","","foodpanda、Uber Eats","LINE、Uber Eats、foodpanda、食在麻吉 eathere","Uber Eats、foodpanda","https://www.google.com/search?q=%E9%BA%BB%E5%8F%A4%E8%8C%B6%E5%9D%8A%20%E5%BD%B0%E5%8C%96%E7%94%B0%E4%B8%AD%E5%BA%97%20%E5%BD%B0%E5%8C%96%E7%B8%A3%E7%94%B0%E4%B8%AD%E9%8E%AE%E4%B8%AD%E6%AD%A3%E8%B7%AF%20422%E8%99%9F&hl=zh-TW#sv=CAESzQEKuQEStgEKd0FKaVQ0dEpPZFpZaVRoR2RlVl9FZmh5aUNZbVJXWVdqUDUxa1pHdHY2aUM3Vlk0TlcwUDlzVEUyNHdHN3owZW5RSF9aR1hIclFlNWltZmRpTk5YWkswcE1KTlpCa3dHTHF1b3JwdzJpd2RLOVM0RVJSUTFXcE1BEhd0ZFJnYXFqekdPWHExZThQZy1hQjZRcxoiQURzcjlmU2JSQ3ZLNWV5b3VZUUFoMWF4eHN3Z3YtSWZTURIEODEyNBoBMyoAMAA4AUAAGCogoveEmw06AEoCEAE","https://www.google.com/search?q=%E9%BA%BB%E5%8F%A4%E8%8C%B6%E5%9D%8A%20%E5%BD%B0%E5%8C%96%E7%94%B0%E4%B8%AD%E5%BA%97%20%E5%BD%B0%E5%8C%96%E7%B8%A3%E7%94%B0%E4%B8%AD%E9%8E%AE%E4%B8%AD%E6%AD%A3%E8%B7%AF%20422%E8%99%9F&hl=zh-TW#sv=CAESzQEKuQEStgEKd0FKaVQ0dEpPZFpZaVRoR2RlVl9FZmh5aUNZbVJXWVdqUDUxa1pHdHY2aUM3Vlk0TlcwUDlzVEUyNHdHN3owZW5RSF9aR1hIclFlNWltZmRpTk5YWkswcE1KTlpCa3dHTHF1b3JwdzJpd2RLOVM0RVJSUTFXcE1BEhd0ZFJnYXFqekdPWHExZThQZy1hQjZRcxoiQURzcjlmU2JSQ3ZLNWV5b3VZUUFoMWF4eHN3Z3YtSWZTURIEODEyNBoBMyoAMAA4AUAAGCogoveEmw06AEoCEAE","Playwright batch opened Google Order flow and read visible pickup/delivery providers."
"macu-tw-126","彰化社頭店","中部","彰化縣","社頭鄉","彰化縣社頭鄉員集路二段347號1樓","04-8711066","confirmed","confirmed","true","true","","foodpanda、Uber Eats","LINE、Uber Eats、foodpanda、食在麻吉 eathere","Uber Eats、foodpanda","https://www.google.com/search?q=%E9%BA%BB%E5%8F%A4%E8%8C%B6%E5%9D%8A+%E5%BD%B0%E5%8C%96%E7%A4%BE%E9%A0%AD%E5%BA%97+%E5%BD%B0%E5%8C%96%E7%B8%A3%E7%A4%BE%E9%A0%AD%E9%84%89%E5%93%A1%E9%9B%86%E8%B7%AF%E4%BA%8C%E6%AE%B5347%E8%99%9F1%E6%A8%93&hl=zh-TW#sv=CAESzQEKuQEStgEKd0FKaVQ0dExsb1ltUGdKWHJicFhZczRDWlBTOWswUTNlSkVDYm40WUp5blRkX1FiLV9adFpmX0Jjak5oMl9ldHpmcHd2NjdoczNFeHJ5UUhLU0xKRy02N2c3ZVAwSW5tRkphcE5GSGY1VERDOWtsY1NxbzAtMU5rEhcwTlJnYXN6aEVQZWoxZThQOUlqYTRBRRoiQURzcjlmUVM1clZoMmhVTkFhcVpLSkV2OTl0TVhOU3FmZxIEODEyNBoBMyoAMAA4AUAAGCog2dHI_g06AEoCEAE","https://www.google.com/search?q=%E9%BA%BB%E5%8F%A4%E8%8C%B6%E5%9D%8A+%E5%BD%B0%E5%8C%96%E7%A4%BE%E9%A0%AD%E5%BA%97+%E5%BD%B0%E5%8C%96%E7%B8%A3%E7%A4%BE%E9%A0%AD%E9%84%89%E5%93%A1%E9%9B%86%E8%B7%AF%E4%BA%8C%E6%AE%B5347%E8%99%9F1%E6%A8%93&hl=zh-TW#sv=CAESzQEKuQEStgEKd0FKaVQ0dExsb1ltUGdKWHJicFhZczRDWlBTOWswUTNlSkVDYm40WUp5blRkX1FiLV9adFpmX0Jjak5oMl9ldHpmcHd2NjdoczNFeHJ5UUhLU0xKRy02N2c3ZVAwSW5tRkphcE5GSGY1VERDOWtsY1NxbzAtMU5rEhcwTlJnYXN6aEVQZWoxZThQOUlqYTRBRRoiQURzcjlmUVM1clZoMmhVTkFhcVpLSkV2OTl0TVhOU3FmZxIEODEyNBoBMyoAMAA4AUAAGCog2dHI_g06AEoCEAE","Playwright batch opened Google Order flow and read visible pickup/delivery providers."
"macu-tw-121","彰化秀水店","中部","彰化縣","秀水鄉","彰化縣秀水鄉彰水路二段795-1號第七間","04-7686942","confirmed","confirmed","true","true","","foodpanda、Uber Eats","LINE、Uber Eats、foodpanda、食在麻吉 eathere","Uber Eats、foodpanda","https://www.google.com/search?q=%E9%BA%BB%E5%8F%A4%E8%8C%B6%E5%9D%8A+%E5%BD%B0%E5%8C%96%E7%A7%80%E6%B0%B4%E5%BA%97+%E5%BD%B0%E5%8C%96%E7%B8%A3%E7%A7%80%E6%B0%B4%E9%84%89%E5%BD%B0%E6%B0%B4%E8%B7%AF%E4%BA%8C%E6%AE%B5795-1%E8%99%9F%E7%AC%AC%E4%B8%83%E9%96%93&hl=zh-TW#sv=CAESzQEKuQEStgEKd0FKaVQ0dExKTW9wbDU3RVg0RHV5UlAwem93TUloVFBnbUhLSEdXZFp1Tm5FcWhiWTFyWTk3S2kxMGswdXNnZkl1VWtRcWc3WjVjUU1MY3hzT0ZUaDQyTjF1ZkduYVBJTFVrdG9sMkxKYzVqdUxRZTFhb1NlbGlvEhc2OVJnYXB2Q0FxV192cjBQdDV5SXFRbxoiQURzcjlmUmdrWXlHWGg3ZWFycm9JbkZMcFgzdTZ0R0JyZxIEODEyNBoBMyoAMAA4AUAAGCogxpmY4AM6AEoCEAE","https://www.google.com/search?q=%E9%BA%BB%E5%8F%A4%E8%8C%B6%E5%9D%8A+%E5%BD%B0%E5%8C%96%E7%A7%80%E6%B0%B4%E5%BA%97+%E5%BD%B0%E5%8C%96%E7%B8%A3%E7%A7%80%E6%B0%B4%E9%84%89%E5%BD%B0%E6%B0%B4%E8%B7%AF%E4%BA%8C%E6%AE%B5795-1%E8%99%9F%E7%AC%AC%E4%B8%83%E9%96%93&hl=zh-TW#sv=CAESzQEKuQEStgEKd0FKaVQ0dExKTW9wbDU3RVg0RHV5UlAwem93TUloVFBnbUhLSEdXZFp1Tm5FcWhiWTFyWTk3S2kxMGswdXNnZkl1VWtRcWc3WjVjUU1MY3hzT0ZUaDQyTjF1ZkduYVBJTFVrdG9sMkxKYzVqdUxRZTFhb1NlbGlvEhc2OVJnYXB2Q0FxV192cjBQdDV5SXFRbxoiQURzcjlmUmdrWXlHWGg3ZWFycm9JbkZMcFgzdTZ0R0JyZxIEODEyNBoBMyoAMAA4AUAAGCogxpmY4AM6AEoCEAE","Playwright batch opened Google Order flow and read visible pickup/delivery providers."
"macu-tw-125","彰化花壇店","中部","彰化縣","花壇鄉","彰化縣花壇鄉中山路一段479號","04-7880070","confirmed","confirmed","true","true","","foodpanda、Uber Eats","LINE、Uber Eats、foodpanda、食在麻吉 eathere","Uber Eats、foodpanda","https://www.google.com/search?q=%E9%BA%BB%E5%8F%A4%E8%8C%B6%E5%9D%8A%20%E5%BD%B0%E5%8C%96%E8%8A%B1%E5%A3%87%E5%BA%97%20%E5%BD%B0%E5%8C%96%E7%B8%A3%E8%8A%B1%E5%A3%87%E9%84%89%E4%B8%AD%E5%B1%B1%E8%B7%AF%E4%B8%80%E6%AE%B5479%E8%99%9F&hl=zh-TW#sv=CAESzQEKuQEStgEKd0FKaVQ0dEsxWVhxVldDTjVHVGo1MC1DNXJGV21JUm9vRkxKWmh1bi1fdXctT3JxakVvamdvMG5Ud2JPdXpYU0w3bGRsN2FpaU83aEl6U1dhWm5BNDg0YXptaTlib3A3eEoxUlVIU0JwZVR6NTAwb3JsR2pKV3NzEhdCZFZnYXJXYU1QS28xZThQcTktbXlBSRoiQURzcjlmUU1ZWm92QzY2OHUzTHdCUTFZSXdTeWFVa0ZLURIEODEyNBoBMyoAMAA4AUAAGCogtIrW-Q86AEoCEAE","https://www.google.com/search?q=%E9%BA%BB%E5%8F%A4%E8%8C%B6%E5%9D%8A%20%E5%BD%B0%E5%8C%96%E8%8A%B1%E5%A3%87%E5%BA%97%20%E5%BD%B0%E5%8C%96%E7%B8%A3%E8%8A%B1%E5%A3%87%E9%84%89%E4%B8%AD%E5%B1%B1%E8%B7%AF%E4%B8%80%E6%AE%B5479%E8%99%9F&hl=zh-TW#sv=CAESzQEKuQEStgEKd0FKaVQ0dEsxWVhxVldDTjVHVGo1MC1DNXJGV21JUm9vRkxKWmh1bi1fdXctT3JxakVvamdvMG5Ud2JPdXpYU0w3bGRsN2FpaU83aEl6U1dhWm5BNDg0YXptaTlib3A3eEoxUlVIU0JwZVR6NTAwb3JsR2pKV3NzEhdCZFZnYXJXYU1QS28xZThQcTktbXlBSRoiQURzcjlmUU1ZWm92QzY2OHUzTHdCUTFZSXdTeWFVa0ZLURIEODEyNBoBMyoAMAA4AUAAGCogtIrW-Q86AEoCEAE","Playwright batch opened Google Order flow and read visible pickup/delivery providers."
"macu-tw-128","鹿港中山店","中部","彰化縣","鹿港鎮","彰化縣鹿港鎮中山路320號","04-7785658","confirmed","confirmed","true","true","","foodpanda、Uber Eats","LINE、Uber Eats、foodpanda、食在麻吉 eathere","Uber Eats、foodpanda","https://www.google.com/search?q=%E9%BA%BB%E5%8F%A4%E8%8C%B6%E5%9D%8A%20%E9%B9%BF%E6%B8%AF%E4%B8%AD%E5%B1%B1%E5%BA%97%20%E5%BD%B0%E5%8C%96%E7%B8%A3%E9%B9%BF%E6%B8%AF%E9%8E%AE%E4%B8%AD%E5%B1%B1%E8%B7%AF320%E8%99%9F&hl=zh-TW#sv=CAESzQEKuQEStgEKd0FKaVQ0dEtoTF9WamhjQWhnU3pSZ3Bza1d5bUQtNWJJV1dpdjVCOHg0RDdQTFRtdm1VQVpVTl9TV2VWeUZubGlVUTItbHFUNWV5b2cwQWZYYThlQnF2ajE5SjJCb01KOTk1bkJUM0JQc2htMXZTOWFsNHMwajgwEhdJTlZnYXRuZEFlNmV2cjBQc04zcW9RMBoiQURzcjlmVDFpQXo3YTJTWVEtZDBuYkpGSGYyZzBKcUFnQRIEODEyNBoBMyoAMAA4AUAAGCog2rmvgws6AEoCEAE","https://www.google.com/search?q=%E9%BA%BB%E5%8F%A4%E8%8C%B6%E5%9D%8A%20%E9%B9%BF%E6%B8%AF%E4%B8%AD%E5%B1%B1%E5%BA%97%20%E5%BD%B0%E5%8C%96%E7%B8%A3%E9%B9%BF%E6%B8%AF%E9%8E%AE%E4%B8%AD%E5%B1%B1%E8%B7%AF320%E8%99%9F&hl=zh-TW#sv=CAESzQEKuQEStgEKd0FKaVQ0dEtoTF9WamhjQWhnU3pSZ3Bza1d5bUQtNWJJV1dpdjVCOHg0RDdQTFRtdm1VQVpVTl9TV2VWeUZubGlVUTItbHFUNWV5b2cwQWZYYThlQnF2ajE5SjJCb01KOTk1bkJUM0JQc2htMXZTOWFsNHMwajgwEhdJTlZnYXRuZEFlNmV2cjBQc04zcW9RMBoiQURzcjlmVDFpQXo3YTJTWVEtZDBuYkpGSGYyZzBKcUFnQRIEODEyNBoBMyoAMAA4AUAAGCog2rmvgws6AEoCEAE","Playwright batch opened Google Order flow and read visible pickup/delivery providers."
"macu-tw-131","鹿港鹿東店","中部","彰化縣","鹿港鎮","彰化縣鹿港鎮鹿東路55號","04-7785725","confirmed","confirmed","true","true","foodpanda","foodpanda、Uber Eats","LINE、Uber Eats、foodpanda、食在麻吉 eathere","Uber Eats、foodpanda","https://www.google.com/search?q=%E9%BA%BB%E5%8F%A4%E8%8C%B6%E5%9D%8A+%E9%B9%BF%E6%B8%AF%E9%B9%BF%E6%9D%B1%E5%BA%97+%E5%BD%B0%E5%8C%96%E7%B8%A3%E9%B9%BF%E6%B8%AF%E9%8E%AE%E9%B9%BF%E6%9D%B1%E8%B7%AF55%E8%99%9F&hl=zh-TW#sv=CAESzQEKuQEStgEKd0FKaVQ0dExTaXlFeGJXcUFpNEVKTkNwR1VhZFBPNzBzR3Z1MDVfcEdSRkFFbWpHNjlSZHNzRlB6dGxiT2FMaExrYmtrTGZBSVAwZUd1UzY5NVFmcjFzQk05dlo4TEhQcVI5eUtOQkRmS1pyMVB5dGFDUjQ0S3JFEhdNOVZnYXA2a0xLbU12cjBQMU1iWGtBYxoiQURzcjlmUl8waDhTZGZnQ0tYRmJaMUVVOXp6TmdJS2ljURIEODEyNBoBMyoAMAA4AUAAGCogwt_v6wo6AEoCEAE","https://www.google.com/search?q=%E9%BA%BB%E5%8F%A4%E8%8C%B6%E5%9D%8A+%E9%B9%BF%E6%B8%AF%E9%B9%BF%E6%9D%B1%E5%BA%97+%E5%BD%B0%E5%8C%96%E7%B8%A3%E9%B9%BF%E6%B8%AF%E9%8E%AE%E9%B9%BF%E6%9D%B1%E8%B7%AF55%E8%99%9F&hl=zh-TW#sv=CAESzQEKuQEStgEKd0FKaVQ0dEppcEZmQmZLNDRuZ0Vrc0dPck85cEt4b1dTR2g2bU44aVJPaUo5NmZZck1hbFVVSFMwZHdkTENHcWNxMzVDNWRtN0VYcDlWR3I3MHJrRnZNd2VGYWZKQjA4cG1DR3BxeVBFWTMwaEp0czM2bGJmNXNzEhdrNGRoYXRuMkZKeWExZThQbHNtWHdBdxoiQURzcjlmUWRqRUNFNFVMTmZvNXY1VjMyR1Q2dTdxT0N2dxIEODEyNBoBMyoAMAA4AUAAGCog-u_RpARKAhAB","Playwright batch opened Google Order flow and read visible pickup/delivery providers."
"macu-tw-136","北港大同店","中部","雲林縣","北港鎮","雲林縣北港鎮大同路145號","05-7834849","confirmed","confirmed","true","true","","foodpanda、Uber Eats","LINE、Uber Eats、foodpanda、食在麻吉 eathere","Uber Eats、foodpanda","https://www.google.com/search?q=%E9%BA%BB%E5%8F%A4%E8%8C%B6%E5%9D%8A+%E5%8C%97%E6%B8%AF%E5%A4%A7%E5%90%8C%E5%BA%97+%E9%9B%B2%E6%9E%97%E7%B8%A3%E5%8C%97%E6%B8%AF%E9%8E%AE%E5%A4%A7%E5%90%8C%E8%B7%AF145%E8%99%9F&hl=zh-TW#sv=CAESzQEKuQEStgEKd0FKaVQ0dEpJdVY0T090dnNzT3pYLVJGMDR0Z1VGblVmRXNGamx2ZEpxZUdrTzlyMG9FOTR0cVMtV0owWkZDc2JrLWxWQTV1RElPUU9QaXd5TG5jc0xhSEIzZnFWVE1LM0FibjU2QnZXb3VKWWozZkpoMkZoOExzEhdUdFZnYXJUN0VLWHYxZThQMHUyZDZBVRoiQURzcjlmUUFoU0tsUjg3a2t1aW92RmtFekVtMXhmakhLURIEODEyNBoBMyoAMAA4AUAAGCogn4PhzQY6AEoCEAE","https://www.google.com/search?q=%E9%BA%BB%E5%8F%A4%E8%8C%B6%E5%9D%8A+%E5%8C%97%E6%B8%AF%E5%A4%A7%E5%90%8C%E5%BA%97+%E9%9B%B2%E6%9E%97%E7%B8%A3%E5%8C%97%E6%B8%AF%E9%8E%AE%E5%A4%A7%E5%90%8C%E8%B7%AF145%E8%99%9F&hl=zh-TW#sv=CAESzQEKuQEStgEKd0FKaVQ0dEpJdVY0T090dnNzT3pYLVJGMDR0Z1VGblVmRXNGamx2ZEpxZUdrTzlyMG9FOTR0cVMtV0owWkZDc2JrLWxWQTV1RElPUU9QaXd5TG5jc0xhSEIzZnFWVE1LM0FibjU2QnZXb3VKWWozZkpoMkZoOExzEhdUdFZnYXJUN0VLWHYxZThQMHUyZDZBVRoiQURzcjlmUUFoU0tsUjg3a2t1aW92RmtFekVtMXhmakhLURIEODEyNBoBMyoAMAA4AUAAGCogn4PhzQY6AEoCEAE","Playwright batch opened Google Order flow and read visible pickup/delivery providers."
"macu-tw-140","斗六中山店","中部","雲林縣","斗六市","雲林縣斗六市中山路210號","05-537-0787","confirmed","confirmed","true","true","foodpanda","foodpanda、Uber Eats","LINE、Uber Eats、foodpanda、食在麻吉 eathere","Uber Eats、foodpanda","https://www.google.com/search?q=%E9%BA%BB%E5%8F%A4%E8%8C%B6%E5%9D%8A%20%E6%96%97%E5%85%AD%E4%B8%AD%E5%B1%B1%E5%BA%97%20%E9%9B%B2%E6%9E%97%E7%B8%A3%E6%96%97%E5%85%AD%E5%B8%82%E4%B8%AD%E5%B1%B1%E8%B7%AF210%E8%99%9F&hl=zh-TW#sv=CAESzQEKuQEStgEKd0FKaVQ0dExabDRST1VTdjZXTV9RTDlpTFdJNFduMUtQUzRzQXZBZ0VZczdnZ2hIX1Nqaklod184V1U1RmFITzdFNExxTUdITG40UFVYT292Q3NxRUZwclVVMHBVUTQ4b2RJZF9IWmlKZ0tFRzdpMFpUSG91YTZnEhdhTlZnYXJhS01jZlgxZThQel9IQ3VBNBoiQURzcjlmUXBtb01jeTZFSW1zT0hkelpKM1dnajFvbmJoZxIEODEyNBoBMyoAMAA4AUAAGCog2rfspgk6AEoCEAE","https://www.google.com/search?q=%E9%BA%BB%E5%8F%A4%E8%8C%B6%E5%9D%8A%20%E6%96%97%E5%85%AD%E4%B8%AD%E5%B1%B1%E5%BA%97%20%E9%9B%B2%E6%9E%97%E7%B8%A3%E6%96%97%E5%85%AD%E5%B8%82%E4%B8%AD%E5%B1%B1%E8%B7%AF210%E8%99%9F&hl=zh-TW#sv=CAESzQEKuQEStgEKd0FKaVQ0dExabDRST1VTdjZXTV9RTDlpTFdJNFduMUtQUzRzQXZBZ0VZczdnZ2hIX1Nqaklod184V1U1RmFITzdFNExxTUdITG40UFVYT292Q3NxRUZwclVVMHBVUTQ4b2RJZF9IWmlKZ0tFRzdpMFpUSG91YTZnEhdhTlZnYXJhS01jZlgxZThQel9IQ3VBNBoiQURzcjlmUXBtb01jeTZFSW1zT0hkelpKM1dnajFvbmJoZxIEODEyNBoBMyoAMAA4AUAAGCog2rfspgk6AEoCEAE","Playwright batch opened Google Order flow and read visible pickup/delivery providers."
"macu-tw-137","斗六鎮北店","中部","雲林縣","斗六市鎮","雲林縣斗六市鎮北路40號","05-537-1137","confirmed","confirmed","true","true","","foodpanda、Uber Eats","LINE、Uber Eats、foodpanda、食在麻吉 eathere","Uber Eats、foodpanda","https://www.google.com/search?q=%E9%BA%BB%E5%8F%A4%E8%8C%B6%E5%9D%8A%20%E6%96%97%E5%85%AD%E9%8E%AE%E5%8C%97%E5%BA%97%20%E9%9B%B2%E6%9E%97%E7%B8%A3%E6%96%97%E5%85%AD%E5%B8%82%E9%8E%AE%E5%8C%97%E8%B7%AF40%E8%99%9F&hl=zh-TW#sv=CAESzQEKuQEStgEKd0FKaVQ0dEp5a2xLWVhQN0tqYm1VeDVCbTFmQy1SRE51UkVEa2w2dmMxZUhPUER0c0NqcW1jM25YN2F4dzd6czFiZDlpaElFOE1SU0Jra3hzWmtyRW9tM09vQldGNVlqNnFBNHNiNDdDRXNUbzQzX2hPV0E0RFM0EhdnOVZnYXBTUEQ0N0QxZThQZ19xZHVRcxoiQURzcjlmUWFGY2VTbE1fYTR6Rk9UT2FGTmxQMXdTZUcyURIEODEyNBoBMyoAMAA4AUAAGCogtIe99As6AEoCEAE","https://www.google.com/search?q=%E9%BA%BB%E5%8F%A4%E8%8C%B6%E5%9D%8A%20%E6%96%97%E5%85%AD%E9%8E%AE%E5%8C%97%E5%BA%97%20%E9%9B%B2%E6%9E%97%E7%B8%A3%E6%96%97%E5%85%AD%E5%B8%82%E9%8E%AE%E5%8C%97%E8%B7%AF40%E8%99%9F&hl=zh-TW#sv=CAESzQEKuQEStgEKd0FKaVQ0dEp5a2xLWVhQN0tqYm1VeDVCbTFmQy1SRE51UkVEa2w2dmMxZUhPUER0c0NqcW1jM25YN2F4dzd6czFiZDlpaElFOE1SU0Jra3hzWmtyRW9tM09vQldGNVlqNnFBNHNiNDdDRXNUbzQzX2hPV0E0RFM0EhdnOVZnYXBTUEQ0N0QxZThQZ19xZHVRcxoiQURzcjlmUWFGY2VTbE1fYTR6Rk9UT2FGTmxQMXdTZUcyURIEODEyNBoBMyoAMAA4AUAAGCogtIe99As6AEoCEAE","Playwright batch opened Google Order flow and read visible pickup/delivery providers."
"macu-tw-138","虎尾林森店","中部","雲林縣","虎尾鎮","雲林縣虎尾鎮林森路一段382號1樓","05-6364088","confirmed","confirmed","true","true","","foodpanda、Uber Eats","LINE、Uber Eats、foodpanda、食在麻吉 eathere","Uber Eats、foodpanda","https://www.google.com/search?q=%E9%BA%BB%E5%8F%A4%E8%8C%B6%E5%9D%8A+%E8%99%8E%E5%B0%BE%E6%9E%97%E6%A3%AE%E5%BA%97+%E9%9B%B2%E6%9E%97%E7%B8%A3%E8%99%8E%E5%B0%BE%E9%8E%AE%E6%9E%97%E6%A3%AE%E8%B7%AF%E4%B8%80%E6%AE%B5382%E8%99%9F1%E6%A8%93&hl=zh-TW#sv=CAESzQEKuQEStgEKd0FKaVQ0dEpSb2pTbmhONzgxaFJ5OFNoaUpUZ0MxU0ttTTZncUNJM0hZSUtCTFpPeFVxaDJQbF9TNVNRRGhjZTE3bnNNV25LSjNsRHRSNTF2emlyN1B1Ny02M21QdG9RSElXV2JKblZ0QWJkQWdEWE42Mk4yM1NFEhduTlZnYXZYeEtOR1p2cjBQbllQSTZRZxoiQURzcjlmUmg5anpwM2xFT2t4ZWpnamxvR3VVb05LTVJzURIEODEyNBoBMyoAMAA4AUAAGCog_5j-kA06AEoCEAE","https://www.google.com/search?q=%E9%BA%BB%E5%8F%A4%E8%8C%B6%E5%9D%8A+%E8%99%8E%E5%B0%BE%E6%9E%97%E6%A3%AE%E5%BA%97+%E9%9B%B2%E6%9E%97%E7%B8%A3%E8%99%8E%E5%B0%BE%E9%8E%AE%E6%9E%97%E6%A3%AE%E8%B7%AF%E4%B8%80%E6%AE%B5382%E8%99%9F1%E6%A8%93&hl=zh-TW#sv=CAESzQEKuQEStgEKd0FKaVQ0dEpSb2pTbmhONzgxaFJ5OFNoaUpUZ0MxU0ttTTZncUNJM0hZSUtCTFpPeFVxaDJQbF9TNVNRRGhjZTE3bnNNV25LSjNsRHRSNTF2emlyN1B1Ny02M21QdG9RSElXV2JKblZ0QWJkQWdEWE42Mk4yM1NFEhduTlZnYXZYeEtOR1p2cjBQbllQSTZRZxoiQURzcjlmUmg5anpwM2xFT2t4ZWpnamxvR3VVb05LTVJzURIEODEyNBoBMyoAMAA4AUAAGCog_5j-kA06AEoCEAE","Playwright batch opened Google Order flow and read visible pickup/delivery providers."
"macu-tw-139","虎尾科大店","中部","雲林縣","虎尾鎮","雲林縣虎尾鎮林森路二段261號","05-6323688","confirmed","confirmed","true","true","","Uber Eats","LINE、Uber Eats、食在麻吉 eathere","Uber Eats","https://www.google.com/search?q=%E9%BA%BB%E5%8F%A4%E8%8C%B6%E5%9D%8A%20%E8%99%8E%E5%B0%BE%E7%A7%91%E5%A4%A7%E5%BA%97%20%E9%9B%B2%E6%9E%97%E7%B8%A3%E8%99%8E%E5%B0%BE%E9%8E%AE%E6%9E%97%E6%A3%AE%E8%B7%AF%E4%BA%8C%E6%AE%B5261%E8%99%9F&hl=zh-TW#sv=CAESzQEKuQEStgEKd0FKaVQ0dEtteWp4N19JQ1BSN3I1RTY1am85ZjdDNVpoaktUOVE0X2dGSTluN25ZaUo5a2podXlnUVFWUllqYk5KSVZPTVZnME9MMFE5dE5zR0ZTZDEydlp3TjJWSk5ZX2g2TVlwQXFNYjJUVnN1QkFTUHBTd0pjEhd0ZFZnYXNuM05kR3p2cjBQczdydzBBcxoiQURzcjlmUmV3S2RkZmo2M29QN1FuV2FRalQ1dmVuRkJQZxIEODEyNBoBMyoAMAA4AUAAGCogtuGk-Ak6AEoCEAE","https://www.google.com/search?q=%E9%BA%BB%E5%8F%A4%E8%8C%B6%E5%9D%8A%20%E8%99%8E%E5%B0%BE%E7%A7%91%E5%A4%A7%E5%BA%97%20%E9%9B%B2%E6%9E%97%E7%B8%A3%E8%99%8E%E5%B0%BE%E9%8E%AE%E6%9E%97%E6%A3%AE%E8%B7%AF%E4%BA%8C%E6%AE%B5261%E8%99%9F&hl=zh-TW#sv=CAESzQEKuQEStgEKd0FKaVQ0dEtteWp4N19JQ1BSN3I1RTY1am85ZjdDNVpoaktUOVE0X2dGSTluN25ZaUo5a2podXlnUVFWUllqYk5KSVZPTVZnME9MMFE5dE5zR0ZTZDEydlp3TjJWSk5ZX2g2TVlwQXFNYjJUVnN1QkFTUHBTd0pjEhd0ZFZnYXNuM05kR3p2cjBQczdydzBBcxoiQURzcjlmUmV3S2RkZmo2M29QN1FuV2FRalQ1dmVuRkJQZxIEODEyNBoBMyoAMAA4AUAAGCogtuGk-Ak6AEoCEAE","Playwright batch opened Google Order flow and read visible pickup/delivery providers."
"macu-tw-167","仁德太子店","南部","台南市","仁德區","台南市仁德區太子路483號","06-2719888","confirmed","no_gmb_order_button","true","false","","","LINE、食在麻吉 eathere","","https://www.google.com/search?q=%E9%BA%BB%E5%8F%A4%E8%8C%B6%E5%9D%8A%20%E4%BB%81%E5%BE%B7%E5%A4%AA%E5%AD%90%E5%BA%97%20%E5%8F%B0%E5%8D%97%E5%B8%82%E4%BB%81%E5%BE%B7%E5%8D%80%E5%A4%AA%E5%AD%90%E8%B7%AF483%E8%99%9F&hl=zh-TW","","Named GMB profile matched, but no Google Order entry was opened."
"macu-tw-192","台南中清店","南部","台南市","仁德區","717台南市仁德區中清路37號","062797619","confirmed","no_gmb_order_button","true","false","","","LINE、食在麻吉 eathere","","https://www.google.com/search?q=%E9%BA%BB%E5%8F%A4%E8%8C%B6%E5%9D%8A%20%E5%8F%B0%E5%8D%97%E4%B8%AD%E6%B8%85%E5%BA%97%20%E5%8F%B0%E5%8D%97%E5%B8%82%E4%BB%81%E5%BE%B7%E5%8D%80%E4%B8%AD%E6%B8%85%E8%B7%AF37%E8%99%9F&hl=zh-TW","","Named GMB profile matched, but no Google Order entry was opened."
"macu-tw-206","台南仁和店","南部","台南市","東區","台南市東區仁和路84-10號","06-2670281","confirmed","confirmed","true","true","","Uber Eats","LINE、Uber Eats、食在麻吉 eathere","Uber Eats","https://www.google.com/search?q=%E9%BA%BB%E5%8F%A4%E8%8C%B6%E5%9D%8A%20%E5%8F%B0%E5%8D%97%E4%BB%81%E5%92%8C%E5%BA%97%20%E5%8F%B0%E5%8D%97%E5%B8%82%E6%9D%B1%E5%8D%80%E4%BB%81%E5%92%8C%E8%B7%AF84-10%E8%99%9F&hl=zh-TW#sv=CAESzQEKuQEStgEKd0FKaVQ0dEpOZW9GbF9pYWI1WkQ4UVg5VW9abWItblZkVi01STRsRU9ucU15Nkx4bGJramZRaU1zNndIclhxRHJmRTRmTWlsTXFkMnFTRE9iT01WQ3g4MTV4Y3lvNVAwNDZDdUJNQjZaT2UxQTRYWlpibXdpXzc4Ehc2TlZnYXR2UU1kTEd2cjBQN1pTMDBBbxoiQURzcjlmUTVMM3doTkF4TDJ1YS0wTGdKbHBTY0thaTJMQRIEODEyNBoBMyoAMAA4AUAAGCogx5nl9Ac6AEoCEAE","https://www.google.com/search?q=%E9%BA%BB%E5%8F%A4%E8%8C%B6%E5%9D%8A%20%E5%8F%B0%E5%8D%97%E4%BB%81%E5%92%8C%E5%BA%97%20%E5%8F%B0%E5%8D%97%E5%B8%82%E6%9D%B1%E5%8D%80%E4%BB%81%E5%92%8C%E8%B7%AF84-10%E8%99%9F&hl=zh-TW#sv=CAESzQEKuQEStgEKd0FKaVQ0dEpOZW9GbF9pYWI1WkQ4UVg5VW9abWItblZkVi01STRsRU9ucU15Nkx4bGJramZRaU1zNndIclhxRHJmRTRmTWlsTXFkMnFTRE9iT01WQ3g4MTV4Y3lvNVAwNDZDdUJNQjZaT2UxQTRYWlpibXdpXzc4Ehc2TlZnYXR2UU1kTEd2cjBQN1pTMDBBbxoiQURzcjlmUTVMM3doTkF4TDJ1YS0wTGdKbHBTY0thaTJMQRIEODEyNBoBMyoAMAA4AUAAGCogx5nl9Ac6AEoCEAE","Playwright batch opened Google Order flow and read visible pickup/delivery providers."
"macu-tw-190","台南仁德店","南部","台南市","仁德區","台南市仁德區中正路二段439號","06-2798199","confirmed","confirmed","true","true","","Uber Eats","LINE、Uber Eats、食在麻吉 eathere","Uber Eats","https://www.google.com/search?q=%E9%BA%BB%E5%8F%A4%E8%8C%B6%E5%9D%8A+%E5%8F%B0%E5%8D%97%E4%BB%81%E5%BE%B7%E5%BA%97+%E5%8F%B0%E5%8D%97%E5%B8%82%E4%BB%81%E5%BE%B7%E5%8D%80%E4%B8%AD%E6%AD%A3%E8%B7%AF%E4%BA%8C%E6%AE%B5439%E8%99%9F&hl=zh-TW#sv=CAESzQEKuQEStgEKd0FKaVQ0dEpreUQweVNtVmw5TUR0clRGUnd0cVpSd1cyTzBlYmJaTUNUX0FHN0hqel92VmVwQnNXWlUwZkVXTjc2amtOeDNIckdlak5RcjVIZ3hkODBySTJ3MHRUY1R0YzJnaVdHYWV2VzhRR0FlQ1Y2S2haNlVBEhctdFZnYXFtOUlQTHQxZThQa2FhMG1RSRoiQURzcjlmUktmbFNuZUVJQWhqaW1hZXRaWGsxR1owNlRIdxIEODEyNBoBMyoAMAA4AUAAGCog9dy-7wI6AEoCEAE","https://www.google.com/search?q=%E9%BA%BB%E5%8F%A4%E8%8C%B6%E5%9D%8A+%E5%8F%B0%E5%8D%97%E4%BB%81%E5%BE%B7%E5%BA%97+%E5%8F%B0%E5%8D%97%E5%B8%82%E4%BB%81%E5%BE%B7%E5%8D%80%E4%B8%AD%E6%AD%A3%E8%B7%AF%E4%BA%8C%E6%AE%B5439%E8%99%9F&hl=zh-TW#sv=CAESzQEKuQEStgEKd0FKaVQ0dEpreUQweVNtVmw5TUR0clRGUnd0cVpSd1cyTzBlYmJaTUNUX0FHN0hqel92VmVwQnNXWlUwZkVXTjc2amtOeDNIckdlak5RcjVIZ3hkODBySTJ3MHRUY1R0YzJnaVdHYWV2VzhRR0FlQ1Y2S2haNlVBEhctdFZnYXFtOUlQTHQxZThQa2FhMG1RSRoiQURzcjlmUktmbFNuZUVJQWhqaW1hZXRaWGsxR1owNlRIdxIEODEyNBoBMyoAMAA4AUAAGCog9dy-7wI6AEoCEAE","Playwright batch opened Google Order flow and read visible pickup/delivery providers."
"macu-tw-183","台南佳里光復店","南部","台南市","佳里區","台南市佳里區光復路291號","06-7231113","confirmed","confirmed","true","true","foodpanda","foodpanda","LINE、foodpanda、食在麻吉 eathere","foodpanda","https://www.google.com/search?q=%E9%BA%BB%E5%8F%A4%E8%8C%B6%E5%9D%8A%20%E5%8F%B0%E5%8D%97%E4%BD%B3%E9%87%8C%E5%85%89%E5%BE%A9%E5%BA%97%20%E5%8F%B0%E5%8D%97%E5%B8%82%E4%BD%B3%E9%87%8C%E5%8D%80%E5%85%89%E5%BE%A9%E8%B7%AF291%E8%99%9F&hl=zh-TW#sv=CAESzAEKuAEStQEKd0FKaVQ0dExJR1B3RXVBUktzOFZwc1pQSWE5VlB4MlJZaGRWNzY0UWJMY21tQW5xVzFFUXVjczJsQUYyQnMzRkFuTzd0X0gyOHU1UWprck04Q2pkSDRPT1pBLXBuek53bnhtelNvXzdLclJwd2tfY1VJaXhrMUFREhZEdFpnYXRYUU41eUx2cjBQOXVYWEFRGiJBRHNyOWZRZzFhMktJU1djVEwzdk5uZ1dSdk9iazJMWlVnEgQ4MTI0GgEzKgAwADgBQAAYKiCb8YbZBzoASgIQAQ","https://www.google.com/search?q=%E9%BA%BB%E5%8F%A4%E8%8C%B6%E5%9D%8A%20%E5%8F%B0%E5%8D%97%E4%BD%B3%E9%87%8C%E5%85%89%E5%BE%A9%E5%BA%97%20%E5%8F%B0%E5%8D%97%E5%B8%82%E4%BD%B3%E9%87%8C%E5%8D%80%E5%85%89%E5%BE%A9%E8%B7%AF291%E8%99%9F&hl=zh-TW#sv=CAESzAEKuAEStQEKd0FKaVQ0dExJR1B3RXVBUktzOFZwc1pQSWE5VlB4MlJZaGRWNzY0UWJMY21tQW5xVzFFUXVjczJsQUYyQnMzRkFuTzd0X0gyOHU1UWprck04Q2pkSDRPT1pBLXBuek53bnhtelNvXzdLclJwd2tfY1VJaXhrMUFREhZEdFpnYXRYUU41eUx2cjBQOXVYWEFRGiJBRHNyOWZRZzFhMktJU1djVEwzdk5uZ1dSdk9iazJMWlVnEgQ4MTI0GgEzKgAwADgBQAAYKiCb8YbZBzoASgIQAQ","Playwright batch opened Google Order flow and read visible pickup/delivery providers."
"macu-tw-158","台南佳里延平店","南部","台南市","佳里區","台南市佳里區延平路418號","06-7230993","confirmed","confirmed","true","true","foodpanda","foodpanda","LINE、foodpanda、食在麻吉 eathere","foodpanda","https://www.google.com/search?q=%E9%BA%BB%E5%8F%A4%E8%8C%B6%E5%9D%8A%20%E5%8F%B0%E5%8D%97%E4%BD%B3%E9%87%8C%E5%BB%B6%E5%B9%B3%E5%BA%97%20%E5%8F%B0%E5%8D%97%E5%B8%82%E4%BD%B3%E9%87%8C%E5%8D%80%E5%BB%B6%E5%B9%B3%E8%B7%AF418%E8%99%9F&hl=zh-TW#sv=CAESzQEKuQEStgEKd0FKaVQ0dExMNl9zWmotanpXVjlrWUlrZHRNYm1wNGYtbGR4QjFOX0tTT2t3YnhETkpCRnNvUUgzNFdlQm1rYVVKWE9iXzVTamdYMFJfU3hsZFBYc0pKZTZQU2JYSnVvSmVCODh5aW9FLUVqaHRzRXJvN1dXLXFREhdLTlpnYXAzbkM4cVB2cjBQNU91cy1RWRoiQURzcjlmUmt1b1JHdkszU1BrSmplWjZzQlZlUjZVeW9YQRIEODEyNBoBMyoAMAA4AUAAGCogpumh8g06AEoCEAE","https://www.google.com/search?q=%E9%BA%BB%E5%8F%A4%E8%8C%B6%E5%9D%8A%20%E5%8F%B0%E5%8D%97%E4%BD%B3%E9%87%8C%E5%BB%B6%E5%B9%B3%E5%BA%97%20%E5%8F%B0%E5%8D%97%E5%B8%82%E4%BD%B3%E9%87%8C%E5%8D%80%E5%BB%B6%E5%B9%B3%E8%B7%AF418%E8%99%9F&hl=zh-TW#sv=CAESzQEKuQEStgEKd0FKaVQ0dExMNl9zWmotanpXVjlrWUlrZHRNYm1wNGYtbGR4QjFOX0tTT2t3YnhETkpCRnNvUUgzNFdlQm1rYVVKWE9iXzVTamdYMFJfU3hsZFBYc0pKZTZQU2JYSnVvSmVCODh5aW9FLUVqaHRzRXJvN1dXLXFREhdLTlpnYXAzbkM4cVB2cjBQNU91cy1RWRoiQURzcjlmUmt1b1JHdkszU1BrSmplWjZzQlZlUjZVeW9YQRIEODEyNBoBMyoAMAA4AUAAGCogpumh8g06AEoCEAE","Playwright batch opened Google Order flow and read visible pickup/delivery providers."
"macu-tw-163","台南公園店","南部","台南市","北區","台南市北區公園路776號","06-2213322","confirmed","confirmed","true","true","","foodpanda","LINE、foodpanda、食在麻吉 eathere","foodpanda","https://www.google.com/search?q=%E9%BA%BB%E5%8F%A4%E8%8C%B6%E5%9D%8A+%E5%8F%B0%E5%8D%97%E5%85%AC%E5%9C%92%E5%BA%97+%E5%8F%B0%E5%8D%97%E5%B8%82%E5%8C%97%E5%8D%80%E5%85%AC%E5%9C%92%E8%B7%AF776%E8%99%9F&hl=zh-TW#sv=CAESzQEKuQEStgEKd0FKaVQ0dEpsb3FtVnJSd0oyRUNad25FaE05M0ZYWHRYamtiaGRxYTc1a1dpU2l2SXdhbkpMX2R4WVBoTFFZZnJoUW5vYzc2OTJLb0h4QXdmOWpRODRKMmFyY21XR29pTmlGQThtbGVqMVZpMHFzVjVTUWZlbklnEhdoMGxoYXEtN0F1LUQxZThQai11TTBBZxoiQURzcjlmVEpEelJuS2ZNYUQwRkV0ajlvYXZrUWV6WmQydxIEODEyNBoBMyoAMAA4AUAAGCogrrGChgRKAhAB","https://www.google.com/search?q=%E9%BA%BB%E5%8F%A4%E8%8C%B6%E5%9D%8A+%E5%8F%B0%E5%8D%97%E5%85%AC%E5%9C%92%E5%BA%97+%E5%8F%B0%E5%8D%97%E5%B8%82%E5%8C%97%E5%8D%80%E5%85%AC%E5%9C%92%E8%B7%AF776%E8%99%9F&hl=zh-TW#sv=CAESzQEKuQEStgEKd0FKaVQ0dEpsb3FtVnJSd0oyRUNad25FaE05M0ZYWHRYamtiaGRxYTc1a1dpU2l2SXdhbkpMX2R4WVBoTFFZZnJoUW5vYzc2OTJLb0h4QXdmOWpRODRKMmFyY21XR29pTmlGQThtbGVqMVZpMHFzVjVTUWZlbklnEhdoMGxoYXEtN0F1LUQxZThQai11TTBBZxoiQURzcjlmVEpEelJuS2ZNYUQwRkV0ajlvYXZrUWV6WmQydxIEODEyNBoBMyoAMAA4AUAAGCog9J63vQ86AEoCEAE","Playwright batch opened Google Order flow and read visible pickup/delivery providers."
"macu-tw-152","台南六甲店","南部","台南市","六甲區","台南市六甲區水林里中山路230號1樓","06-6989229","confirmed","no_gmb_order_button","true","false","","","LINE、食在麻吉 eathere","","https://www.google.com/search?q=%E9%BA%BB%E5%8F%A4%E8%8C%B6%E5%9D%8A%20%E5%8F%B0%E5%8D%97%E5%85%AD%E7%94%B2%E5%BA%97%20%E5%8F%B0%E5%8D%97%E5%B8%82%E5%85%AD%E7%94%B2%E5%8D%80%E6%B0%B4%E6%9E%97%E9%87%8C%E4%B8%AD%E5%B1%B1%E8%B7%AF230%E8%99%9F1%E6%A8%93&hl=zh-TW","","Named GMB profile matched, but no Google Order entry was opened."
"macu-tw-203","台南北安店","南部","台南市","安南區","台南市安南區北安路三段116號","06-2479841","confirmed","confirmed","true","true","","foodpanda、Uber Eats","LINE、Uber Eats、foodpanda、食在麻吉 eathere","Uber Eats、foodpanda","https://www.google.com/search?q=%E9%BA%BB%E5%8F%A4%E8%8C%B6%E5%9D%8A+%E5%8F%B0%E5%8D%97%E5%8C%97%E5%AE%89%E5%BA%97+%E5%8F%B0%E5%8D%97%E5%B8%82%E5%AE%89%E5%8D%97%E5%8D%80%E5%8C%97%E5%AE%89%E8%B7%AF%E4%B8%89%E6%AE%B5116%E8%99%9F&hl=zh-TW#sv=CAESzQEKuQEStgEKd0FKaVQ0dElXS3hoc2ZVdTNsaHE0SkUxRDRWa2ZNMVBxemszT21Qakp3OWxNejhFS21PZG9DZ2FYYUFQbmtOOWtDVkZ5V2tNek5UVzZZQ1h0UENfbnRQZzIwbHZaQmoyM1dCaU5od1gyYmdnLTc4QzBuX19IX2h3EhdhdFpnYXJEYkFaQ2t2cjBQenF2b2dRVRoiQURzcjlmUWFoeDJUZXUyYndKQ0ZBajBSeTd0Y2c0SkhRQRIEODEyNBoBMyoAMAA4AUAAGCog6pmsrAI6AEoCEAE","https://www.google.com/search?q=%E9%BA%BB%E5%8F%A4%E8%8C%B6%E5%9D%8A+%E5%8F%B0%E5%8D%97%E5%8C%97%E5%AE%89%E5%BA%97+%E5%8F%B0%E5%8D%97%E5%B8%82%E5%AE%89%E5%8D%97%E5%8D%80%E5%8C%97%E5%AE%89%E8%B7%AF%E4%B8%89%E6%AE%B5116%E8%99%9F&hl=zh-TW#sv=CAESzQEKuQEStgEKd0FKaVQ0dElXS3hoc2ZVdTNsaHE0SkUxRDRWa2ZNMVBxemszT21Qakp3OWxNejhFS21PZG9DZ2FYYUFQbmtOOWtDVkZ5V2tNek5UVzZZQ1h0UENfbnRQZzIwbHZaQmoyM1dCaU5od1gyYmdnLTc4QzBuX19IX2h3EhdhdFpnYXJEYkFaQ2t2cjBQenF2b2dRVRoiQURzcjlmUWFoeDJUZXUyYndKQ0ZBajBSeTd0Y2c0SkhRQRIEODEyNBoBMyoAMAA4AUAAGCog6pmsrAI6AEoCEAE","Playwright batch opened Google Order flow and read visible pickup/delivery providers."
"macu-tw-197","台南友愛店","南部","台南市","中西區","台南市中西區友愛街168號","06-2238100","confirmed","confirmed","true","true","","foodpanda、Uber Eats","LINE、Uber Eats、foodpanda、食在麻吉 eathere","Uber Eats、foodpanda","https://www.google.com/search?q=%E9%BA%BB%E5%8F%A4%E8%8C%B6%E5%9D%8A%20%E5%8F%B0%E5%8D%97%E5%8F%8B%E6%84%9B%E5%BA%97%20%E5%8F%B0%E5%8D%97%E5%B8%82%E4%B8%AD%E8%A5%BF%E5%8D%80%E5%8F%8B%E6%84%9B%E8%A1%97168%E8%99%9F&hl=zh-TW#sv=CAESzQEKuQEStgEKd0FKaVQ0dEp5OEpXc0kyeUVGOTEyWkIweG52aG9QZENQcWtoWWRPdm1aWGZISWNETUdrbEFTZlBkZGZEMDZhQlMtRDRoTnNXcTAtY01QUVhURnMtNS0yek45VnRISkdhYUlQYk5SaUJuM0FxQTRyR3VuRldWaVpZEhdnOVpnYXAyQUdQeTl2cjBQeUtLeDJBdxoiQURzcjlmUnBQWUZqbUdRcm96Z2ZHS21jd1VzYlVCSFNSZxIEODEyNBoBMyoAMAA4AUAAGCog_Zq43w86AEoCEAE","https://www.google.com/search?q=%E9%BA%BB%E5%8F%A4%E8%8C%B6%E5%9D%8A%20%E5%8F%B0%E5%8D%97%E5%8F%8B%E6%84%9B%E5%BA%97%20%E5%8F%B0%E5%8D%97%E5%B8%82%E4%B8%AD%E8%A5%BF%E5%8D%80%E5%8F%8B%E6%84%9B%E8%A1%97168%E8%99%9F&hl=zh-TW#sv=CAESzQEKuQEStgEKd0FKaVQ0dEp5OEpXc0kyeUVGOTEyWkIweG52aG9QZENQcWtoWWRPdm1aWGZISWNETUdrbEFTZlBkZGZEMDZhQlMtRDRoTnNXcTAtY01QUVhURnMtNS0yek45VnRISkdhYUlQYk5SaUJuM0FxQTRyR3VuRldWaVpZEhdnOVpnYXAyQUdQeTl2cjBQeUtLeDJBdxoiQURzcjlmUnBQWUZqbUdRcm96Z2ZHS21jd1VzYlVCSFNSZxIEODEyNBoBMyoAMAA4AUAAGCog_Zq43w86AEoCEAE","Playwright batch opened Google Order flow and read visible pickup/delivery providers."
"macu-tw-181","台南善化中山店","南部","台南市","善化區","台南市善化區中正路487號","06-5816006","confirmed","button_confirmed_provider_pending","true","true","","","LINE、食在麻吉 eathere","","https://goo.gl/maps/FZojXfLutx5DXUeC6","https://www.google.com.tw/maps/place/%E9%BA%BB%E5%8F%A4%E8%8C%B6%E5%9D%8A+%E5%96%84%E5%8C%96%E4%B8%AD%E6%AD%A3%E5%BA%97/@23.1322932,120.2909261,18z/data=!4m7!3m6!1s0x346e7b809874997d:0x82b121cf3f83a68c!8m2!3d23.1310433!4d120.2938346!10e1!16s%2Fg%2F11c6w1c2zb?hl=zh-TW&entry=ttu&g_ep=EgoyMDI2MDcxOS4wIKXMDSoASAFQAw%3D%3D","Google Order entry/panel opened, but provider rows were not parsed."
"macu-tw-149","台南善化大成店","南部","台南市","善化區","台南市善化區大成路272號","06-5837275","confirmed","confirmed","true","true","","foodpanda、Uber Eats","LINE、Uber Eats、foodpanda、食在麻吉 eathere","Uber Eats、foodpanda","https://www.google.com/search?q=%E9%BA%BB%E5%8F%A4%E8%8C%B6%E5%9D%8A+%E5%8F%B0%E5%8D%97%E5%96%84%E5%8C%96%E5%A4%A7%E6%88%90%E5%BA%97+%E5%8F%B0%E5%8D%97%E5%B8%82%E5%96%84%E5%8C%96%E5%8D%80%E5%A4%A7%E6%88%90%E8%B7%AF272%E8%99%9F&hl=zh-TW#sv=CAESzQEKuQEStgEKd0FKaVQ0dEkzRl8xNjdHdXhYbnJPYVJLVFNOdzNaaVFlbVU4NjFGbmFtWllUUk9fei1NSmRrb21EMy1VVVRoZkN2UkN1dGtvOXpwdzBham9qQWQzaFZndFd4ZzRSTDZhV2tzNUtQNVhxZWhVaHVZOERwWHNmX2FZEhd1dFpnYW9uNkNOQ1l2cjBQMy12djhRcxoiQURzcjlmUmg2ZzJFYlZjWjUxVmVxVXg3Tmc2R213a1RkURIEODEyNBoBMyoAMAA4AUAAGCogrJ22vA86AEoCEAE","https://www.google.com/search?q=%E9%BA%BB%E5%8F%A4%E8%8C%B6%E5%9D%8A+%E5%8F%B0%E5%8D%97%E5%96%84%E5%8C%96%E5%A4%A7%E6%88%90%E5%BA%97+%E5%8F%B0%E5%8D%97%E5%B8%82%E5%96%84%E5%8C%96%E5%8D%80%E5%A4%A7%E6%88%90%E8%B7%AF272%E8%99%9F&hl=zh-TW#sv=CAESzQEKuQEStgEKd0FKaVQ0dEkzRl8xNjdHdXhYbnJPYVJLVFNOdzNaaVFlbVU4NjFGbmFtWllUUk9fei1NSmRrb21EMy1VVVRoZkN2UkN1dGtvOXpwdzBham9qQWQzaFZndFd4ZzRSTDZhV2tzNUtQNVhxZWhVaHVZOERwWHNmX2FZEhd1dFpnYW9uNkNOQ1l2cjBQMy12djhRcxoiQURzcjlmUmg2ZzJFYlZjWjUxVmVxVXg3Tmc2R213a1RkURIEODEyNBoBMyoAMAA4AUAAGCogrJ22vA86AEoCEAE","Playwright batch opened Google Order flow and read visible pickup/delivery providers."
"macu-tw-178","台南嘉藥店","南部","台南市","仁德區","台南市仁德區二仁路一段111號","06-3660123","confirmed","confirmed","true","true","foodpanda","foodpanda、Uber Eats","LINE、Uber Eats、foodpanda、食在麻吉 eathere","Uber Eats、foodpanda","https://www.google.com/search?q=%E9%BA%BB%E5%8F%A4%E8%8C%B6%E5%9D%8A%20%E5%8F%B0%E5%8D%97%E5%98%89%E8%97%A5%E5%BA%97%20%E5%8F%B0%E5%8D%97%E5%B8%82%E4%BB%81%E5%BE%B7%E5%8D%80%E4%BA%8C%E4%BB%81%E8%B7%AF%E4%B8%80%E6%AE%B5111%E8%99%9F&hl=zh-TW#sv=CAESzQEKuQEStgEKd0FKaVQ0dEtXaE4yaTBpc1pVaEc0enhsbWpTbVBzUFRUVzBmOUZwODEzODRmbVNIZ0hYZ3ZZVGczYzQxU0oxUGxHWXpTU241Vm1Vd2V5d0ZORldlMWhIdjZrUmNmcWZoWHJidmktbG55SWJCUVp0MTB2ZlN1MV80EhcxTlpnYXEyQUE2X28xZThQeHVPcjJBRRoiQURzcjlmU2Y3elhlTVJXOGpCTmgyM3QtNWVzcXhIRERuZxIEODEyNBoBMyoAMAA4AUAAGCoguvqwmgc6AEoCEAE","https://www.google.com/search?q=%E9%BA%BB%E5%8F%A4%E8%8C%B6%E5%9D%8A%20%E5%8F%B0%E5%8D%97%E5%98%89%E8%97%A5%E5%BA%97%20%E5%8F%B0%E5%8D%97%E5%B8%82%E4%BB%81%E5%BE%B7%E5%8D%80%E4%BA%8C%E4%BB%81%E8%B7%AF%E4%B8%80%E6%AE%B5111%E8%99%9F&hl=zh-TW#sv=CAESzQEKuQEStgEKd0FKaVQ0dEtXaE4yaTBpc1pVaEc0enhsbWpTbVBzUFRUVzBmOUZwODEzODRmbVNIZ0hYZ3ZZVGczYzQxU0oxUGxHWXpTU241Vm1Vd2V5d0ZORldlMWhIdjZrUmNmcWZoWHJidmktbG55SWJCUVp0MTB2ZlN1MV80EhcxTlpnYXEyQUE2X28xZThQeHVPcjJBRRoiQURzcjlmU2Y3elhlTVJXOGpCTmgyM3QtNWVzcXhIRERuZxIEODEyNBoBMyoAMAA4AUAAGCoguvqwmgc6AEoCEAE","Playwright batch opened Google Order flow and read visible pickup/delivery providers."
"macu-tw-159","台南土城店","南部","台南市","安南區","台南市安南區安中路六段480號","06-2571558","confirmed","no_gmb_order_button","true","false","","","LINE、食在麻吉 eathere","","https://www.google.com/search?q=%E9%BA%BB%E5%8F%A4%E8%8C%B6%E5%9D%8A%20%E5%8F%B0%E5%8D%97%E5%9C%9F%E5%9F%8E%E5%BA%97%20%E5%8F%B0%E5%8D%97%E5%B8%82%E5%AE%89%E5%8D%97%E5%8D%80%E5%AE%89%E4%B8%AD%E8%B7%AF%E5%85%AD%E6%AE%B5480%E8%99%9F&hl=zh-TW","","Named GMB profile matched, but no Google Order entry was opened."
"macu-tw-185","台南大同店","南部","台南市","南區","台南市南區大同路二段91號","06-2145880","confirmed","confirmed","true","true","","foodpanda、Uber Eats","LINE、Uber Eats、foodpanda、食在麻吉 eathere","Uber Eats、foodpanda","https://www.google.com/search?q=%E9%BA%BB%E5%8F%A4%E8%8C%B6%E5%9D%8A+%E5%8F%B0%E5%8D%97%E5%A4%A7%E5%90%8C%E5%BA%97+%E5%8F%B0%E5%8D%97%E5%B8%82%E5%8D%97%E5%8D%80%E5%A4%A7%E5%90%8C%E8%B7%AF%E4%BA%8C%E6%AE%B591%E8%99%9F&hl=zh-TW#sv=CAESzQEKuQEStgEKd0FKaVQ0dEpJUi1CMHVRUmF0eXBNRkloOFp2RmpPcTlyekota2ZEbUkzejVJcDk3Zmo5Z0RqblRWemg1bFRaMVFkc1VLY2Zpb3dxckFhNmJ5Q09uQ1l0bUNfY3lBZjBmRHpreWpWZHJmMlhSdVNfNG52SEJHYnVJEhdBZGRnYXJteENvZWoxZThQLUtUODJBbxoiQURzcjlmUnVFQ1VPc29kUlhtVW9aRzVRYkJwQTlrWF9SdxIEODEyNBoBMyoAMAA4AUAAGCogwc36gQM6AEoCEAE","https://www.google.com/search?q=%E9%BA%BB%E5%8F%A4%E8%8C%B6%E5%9D%8A+%E5%8F%B0%E5%8D%97%E5%A4%A7%E5%90%8C%E5%BA%97+%E5%8F%B0%E5%8D%97%E5%B8%82%E5%8D%97%E5%8D%80%E5%A4%A7%E5%90%8C%E8%B7%AF%E4%BA%8C%E6%AE%B591%E8%99%9F&hl=zh-TW#sv=CAESzQEKuQEStgEKd0FKaVQ0dEpJUi1CMHVRUmF0eXBNRkloOFp2RmpPcTlyekota2ZEbUkzejVJcDk3Zmo5Z0RqblRWemg1bFRaMVFkc1VLY2Zpb3dxckFhNmJ5Q09uQ1l0bUNfY3lBZjBmRHpreWpWZHJmMlhSdVNfNG52SEJHYnVJEhdBZGRnYXJteENvZWoxZThQLUtUODJBbxoiQURzcjlmUnVFQ1VPc29kUlhtVW9aRzVRYkJwQTlrWF9SdxIEODEyNBoBMyoAMAA4AUAAGCogwc36gQM6AEoCEAE","Playwright batch opened Google Order flow and read visible pickup/delivery providers."
"macu-tw-194","台南大同店","南部","台南市","東區","台南市東區大同路二段91號","06-2145880","confirmed","confirmed","true","true","foodpanda","foodpanda、Uber Eats","LINE、Uber Eats、foodpanda、食在麻吉 eathere","Uber Eats、foodpanda","https://www.google.com/search?q=%E9%BA%BB%E5%8F%A4%E8%8C%B6%E5%9D%8A+%E5%8F%B0%E5%8D%97%E5%A4%A7%E5%90%8C%E5%BA%97+%E5%8F%B0%E5%8D%97%E5%B8%82%E6%9D%B1%E5%8D%80%E5%A4%A7%E5%90%8C%E8%B7%AF%E4%BA%8C%E6%AE%B591%E8%99%9F&hl=zh-TW#sv=CAESzQEKuQEStgEKd0FKaVQ0dEt1MUhCUFo3eHljX2dxWGFTYU5xU2dvUkppcmVyeEN1WjFqeVJSWUIwWEZjcmdlLWtoWDZ0dnV4NV9zdEZkdG1sUVhnSUw5NlVsT1FmRkV0N2NJNTY1TENNeEFKT0RHUnJlN1p3UC1VdHJVVXB0SjNNEhdHOWRnYXMzbkQtLW12cjBQOGJIR2dBSRoiQURzcjlmU1ZNblVuY0Mta1I5V1NwZENBN1o1NWVrdy1MdxIEODEyNBoBMyoAMAA4AUAAGCogvaqZvwM6AEoCEAE","https://www.google.com/search?q=%E9%BA%BB%E5%8F%A4%E8%8C%B6%E5%9D%8A+%E5%8F%B0%E5%8D%97%E5%A4%A7%E5%90%8C%E5%BA%97+%E5%8F%B0%E5%8D%97%E5%B8%82%E6%9D%B1%E5%8D%80%E5%A4%A7%E5%90%8C%E8%B7%AF%E4%BA%8C%E6%AE%B591%E8%99%9F&hl=zh-TW#sv=CAESzQEKuQEStgEKd0FKaVQ0dEt1MUhCUFo3eHljX2dxWGFTYU5xU2dvUkppcmVyeEN1WjFqeVJSWUIwWEZjcmdlLWtoWDZ0dnV4NV9zdEZkdG1sUVhnSUw5NlVsT1FmRkV0N2NJNTY1TENNeEFKT0RHUnJlN1p3UC1VdHJVVXB0SjNNEhdHOWRnYXMzbkQtLW12cjBQOGJIR2dBSRoiQURzcjlmU1ZNblVuY0Mta1I5V1NwZENBN1o1NWVrdy1MdxIEODEyNBoBMyoAMAA4AUAAGCogvaqZvwM6AEoCEAE","User screenshot on 2026-07-23 shows Google Order pickup panel for Tainan Datong has foodpanda only; removed erroneous LINE pickup provider from scoped GMB evidence."
"macu-tw-187","台南大灣店","南部","台南市","永康區","台南市永康區大灣路490號","06-2073119","confirmed","no_gmb_order_button","true","false","","","LINE、食在麻吉 eathere","","https://www.google.com/search?q=%E9%BA%BB%E5%8F%A4%E8%8C%B6%E5%9D%8A%20%E5%8F%B0%E5%8D%97%E5%A4%A7%E7%81%A3%E5%BA%97%20%E5%8F%B0%E5%8D%97%E5%B8%82%E6%B0%B8%E5%BA%B7%E5%8D%80%E5%A4%A7%E7%81%A3%E8%B7%AF490%E8%99%9F&hl=zh-TW","","Named GMB profile matched, but no Google Order entry was opened."
"macu-tw-153","台南學甲店","南部","台南市","學甲區","台南市學甲區成功路7號","06-7830803","confirmed","no_gmb_order_button","true","false","","","LINE、食在麻吉 eathere","","https://www.google.com/search?q=%E9%BA%BB%E5%8F%A4%E8%8C%B6%E5%9D%8A%20%E5%8F%B0%E5%8D%97%E5%AD%B8%E7%94%B2%E5%BA%97%20%E5%8F%B0%E5%8D%97%E5%B8%82%E5%AD%B8%E7%94%B2%E5%8D%80%E6%88%90%E5%8A%9F%E8%B7%AF7%E8%99%9F&hl=zh-TW","","Named GMB profile matched, but no Google Order entry was opened."
"macu-tw-173","台南安中店","南部","台南市","安南區","台南市安南區安中路一段735號","06-2471550","confirmed","confirmed","true","true","","foodpanda","LINE、foodpanda、食在麻吉 eathere","foodpanda","https://www.google.com/search?q=%E9%BA%BB%E5%8F%A4%E8%8C%B6%E5%9D%8A%20%E5%8F%B0%E5%8D%97%E5%AE%89%E4%B8%AD%E5%BA%97%20%E5%8F%B0%E5%8D%97%E5%B8%82%E5%AE%89%E5%8D%97%E5%8D%80%E5%AE%89%E4%B8%AD%E8%B7%AF%E4%B8%80%E6%AE%B5735%E8%99%9F&hl=zh-TW#sv=CAESzQEKuQEStgEKd0FKaVQ0dEkyZ2xkdHdoUDNqbHNFMmx1bVpsRjhaNGJ4eHVvaG96ZENSbmRlcC0tbHltTTdWRDJRWkFVWkEyUzlGVG5fUFVmdWstd3NGTlFlSTNoMjdlRkkxS0lTbnM5VFNzeks3X0NCZGQ2czhVMndDUUpITEZzEhdWTmRnYXNtRUJmVE8xZThQczRYQTJROBoiQURzcjlmUmhRY0FNM1I4RHFybG9UMWdXMkJXTnRKck16URIEODEyNBoBMyoAMAA4AUAAGCogi9qe4ws6AEoCEAE","https://www.google.com/search?q=%E9%BA%BB%E5%8F%A4%E8%8C%B6%E5%9D%8A%20%E5%8F%B0%E5%8D%97%E5%AE%89%E4%B8%AD%E5%BA%97%20%E5%8F%B0%E5%8D%97%E5%B8%82%E5%AE%89%E5%8D%97%E5%8D%80%E5%AE%89%E4%B8%AD%E8%B7%AF%E4%B8%80%E6%AE%B5735%E8%99%9F&hl=zh-TW#sv=CAESzQEKuQEStgEKd0FKaVQ0dEkyZ2xkdHdoUDNqbHNFMmx1bVpsRjhaNGJ4eHVvaG96ZENSbmRlcC0tbHltTTdWRDJRWkFVWkEyUzlGVG5fUFVmdWstd3NGTlFlSTNoMjdlRkkxS0lTbnM5VFNzeks3X0NCZGQ2czhVMndDUUpITEZzEhdWTmRnYXNtRUJmVE8xZThQczRYQTJROBoiQURzcjlmUmhRY0FNM1I4RHFybG9UMWdXMkJXTnRKck16URIEODEyNBoBMyoAMAA4AUAAGCogi9qe4ws6AEoCEAE","Playwright batch opened Google Order flow and read visible pickup/delivery providers."
"macu-tw-200","台南安和店","南部","台南市","安南區","台南市安南區安和路五段6號","06-3566120","confirmed","confirmed","true","true","","foodpanda、Uber Eats","LINE、Uber Eats、foodpanda、食在麻吉 eathere","Uber Eats、foodpanda","https://www.google.com/search?q=%E9%BA%BB%E5%8F%A4%E8%8C%B6%E5%9D%8A%20%E5%8F%B0%E5%8D%97%E5%AE%89%E5%92%8C%E5%BA%97%20%E5%8F%B0%E5%8D%97%E5%B8%82%E5%AE%89%E5%8D%97%E5%8D%80%E5%AE%89%E5%92%8C%E8%B7%AF%E4%BA%94%E6%AE%B56%E8%99%9F&hl=zh-TW#sv=CAESzQEKuQEStgEKd0FKaVQ0dEoxb3MyVTZQMVN4Uk9XdUxEb3hiaE5GVWVNM3lUT2R1djZiU2EwVkRGX3JtMWppMEtYY2pnNWNRNDFhaWFVeWxibHc1MG9DY2M2RHRnQjNUTWNveERXZjBSdDRBLWFaWWxIYmVJTzdScEtPZ1haUE04EhdiOWRnYW9qWkRMUDMxZThQcl9iMnFBcxoiQURzcjlmUTUyVFN4UEdIWHY0LUoxSVB6WndRWXBVSWNzZxIEODEyNBoBMyoAMAA4AUAAGCogrJzU0QQ6AEoCEAE","https://www.google.com/search?q=%E9%BA%BB%E5%8F%A4%E8%8C%B6%E5%9D%8A%20%E5%8F%B0%E5%8D%97%E5%AE%89%E5%92%8C%E5%BA%97%20%E5%8F%B0%E5%8D%97%E5%B8%82%E5%AE%89%E5%8D%97%E5%8D%80%E5%AE%89%E5%92%8C%E8%B7%AF%E4%BA%94%E6%AE%B56%E8%99%9F&hl=zh-TW#sv=CAESzQEKuQEStgEKd0FKaVQ0dEoxb3MyVTZQMVN4Uk9XdUxEb3hiaE5GVWVNM3lUT2R1djZiU2EwVkRGX3JtMWppMEtYY2pnNWNRNDFhaWFVeWxibHc1MG9DY2M2RHRnQjNUTWNveERXZjBSdDRBLWFaWWxIYmVJTzdScEtPZ1haUE04EhdiOWRnYW9qWkRMUDMxZThQcl9iMnFBcxoiQURzcjlmUTUyVFN4UEdIWHY0LUoxSVB6WndRWXBVSWNzZxIEODEyNBoBMyoAMAA4AUAAGCogrJzU0QQ6AEoCEAE","Playwright batch opened Google Order flow and read visible pickup/delivery providers."
"macu-tw-150","台南安定店","南部","台南市","安定區","台南市安定區港南里港口176號","06-5937968","confirmed","confirmed","true","true","","foodpanda","LINE、foodpanda、食在麻吉 eathere","foodpanda","https://www.google.com/search?q=%E9%BA%BB%E5%8F%A4%E8%8C%B6%E5%9D%8A%20%E5%8F%B0%E5%8D%97%E5%AE%89%E5%AE%9A%E5%BA%97%20%E5%8F%B0%E5%8D%97%E5%B8%82%E5%AE%89%E5%AE%9A%E5%8D%80%E6%B8%AF%E5%8D%97%E9%87%8C%E6%B8%AF%E5%8F%A3176%E8%99%9F&hl=zh-TW#sv=CAESzQEKuQEStgEKd0FKaVQ0dEw3RlJ0NnRPMUVad0dUWkxDWXlfdWlySncwMXhZYkNQNmUxQzMwT0Uxb2NHczlvNFBJWHhhd3ZUT3oyVjlPYzRWWEl2TGlsLUhRM3BFZnZCRWZjYy1vNlFMX0JlTGV6bTM5bHU2MTRKaFhWMWQzcklJEhdpZGRnYXF2Zk1hN24xZThQdnVEaHdBSRoiQURzcjlmUVNfWGQ2VUN0VHZaZS0wS3R6MER0UnFZNGxfdxIEODEyNBoBMyoAMAA4AUAAGCogjMGR0gk6AEoCEAE","https://www.google.com/search?q=%E9%BA%BB%E5%8F%A4%E8%8C%B6%E5%9D%8A+%E5%8F%B0%E5%8D%97%E5%AE%89%E5%AE%9A%E5%BA%97+%E5%8F%B0%E5%8D%97%E5%B8%82%E5%AE%89%E5%AE%9A%E5%8D%80%E6%B8%AF%E5%8D%97%E9%87%8C%E6%B8%AF%E5%8F%A3176%E8%99%9F&hl=zh-TW#sv=CAESzQEKuQEStgEKd0FKaVQ0dEw3RlJ0NnRPMUVad0dUWkxDWXlfdWlySncwMXhZYkNQNmUxQzMwT0Uxb2NHczlvNFBJWHhhd3ZUT3oyVjlPYzRWWEl2TGlsLUhRM3BFZnZCRWZjYy1vNlFMX0JlTGV6bTM5bHU2MTRKaFhWMWQzcklJEhdpZGRnYXF2Zk1hN24xZThQdnVEaHdBSRoiQURzcjlmUVNfWGQ2VUN0VHZaZS0wS3R6MER0UnFZNGxfdxIEODEyNBoBMyoAMAA4AUAAGCogjMGR0gk6AEoCEAE","Playwright batch opened Google Order flow and read visible pickup/delivery providers."
"macu-tw-155","台南安平店","南部","台南市","安平區","台南市安平區安平路388號","06-3580772","confirmed","confirmed","true","true","","foodpanda、Uber Eats","LINE、Uber Eats、foodpanda、食在麻吉 eathere","Uber Eats、foodpanda","https://www.google.com/search?q=%E9%BA%BB%E5%8F%A4%E8%8C%B6%E5%9D%8A%20%E5%8F%B0%E5%8D%97%E5%AE%89%E5%B9%B3%E5%BA%97%20%E5%8F%B0%E5%8D%97%E5%B8%82%E5%AE%89%E5%B9%B3%E5%8D%80%E5%AE%89%E5%B9%B3%E8%B7%AF388%E8%99%9F&hl=zh-TW#sv=CAESzAEKuAEStQEKd0FKaVQ0dExZMFRSVmwwNHl4Qnp4LXhpa2pzd3pzM1JVNk9fV3lMdHo5S2liT1JldFZTY3VQUmFCM0F6UVV3a1F6VXlaRlFHY1JZUVVtLUd2bDNKOHJ1N2ZqbDNnMTI2ajFSOUZfcnI4QW1uMGhZd0x0dnJBcU84EhZvdGRnYXJ5aExPN3QxZThQbmVhWElRGiJBRHNyOWZTZERWdjROeDFkZzVVNW9HMXhuRDRVVEw4VzNnEgQ4MTI0GgEzKgAwADgBQAAYKiDHuP_bDjoASgIQAQ","https://www.google.com/search?q=%E9%BA%BB%E5%8F%A4%E8%8C%B6%E5%9D%8A%20%E5%8F%B0%E5%8D%97%E5%AE%89%E5%B9%B3%E5%BA%97%20%E5%8F%B0%E5%8D%97%E5%B8%82%E5%AE%89%E5%B9%B3%E5%8D%80%E5%AE%89%E5%B9%B3%E8%B7%AF388%E8%99%9F&hl=zh-TW#sv=CAESzAEKuAEStQEKd0FKaVQ0dExZMFRSVmwwNHl4Qnp4LXhpa2pzd3pzM1JVNk9fV3lMdHo5S2liT1JldFZTY3VQUmFCM0F6UVV3a1F6VXlaRlFHY1JZUVVtLUd2bDNKOHJ1N2ZqbDNnMTI2ajFSOUZfcnI4QW1uMGhZd0x0dnJBcU84EhZvdGRnYXJ5aExPN3QxZThQbmVhWElRGiJBRHNyOWZTZERWdjROeDFkZzVVNW9HMXhuRDRVVEw4VzNnEgQ4MTI0GgEzKgAwADgBQAAYKiDHuP_bDjoASgIQAQ","Playwright batch opened Google Order flow and read visible pickup/delivery providers."
"macu-tw-193","台南安順店","南部","台南市","台南區安南區","台南區安南區安和路一段51號","06-2512380","confirmed","confirmed","true","true","","foodpanda、Uber Eats","LINE、Uber Eats、foodpanda、食在麻吉 eathere","Uber Eats、foodpanda","https://www.google.com/search?q=%E9%BA%BB%E5%8F%A4%E8%8C%B6%E5%9D%8A%20%E5%8F%B0%E5%8D%97%E5%AE%89%E9%A0%86%E5%BA%97%20%E5%8F%B0%E5%8D%97%E5%8D%80%E5%AE%89%E5%8D%97%E5%8D%80%E5%AE%89%E5%92%8C%E8%B7%AF%E4%B8%80%E6%AE%B551%E8%99%9F&hl=zh-TW#sv=CAESzQEKuQEStgEKd0FKaVQ0dEpQSXhqOTJqbF9SalJ0U25wczFFMll2Sk82UV9jck93OVc2RkhYWDNKY0gwR0tzeEpvUEM1Q1RaaVFaelNlNG9teXlWaEZ6eDBoRDBmRDdXSWhudE1QRlBMb3ZkUUtxWDlrZFUzNXF3aTVfcTVXSGgwEhd1OWRnYXVPV083Q0h2cjBQeHZhSGlRTRoiQURzcjlmUTVRd0xOUjlteTlXTzRwRkV4eFcyR1ZpRzNEZxIEODEyNBoBMyoAMAA4AUAAGCogrsi9-gE6AEoCEAE","https://www.google.com/search?q=%E9%BA%BB%E5%8F%A4%E8%8C%B6%E5%9D%8A%20%E5%8F%B0%E5%8D%97%E5%AE%89%E9%A0%86%E5%BA%97%20%E5%8F%B0%E5%8D%97%E5%8D%80%E5%AE%89%E5%8D%97%E5%8D%80%E5%AE%89%E5%92%8C%E8%B7%AF%E4%B8%80%E6%AE%B551%E8%99%9F&hl=zh-TW#sv=CAESzQEKuQEStgEKd0FKaVQ0dEpQSXhqOTJqbF9SalJ0U25wczFFMll2Sk82UV9jck93OVc2RkhYWDNKY0gwR0tzeEpvUEM1Q1RaaVFaelNlNG9teXlWaEZ6eDBoRDBmRDdXSWhudE1QRlBMb3ZkUUtxWDlrZFUzNXF3aTVfcTVXSGgwEhd1OWRnYXVPV083Q0h2cjBQeHZhSGlRTRoiQURzcjlmUTVRd0xOUjlteTlXTzRwRkV4eFcyR1ZpRzNEZxIEODEyNBoBMyoAMAA4AUAAGCogrsi9-gE6AEoCEAE","Playwright batch opened Google Order flow and read visible pickup/delivery providers."
"macu-tw-166","台南崇學店","南部","台南市","東區","台南市東區崇學路139之4號","06-2675885、0925016087","confirmed","button_confirmed_provider_pending","true","true","","","LINE、食在麻吉 eathere","","https://www.google.com/search?q=%E9%BA%BB%E5%8F%A4%E8%8C%B6%E5%9D%8A%20%E5%8F%B0%E5%8D%97%E5%B4%87%E5%AD%B8%E5%BA%97%20%E5%8F%B0%E5%8D%97%E5%B8%82%E6%9D%B1%E5%8D%80%E5%B4%87%E5%AD%B8%E8%B7%AF139%E4%B9%8B4%E8%99%9F&hl=zh-TW","https://www.google.com/search?q=%E9%BA%BB%E5%8F%A4%E8%8C%B6%E5%9D%8A+%E5%8F%B0%E5%8D%97%E5%B4%87%E5%AD%B8%E5%BA%97+%E5%8F%B0%E5%8D%97%E5%B8%82%E6%9D%B1%E5%8D%80%E5%B4%87%E5%AD%B8%E8%B7%AF139%E4%B9%8B4%E8%99%9F&hl=zh-TW","Google Order entry/panel opened, but provider rows were not parsed."
"macu-tw-211","台南崇德店","南部","台南市","東區","台南市東區崇德路665號","06-2898188","confirmed","confirmed","true","true","foodpanda","foodpanda、Uber Eats","LINE、Uber Eats、foodpanda、食在麻吉 eathere","Uber Eats、foodpanda","https://www.google.com/search?q=%E9%BA%BB%E5%8F%A4%E8%8C%B6%E5%9D%8A+%E5%8F%B0%E5%8D%97%E5%B4%87%E5%BE%B7%E5%BA%97+%E5%8F%B0%E5%8D%97%E5%B8%82%E6%9D%B1%E5%8D%80%E5%B4%87%E5%BE%B7%E8%B7%AF665%E8%99%9F&hl=zh-TW#sv=CAESzQEKuQEStgEKd0FKaVQ0dEtQY256YmhIeEkwWGs3cWtHVW1fRXZSajJXaENSVEQ4YXNuWTFrdnN6SHczbmtUY2wtUVNNYXBoaDA3MTRhR0lqQzFKNkdqbjFybUh0UFNuUVU4Q3pPWFBhc0thR2NUOGc0ZmdoS0hPRWFMa0FKREpVEhc2dGRnYXNLYUJLM2UxZThQa2JTenlRMBoiQURzcjlmVC1lMkhrNV9KQlVyNFF2cllkTEFqdXE4dUxkURIEODEyNBoBMyoAMAA4AUAAGCog2sXQkw86AEoCEAE","https://www.google.com/search?q=%E9%BA%BB%E5%8F%A4%E8%8C%B6%E5%9D%8A+%E5%8F%B0%E5%8D%97%E5%B4%87%E5%BE%B7%E5%BA%97+%E5%8F%B0%E5%8D%97%E5%B8%82%E6%9D%B1%E5%8D%80%E5%B4%87%E5%BE%B7%E8%B7%AF665%E8%99%9F&hl=zh-TW#sv=CAESzQEKuQEStgEKd0FKaVQ0dEtQY256YmhIeEkwWGs3cWtHVW1fRXZSajJXaENSVEQ4YXNuWTFrdnN6SHczbmtUY2wtUVNNYXBoaDA3MTRhR0lqQzFKNkdqbjFybUh0UFNuUVU4Q3pPWFBhc0thR2NUOGc0ZmdoS0hPRWFMa0FKREpVEhc2dGRnYXNLYUJLM2UxZThQa2JTenlRMBoiQURzcjlmVC1lMkhrNV9KQlVyNFF2cllkTEFqdXE4dUxkURIEODEyNBoBMyoAMAA4AUAAGCog2sXQkw86AEoCEAE","Playwright batch opened Google Order flow and read visible pickup/delivery providers."
"macu-tw-212","台南崑大店","南部","台南市","永康區","台南市永康區大灣路811號","06-2050111","confirmed","confirmed","true","true","","foodpanda、Uber Eats","LINE、Uber Eats、foodpanda、食在麻吉 eathere","Uber Eats、foodpanda","https://www.google.com/search?q=%E9%BA%BB%E5%8F%A4%E8%8C%B6%E5%9D%8A+%E5%8F%B0%E5%8D%97%E5%B4%91%E5%A4%A7%E5%BA%97+%E5%8F%B0%E5%8D%97%E5%B8%82%E6%B0%B8%E5%BA%B7%E5%8D%80%E5%A4%A7%E7%81%A3%E8%B7%AF811%E8%99%9F&hl=zh-TW#sv=CAESzQEKuQEStgEKd0FKaVQ0dEp4Q3ZSRzFXbkE1QW5uRDRJQ2lJSE91eFhOQjROLW9COUFsaEdueEsyLUNVekFNSUdFaHFjbzZWRnZiang0RWZXMjJ3X3JCR2RqaDB0SkhQbjF0MDRjYVJzazBkMktMdXF3UmpGeUhJMldrM1c5dmNjEhdBOWhnYXUzQUFmbkJ2cjBQOEptZjZBSRoiQURzcjlmU3NDMnM3SFloeEN1NzkxcE5jN05wQ1Y2ZnA5QRIEODEyNBoBMyoAMAA4AUAAGCogt8XZywU6AEoCEAE","https://www.google.com/search?q=%E9%BA%BB%E5%8F%A4%E8%8C%B6%E5%9D%8A+%E5%8F%B0%E5%8D%97%E5%B4%91%E5%A4%A7%E5%BA%97+%E5%8F%B0%E5%8D%97%E5%B8%82%E6%B0%B8%E5%BA%B7%E5%8D%80%E5%A4%A7%E7%81%A3%E8%B7%AF811%E8%99%9F&hl=zh-TW#sv=CAESzQEKuQEStgEKd0FKaVQ0dEp4Q3ZSRzFXbkE1QW5uRDRJQ2lJSE91eFhOQjROLW9COUFsaEdueEsyLUNVekFNSUdFaHFjbzZWRnZiang0RWZXMjJ3X3JCR2RqaDB0SkhQbjF0MDRjYVJzazBkMktMdXF3UmpGeUhJMldrM1c5dmNjEhdBOWhnYXUzQUFmbkJ2cjBQOEptZjZBSRoiQURzcjlmU3NDMnM3SFloeEN1NzkxcE5jN05wQ1Y2ZnA5QRIEODEyNBoBMyoAMAA4AUAAGCogt8XZywU6AEoCEAE","Playwright batch opened Google Order flow and read visible pickup/delivery providers."
"macu-tw-177","台南成大店","南部","台南市","東區","台南市東區育樂街26號","（06）2083120","confirmed","confirmed","true","true","","Uber Eats","LINE、Uber Eats、食在麻吉 eathere","Uber Eats","https://www.google.com/search?q=%E9%BA%BB%E5%8F%A4%E8%8C%B6%E5%9D%8A%20%E5%8F%B0%E5%8D%97%E6%88%90%E5%A4%A7%E5%BA%97%20%E5%8F%B0%E5%8D%97%E5%B8%82%E6%9D%B1%E5%8D%80%E8%82%B2%E6%A8%82%E8%A1%9726%E8%99%9F&hl=zh-TW#sv=CAESzQEKuQEStgEKd0FKaVQ0dEo3VkNoNlpVZTFMbXg0V0k4eFFqUV9ndEtONmo0QWV3d3p3bXRXeEdWbFp3eUVGTE5Hd21xVkt5ZDBaYjNHUW9PNXJiXzVQc00xeUFEc1Frd3YweDBpNEZpZ3RVMlJuSUI0OUMxdk91VVlDeF90UXlFEhdIZGhnYXVfUEItcWR2cjBQNXFEUGtBVRoiQURzcjlmU00ycTlCUWM2VkxVMXBzNFd0ZktPMjAwSThPdxIEODEyNBoBMyoAMAA4AUAAGCogmpW07Ak6AEoCEAE","https://www.google.com/search?q=%E9%BA%BB%E5%8F%A4%E8%8C%B6%E5%9D%8A+%E5%8F%B0%E5%8D%97%E6%88%90%E5%A4%A7%E5%BA%97+%E5%8F%B0%E5%8D%97%E5%B8%82%E6%9D%B1%E5%8D%80%E8%82%B2%E6%A8%82%E8%A1%9726%E8%99%9F&hl=zh-TW#sv=CAESzQEKuQEStgEKd0FKaVQ0dEo3VkNoNlpVZTFMbXg0V0k4eFFqUV9ndEtONmo0QWV3d3p3bXRXeEdWbFp3eUVGTE5Hd21xVkt5ZDBaYjNHUW9PNXJiXzVQc00xeUFEc1Frd3YweDBpNEZpZ3RVMlJuSUI0OUMxdk91VVlDeF90UXlFEhdIZGhnYXVfUEItcWR2cjBQNXFEUGtBVRoiQURzcjlmU00ycTlCUWM2VkxVMXBzNFd0ZktPMjAwSThPdxIEODEyNBoBMyoAMAA4AUAAGCogmpW07Ak6AEoCEAE","Playwright batch opened Google Order flow and read visible pickup/delivery providers."
"macu-tw-176","台南文賢店","南部","台南市","北區","臺南市北區文賢路602號","06-3580166","confirmed","confirmed","true","true","","foodpanda、Uber Eats","LINE、Uber Eats、foodpanda、食在麻吉 eathere","Uber Eats、foodpanda","https://www.google.com/search?q=%E9%BA%BB%E5%8F%A4%E8%8C%B6%E5%9D%8A%20%E5%8F%B0%E5%8D%97%E6%96%87%E8%B3%A2%E5%BA%97%20%E8%87%BA%E5%8D%97%E5%B8%82%E5%8C%97%E5%8D%80%E6%96%87%E8%B3%A2%E8%B7%AF602%E8%99%9F&hl=zh-TW&sei=YBRharCyPJy5vr0PocbsiAc#sv=CAESzQEKuQEStgEKd0FKaVQ0dExzQUFuSlpUODNUenQ3b3dMeFQyUHVteVJYdy04MDRiUXh4Y2xXMElyWWV5UnFPMnlqUXBXbnUtT3dPaDZGLUt0SF96ZWo5UFRrbDRzT3pvakY3YXVLUFVJWUJ3ZU8ydUFiSkt1b1ZrbzhSMlFTVUVzEhdZUlJoYXJqU0J1V2oxZThQeXNubDhBTRoiQURzcjlmUm94cVpwVWh5YVBnYXUwNTVpemlIUXhyeEw1dxIEODEyNBoBMyoAMAA4AUAAGCog7binkAw6AEoCEAE","https://www.google.com/search?q=%E9%BA%BB%E5%8F%A4%E8%8C%B6%E5%9D%8A%20%E5%8F%B0%E5%8D%97%E6%96%87%E8%B3%A2%E5%BA%97%20%E8%87%BA%E5%8D%97%E5%B8%82%E5%8C%97%E5%8D%80%E6%96%87%E8%B3%A2%E8%B7%AF602%E8%99%9F&hl=zh-TW&sei=YBRharCyPJy5vr0PocbsiAc#sv=CAESzQEKuQEStgEKd0FKaVQ0dExzQUFuSlpUODNUenQ3b3dMeFQyUHVteVJYdy04MDRiUXh4Y2xXMElyWWV5UnFPMnlqUXBXbnUtT3dPaDZGLUt0SF96ZWo5UFRrbDRzT3pvakY3YXVLUFVJWUJ3ZU8ydUFiSkt1b1ZrbzhSMlFTVUVzEhdZUlJoYXJqU0J1V2oxZThQeXNubDhBTRoiQURzcjlmUm94cVpwVWh5YVBnYXUwNTVpemlIUXhyeEw1dxIEODEyNBoBMyoAMAA4AUAAGCog7binkAw6AEoCEAE","Playwright batch opened Google Order flow and read visible pickup/delivery providers."
"macu-tw-161","台南新化店","南部","台南市","新化區","台南市新化區中山路238號","06-5901680","confirmed","confirmed","true","true","","Uber Eats、foodpanda","LINE、Uber Eats、foodpanda、食在麻吉 eathere","Uber Eats、foodpanda","https://www.google.com/search?q=%E9%BA%BB%E5%8F%A4%E8%8C%B6%E5%9D%8A+%E5%8F%B0%E5%8D%97%E6%96%B0%E5%8C%96%E5%BA%97+%E5%8F%B0%E5%8D%97%E5%B8%82%E6%96%B0%E5%8C%96%E5%8D%80%E4%B8%AD%E5%B1%B1%E8%B7%AF238%E8%99%9F&hl=zh-TW#sv=CAESzQEKuQEStgEKd0FKaVQ0dEpRbkxHeVFnNHZNZEI5cU5vWE1YdGluRTNTaTBVZzJPMmxVQVR0Z2YxdWN2SW9WSVZjdkhFWFhVRUlrV2hXVjVMX0FPU2dUVi1Kc0Y4dkpvckNlTGdFYjZROVZWZnJ1czl0MW8yRFYyZExoeENpZ2xJEhdleFJoYXRtUkw3LTV2cjBQazdPWXlRNBoiQURzcjlmVGVnVVZjVy1OcDlLVkg3YnRYd1hfSnJ0alpzQRIEODEyNBoBMyoAMAA4AUAAGCogzanaxAg6AEoCEAE","https://www.google.com/search?q=%E9%BA%BB%E5%8F%A4%E8%8C%B6%E5%9D%8A+%E5%8F%B0%E5%8D%97%E6%96%B0%E5%8C%96%E5%BA%97+%E5%8F%B0%E5%8D%97%E5%B8%82%E6%96%B0%E5%8C%96%E5%8D%80%E4%B8%AD%E5%B1%B1%E8%B7%AF238%E8%99%9F&hl=zh-TW#sv=CAESzQEKuQEStgEKd0FKaVQ0dEpRbkxHeVFnNHZNZEI5cU5vWE1YdGluRTNTaTBVZzJPMmxVQVR0Z2YxdWN2SW9WSVZjdkhFWFhVRUlrV2hXVjVMX0FPU2dUVi1Kc0Y4dkpvckNlTGdFYjZROVZWZnJ1czl0MW8yRFYyZExoeENpZ2xJEhdleFJoYXRtUkw3LTV2cjBQazdPWXlRNBoiQURzcjlmVGVnVVZjVy1OcDlLVkg3YnRYd1hfSnJ0alpzQRIEODEyNBoBMyoAMAA4AUAAGCogzanaxAg6AEoCEAE","Playwright batch opened Google Order flow and read visible pickup/delivery providers."
"macu-tw-169","台南新市中正店","南部","台南市","新市區","台南市新市區中正路194號","06-5898218","confirmed","confirmed","true","true","","foodpanda、Uber Eats","LINE、Uber Eats、foodpanda、食在麻吉 eathere","Uber Eats、foodpanda","https://www.google.com/search?q=%E9%BA%BB%E5%8F%A4%E8%8C%B6%E5%9D%8A+%E5%8F%B0%E5%8D%97%E6%96%B0%E5%B8%82%E4%B8%AD%E6%AD%A3%E5%BA%97+%E5%8F%B0%E5%8D%97%E5%B8%82%E6%96%B0%E5%B8%82%E5%8D%80%E4%B8%AD%E6%AD%A3%E8%B7%AF194%E8%99%9F&hl=zh-TW#sv=CAESzQEKuQEStgEKd0FKaVQ0dEp3MUV1RVNIUi03MzZpTmtyaUlrQ1c1TElXRmR6bjVVX2lpdmhGN2g5bDBMbEF0MjhlSnNta3lMeEpSZnhiSFZoaUlXenNqVFNwWkZfZkZDckljSS0xRzNROFYyaE9pZ05ZU3RWVk9tTEVtUklMWjRBEhdsUlJoYW9XWURLWDIxZThQc2RuUjhBbxoiQURzcjlmUTJZNk1pWEduWDNGdmhxWUNRcTNLaUd2MVdwURIEODEyNBoBMyoAMAA4AUAAGCogkIPhqAs6AEoCEAE","https://www.google.com/search?q=%E9%BA%BB%E5%8F%A4%E8%8C%B6%E5%9D%8A+%E5%8F%B0%E5%8D%97%E6%96%B0%E5%B8%82%E4%B8%AD%E6%AD%A3%E5%BA%97+%E5%8F%B0%E5%8D%97%E5%B8%82%E6%96%B0%E5%B8%82%E5%8D%80%E4%B8%AD%E6%AD%A3%E8%B7%AF194%E8%99%9F&hl=zh-TW#sv=CAESzQEKuQEStgEKd0FKaVQ0dEp3MUV1RVNIUi03MzZpTmtyaUlrQ1c1TElXRmR6bjVVX2lpdmhGN2g5bDBMbEF0MjhlSnNta3lMeEpSZnhiSFZoaUlXenNqVFNwWkZfZkZDckljSS0xRzNROFYyaE9pZ05ZU3RWVk9tTEVtUklMWjRBEhdsUlJoYW9XWURLWDIxZThQc2RuUjhBbxoiQURzcjlmUTJZNk1pWEduWDNGdmhxWUNRcTNLaUd2MVdwURIEODEyNBoBMyoAMAA4AUAAGCogkIPhqAs6AEoCEAE","Playwright batch opened Google Order flow and read visible pickup/delivery providers."
"macu-tw-164","台南新營復興店","南部","台南市","新營區","台南市新營區復興路72-1號","06-6323147","confirmed","confirmed","true","true","foodpanda","foodpanda、Uber Eats","LINE、Uber Eats、foodpanda、食在麻吉 eathere","Uber Eats、foodpanda","https://www.google.com/search?q=%E9%BA%BB%E5%8F%A4%E8%8C%B6%E5%9D%8A%20%E5%8F%B0%E5%8D%97%E6%96%B0%E7%87%9F%E5%BE%A9%E8%88%88%E5%BA%97%20%E5%8F%B0%E5%8D%97%E5%B8%82%E6%96%B0%E7%87%9F%E5%8D%80%E5%BE%A9%E8%88%88%E8%B7%AF72-1%E8%99%9F&hl=zh-TW#sv=CAESzQEKuQEStgEKd0FKaVQ0dElvSjVJNG5Vb0pxWlhiODZsRGtScVhYNFJHVUJaaHNoUE03ZDA0MFpMZFJ1aFZmMzBKSDY2MGdXM3BSQlh6VEJBSE1VSGlvamJNdXBIQ2RrVkR4cERLaGxVUEk4bEg4SnNIZmI0M0E2TTdYdUwwVXh3EhdyaFJoYW9qN0E4ak8xZThQdzZDMDZBRRoiQURzcjlmU0hiemJSMVVJZVplZ3Q3SVpqU3NMa3V2YW5PdxIEODEyNBoBMyoAMAA4AUAAGCogldry2Q86AEoCEAE","https://www.google.com/search?q=%E9%BA%BB%E5%8F%A4%E8%8C%B6%E5%9D%8A%20%E5%8F%B0%E5%8D%97%E6%96%B0%E7%87%9F%E5%BE%A9%E8%88%88%E5%BA%97%20%E5%8F%B0%E5%8D%97%E5%B8%82%E6%96%B0%E7%87%9F%E5%8D%80%E5%BE%A9%E8%88%88%E8%B7%AF72-1%E8%99%9F&hl=zh-TW#sv=CAESzQEKuQEStgEKd0FKaVQ0dElvSjVJNG5Vb0pxWlhiODZsRGtScVhYNFJHVUJaaHNoUE03ZDA0MFpMZFJ1aFZmMzBKSDY2MGdXM3BSQlh6VEJBSE1VSGlvamJNdXBIQ2RrVkR4cERLaGxVUEk4bEg4SnNIZmI0M0E2TTdYdUwwVXh3EhdyaFJoYW9qN0E4ak8xZThQdzZDMDZBRRoiQURzcjlmU0hiemJSMVVJZVplZ3Q3SVpqU3NMa3V2YW5PdxIEODEyNBoBMyoAMAA4AUAAGCogldry2Q86AEoCEAE","Playwright batch opened Google Order flow and read visible pickup/delivery providers."
"macu-tw-156","台南新興店","南部","台南市","南區","台南市南區新興路382號","06-2631793、06-2631723","confirmed","no_gmb_order_button","true","false","","","LINE、食在麻吉 eathere","","https://www.google.com/search?q=%E9%BA%BB%E5%8F%A4%E8%8C%B6%E5%9D%8A%20%E5%8F%B0%E5%8D%97%E6%96%B0%E8%88%88%E5%BA%97%20%E5%8F%B0%E5%8D%97%E5%B8%82%E5%8D%97%E5%8D%80%E6%96%B0%E8%88%88%E8%B7%AF382%E8%99%9F&hl=zh-TW","","Named GMB profile matched, but no Google Order entry was opened."
"macu-tw-188","台南本淵寮店","南部","台南市","安南區","台南市安南區安中路4段15號","06-2471655","confirmed","confirmed","true","true","","foodpanda、Uber Eats","LINE、Uber Eats、foodpanda、食在麻吉 eathere","Uber Eats、foodpanda","https://www.google.com/search?q=%E9%BA%BB%E5%8F%A4%E8%8C%B6%E5%9D%8A%20%E5%8F%B0%E5%8D%97%E6%9C%AC%E6%B7%B5%E5%AF%AE%E5%BA%97%20%E5%8F%B0%E5%8D%97%E5%B8%82%E5%AE%89%E5%8D%97%E5%8D%80%E5%AE%89%E4%B8%AD%E8%B7%AF4%E6%AE%B515%E8%99%9F&hl=zh-TW#sv=CAESzQEKuQEStgEKd0FKaVQ0dEttb0g1SzM4OE1xQzNsSGZLWmI2Ri13Qmd4MTdfb0JGNFVxcnFiYnpfLWdmc1pfRlc5X2JWQ21JSmtrdXJPYWt4alhvWXBKc1I4THY4eXpxaHNLR3N0M1g5ZWFaT0hOSmY0VTdJZzI1QmJ6dWZiZ0I0EhcyUlJoYXR2WUtlT1J2cjBQcTYyUnNRdxoiQURzcjlmUi0tOVVfVV92dGh1akFwUGphNkVJcWljOWI4ZxIEODEyNBoBMyoAMAA4AUAAGCogwcDf3Q06AEoCEAE","https://www.google.com/search?q=%E9%BA%BB%E5%8F%A4%E8%8C%B6%E5%9D%8A%20%E5%8F%B0%E5%8D%97%E6%9C%AC%E6%B7%B5%E5%AF%AE%E5%BA%97%20%E5%8F%B0%E5%8D%97%E5%B8%82%E5%AE%89%E5%8D%97%E5%8D%80%E5%AE%89%E4%B8%AD%E8%B7%AF4%E6%AE%B515%E8%99%9F&hl=zh-TW#sv=CAESzQEKuQEStgEKd0FKaVQ0dEttb0g1SzM4OE1xQzNsSGZLWmI2Ri13Qmd4MTdfb0JGNFVxcnFiYnpfLWdmc1pfRlc5X2JWQ21JSmtrdXJPYWt4alhvWXBKc1I4THY4eXpxaHNLR3N0M1g5ZWFaT0hOSmY0VTdJZzI1QmJ6dWZiZ0I0EhcyUlJoYXR2WUtlT1J2cjBQcTYyUnNRdxoiQURzcjlmUi0tOVVfVV92dGh1akFwUGphNkVJcWljOWI4ZxIEODEyNBoBMyoAMAA4AUAAGCogwcDf3Q06AEoCEAE","Playwright batch opened Google Order flow and read visible pickup/delivery providers."
"macu-tw-154","台南東安店","南部","台南市","東區","台南市東區東安路13號","06-2083100","confirmed","no_gmb_order_button","true","false","","","LINE、食在麻吉 eathere","","https://www.google.com/search?q=%E9%BA%BB%E5%8F%A4%E8%8C%B6%E5%9D%8A%20%E5%8F%B0%E5%8D%97%E6%9D%B1%E5%AE%89%E5%BA%97%20%E5%8F%B0%E5%8D%97%E5%B8%82%E6%9D%B1%E5%8D%80%E6%9D%B1%E5%AE%89%E8%B7%AF13%E8%99%9F&hl=zh-TW","","Named GMB profile matched, but no Google Order entry was opened."
"macu-tw-208","台南東門林森店","南部","台南市","東區","台南市東區東門路二段125號","06-2088181","confirmed","confirmed","true","true","foodpanda","foodpanda、Uber Eats","LINE、Uber Eats、foodpanda、食在麻吉 eathere","Uber Eats、foodpanda","https://www.google.com/search?q=%E9%BA%BB%E5%8F%A4%E8%8C%B6%E5%9D%8A%20%E5%8F%B0%E5%8D%97%E6%9D%B1%E9%96%80%E6%9E%97%E6%A3%AE%E5%BA%97%20%E5%8F%B0%E5%8D%97%E5%B8%82%E6%9D%B1%E5%8D%80%E6%9D%B1%E9%96%80%E8%B7%AF%E4%BA%8C%E6%AE%B5125%E8%99%9F&hl=zh-TW#sv=CAESzQEKuQEStgEKd0FKaVQ0dExuSDlFa0R2cWFsSWtTTjhZUk9fS25NNF9WOWl6eTFjQjZhbUJXMWpROXpvMk1ybEJWMlpTOXJyUlczMDdlNzU0UFpRWnVLRjNzcXFxZVR0X1NBX3VtVFhTNFgxaGp4SXdjRFVvM2xwNjhJRjJNWWRJEhdBaFZoYXBqNUdiYW0xZThQLTZxOTJRTRoiQURzcjlmUjlrTUZ6U3hpaHZYaThBN2NGR21IS3J5VmZ5ZxIEODEyNBoBMyoAMAA4AUAAGCogufvxxQU6AEoCEAE","https://www.google.com/search?q=%E9%BA%BB%E5%8F%A4%E8%8C%B6%E5%9D%8A%20%E5%8F%B0%E5%8D%97%E6%9D%B1%E9%96%80%E6%9E%97%E6%A3%AE%E5%BA%97%20%E5%8F%B0%E5%8D%97%E5%B8%82%E6%9D%B1%E5%8D%80%E6%9D%B1%E9%96%80%E8%B7%AF%E4%BA%8C%E6%AE%B5125%E8%99%9F&hl=zh-TW#sv=CAESzQEKuQEStgEKd0FKaVQ0dExuSDlFa0R2cWFsSWtTTjhZUk9fS25NNF9WOWl6eTFjQjZhbUJXMWpROXpvMk1ybEJWMlpTOXJyUlczMDdlNzU0UFpRWnVLRjNzcXFxZVR0X1NBX3VtVFhTNFgxaGp4SXdjRFVvM2xwNjhJRjJNWWRJEhdBaFZoYXBqNUdiYW0xZThQLTZxOTJRTRoiQURzcjlmUjlrTUZ6U3hpaHZYaThBN2NGR21IS3J5VmZ5ZxIEODEyNBoBMyoAMAA4AUAAGCogufvxxQU6AEoCEAE","Playwright batch opened Google Order flow and read visible pickup/delivery providers."
"macu-tw-213","台南永康中正店","南部","台南市","永康區","台南市永康區中正路832號","06-3965880","confirmed","confirmed","true","true","foodpanda","foodpanda、Uber Eats","LINE、Uber Eats、foodpanda、食在麻吉 eathere","Uber Eats、foodpanda","https://www.google.com/search?q=%E9%BA%BB%E5%8F%A4%E8%8C%B6%E5%9D%8A%20%E5%8F%B0%E5%8D%97%E6%B0%B8%E5%BA%B7%E4%B8%AD%E6%AD%A3%E5%BA%97%20%E5%8F%B0%E5%8D%97%E5%B8%82%E6%B0%B8%E5%BA%B7%E5%8D%80%E4%B8%AD%E6%AD%A3%E8%B7%AF832%E8%99%9F&hl=zh-TW#sv=CAESzQEKuQEStgEKd0FKaVQ0dEpIRVJyekFwTGJBQTAyVlR5MG1fT05iYUtTV2lCQmFKWHRUd09Sd0NfaC1YUG5RckRaS09BSU5zQ3dzU3o2YWhyc0dBYnowX1NxSGZLNEYyQVY3M29BX3FWV29Fcl96bUFnYW1SdVotX3BwQ0w1Rkl3EhdHeFZoYXJUUkVlLW12cjBQOGJIR2dBSRoiQURzcjlmU0hfeUpDVzB0ekxtMFBCa2IzakNQb2t5ZzY5ZxIEODEyNBoBMyoAMAA4AUAAGCogufuKrQQ6AEoCEAE","https://www.google.com/search?q=%E9%BA%BB%E5%8F%A4%E8%8C%B6%E5%9D%8A+%E5%8F%B0%E5%8D%97%E6%B0%B8%E5%BA%B7%E4%B8%AD%E6%AD%A3%E5%BA%97+%E5%8F%B0%E5%8D%97%E5%B8%82%E6%B0%B8%E5%BA%B7%E5%8D%80%E4%B8%AD%E6%AD%A3%E8%B7%AF832%E8%99%9F&hl=zh-TW#sv=CAESzQEKuQEStgEKd0FKaVQ0dEpIRVJyekFwTGJBQTAyVlR5MG1fT05iYUtTV2lCQmFKWHRUd09Sd0NfaC1YUG5RckRaS09BSU5zQ3dzU3o2YWhyc0dBYnowX1NxSGZLNEYyQVY3M29BX3FWV29Fcl96bUFnYW1SdVotX3BwQ0w1Rkl3EhdHeFZoYXJUUkVlLW12cjBQOGJIR2dBSRoiQURzcjlmU0hfeUpDVzB0ekxtMFBCa2IzakNQb2t5ZzY5ZxIEODEyNBoBMyoAMAA4AUAAGCogufuKrQQ6AEoCEAE","Playwright batch opened Google Order flow and read visible pickup/delivery providers."
"macu-tw-209","台南永康國小店","南部","台南市","永康區","台南市永康區中山南路1062號","06-2019069","confirmed","confirmed","true","true","","foodpanda、Uber Eats","LINE、Uber Eats、foodpanda、食在麻吉 eathere","Uber Eats、foodpanda","https://www.google.com/search?q=%E9%BA%BB%E5%8F%A4%E8%8C%B6%E5%9D%8A+%E5%8F%B0%E5%8D%97%E6%B0%B8%E5%BA%B7%E5%9C%8B%E5%B0%8F%E5%BA%97+%E5%8F%B0%E5%8D%97%E5%B8%82%E6%B0%B8%E5%BA%B7%E5%8D%80%E4%B8%AD%E5%B1%B1%E5%8D%97%E8%B7%AF1062%E8%99%9F&hl=zh-TW#sv=CAESzQEKuQEStgEKd0FKaVQ0dEl1dGl6YWIySk1mOUVkTTJ0S2NyREdqZGUyamJyczBBUU9xaG9rYkJQSVhscUJMbUxZdXRFNDAxOWJZOXR2YS1scHpZX1ljb3dnbjN1YmZvYmNzRW5rTjNVR2NTRnhSM1Z4eWFIcGQ5MWg1ZmZkV1h3EhdOUlZoYXNfU0RQbnAxZThQNGZ2bTRRaxoiQURzcjlmUkllbEdxS3JVN29jbkU1LXkwSEJIaFRYaHV5QRIEODEyNBoBMyoAMAA4AUAAGCogv_RKOgBKAhAB","https://www.google.com/search?q=%E9%BA%BB%E5%8F%A4%E8%8C%B6%E5%9D%8A+%E5%8F%B0%E5%8D%97%E6%B0%B8%E5%BA%B7%E5%9C%8B%E5%B0%8F%E5%BA%97+%E5%8F%B0%E5%8D%97%E5%B8%82%E6%B0%B8%E5%BA%B7%E5%8D%80%E4%B8%AD%E5%B1%B1%E5%8D%97%E8%B7%AF1062%E8%99%9F&hl=zh-TW#sv=CAESzQEKuQEStgEKd0FKaVQ0dEl1dGl6YWIySk1mOUVkTTJ0S2NyREdqZGUyamJyczBBUU9xaG9rYkJQSVhscUJMbUxZdXRFNDAxOWJZOXR2YS1scHpZX1ljb3dnbjN1YmZvYmNzRW5rTjNVR2NTRnhSM1Z4eWFIcGQ5MWg1ZmZkV1h3EhdOUlZoYXNfU0RQbnAxZThQNGZ2bTRRaxoiQURzcjlmUkllbEdxS3JVN29jbkU1LXkwSEJIaFRYaHV5QRIEODEyNBoBMyoAMAA4AUAAGCogv_RKOgBKAhAB","Playwright batch opened Google Order flow and read visible pickup/delivery providers."
"macu-tw-207","台南永康自強店","南部","台南市","永康區","台南市永康區自強路638號","06-2020806","confirmed","confirmed","true","true","","foodpanda、Uber Eats","LINE、Uber Eats、foodpanda、食在麻吉 eathere","Uber Eats、foodpanda","https://www.google.com/search?q=%E9%BA%BB%E5%8F%A4%E8%8C%B6%E5%9D%8A+%E5%8F%B0%E5%8D%97%E6%B0%B8%E5%BA%B7%E8%87%AA%E5%BC%B7%E5%BA%97+%E5%8F%B0%E5%8D%97%E5%B8%82%E6%B0%B8%E5%BA%B7%E5%8D%80%E8%87%AA%E5%BC%B7%E8%B7%AF638%E8%99%9F&hl=zh-TW#sv=CAESzQEKuQEStgEKd0FKaVQ0dElKQ1ZtNm8xSXRCZ0JNN3BoUmRyMDNheXJkZ0puaWJUVklPVGRlVzZzVDVoaGd2UjNHU1RZWUNtZnNCVlR0emVPN2hkeno4R2VlcXJCQkM4Ry13RzdJeUsycHRDRXVHWUNLcjE2WHU0eEFIUXI0c1Y4EhdUeFZoYXNfcEtkYlYxZThQNkxLVm9RbxoiQURzcjlmUndwVFF4bHhKMHlfd24wa2hVa09jV2ZWSkNDQRIEODEyNBoBMyoAMAA4AUAAGCog8rqt0Qg6AEoCEAE","https://www.google.com/search?q=%E9%BA%BB%E5%8F%A4%E8%8C%B6%E5%9D%8A+%E5%8F%B0%E5%8D%97%E6%B0%B8%E5%BA%B7%E8%87%AA%E5%BC%B7%E5%BA%97+%E5%8F%B0%E5%8D%97%E5%B8%82%E6%B0%B8%E5%BA%B7%E5%8D%80%E8%87%AA%E5%BC%B7%E8%B7%AF638%E8%99%9F&hl=zh-TW#sv=CAESzQEKuQEStgEKd0FKaVQ0dElKQ1ZtNm8xSXRCZ0JNN3BoUmRyMDNheXJkZ0puaWJUVklPVGRlVzZzVDVoaGd2UjNHU1RZWUNtZnNCVlR0emVPN2hkeno4R2VlcXJCQkM4Ry13RzdJeUsycHRDRXVHWUNLcjE2WHU0eEFIUXI0c1Y4EhdUeFZoYXNfcEtkYlYxZThQNkxLVm9RbxoiQURzcjlmUndwVFF4bHhKMHlfd24wa2hVa09jV2ZWSkNDQRIEODEyNBoBMyoAMAA4AUAAGCog8rqt0Qg6AEoCEAE","Playwright batch opened Google Order flow and read visible pickup/delivery providers."
"macu-tw-171","台南永華店","南部","台南市","中西區","台南市中西區南廠里南華街11-1號1樓","06-2200227","confirmed","confirmed","true","true","","foodpanda、Uber Eats","LINE、Uber Eats、foodpanda、食在麻吉 eathere","Uber Eats、foodpanda","https://www.google.com/search?q=%E9%BA%BB%E5%8F%A4%E8%8C%B6%E5%9D%8A+%E5%8F%B0%E5%8D%97%E6%B0%B8%E8%8F%AF%E5%BA%97+%E5%8F%B0%E5%8D%97%E5%B8%82%E4%B8%AD%E8%A5%BF%E5%8D%80%E5%8D%97%E5%BB%A0%E9%87%8C%E5%8D%97%E8%8F%AF%E8%A1%9711-1%E8%99%9F1%E6%A8%93&hl=zh-TW#sv=CAESzQEKuQEStgEKd0FKaVQ0dEk2VktpZVRkanpLM2Y0YWtHUF9XeHdDSmlaTVcwQ3M1b3ZXYlRCX18tM3ZwcUF0TEdUTm9VTmhwbTRlMmpLVTEtYjVEWDR1dWpHdDBuMDl5WlhqbGhYa3MtdTRpdm5SdDVLYXBMTE5PVmRJMlpxYW9jEhdhUlZoYXRyUEE1M1QxZThQai1uU2lBaxoiQURzcjlmUVVzSEtEWGRac3UzbVI3MFRaWXcyTlNvUlhjdxIEODEyNBoBMyoAMAA4AUAAGCogw9GZ7Q46AEoCEAE","https://www.google.com/search?q=%E9%BA%BB%E5%8F%A4%E8%8C%B6%E5%9D%8A+%E5%8F%B0%E5%8D%97%E6%B0%B8%E8%8F%AF%E5%BA%97+%E5%8F%B0%E5%8D%97%E5%B8%82%E4%B8%AD%E8%A5%BF%E5%8D%80%E5%8D%97%E5%BB%A0%E9%87%8C%E5%8D%97%E8%8F%AF%E8%A1%9711-1%E8%99%9F1%E6%A8%93&hl=zh-TW#sv=CAESzQEKuQEStgEKd0FKaVQ0dEk2VktpZVRkanpLM2Y0YWtHUF9XeHdDSmlaTVcwQ3M1b3ZXYlRCX18tM3ZwcUF0TEdUTm9VTmhwbTRlMmpLVTEtYjVEWDR1dWpHdDBuMDl5WlhqbGhYa3MtdTRpdm5SdDVLYXBMTE5PVmRJMlpxYW9jEhdhUlZoYXRyUEE1M1QxZThQai1uU2lBaxoiQURzcjlmUVVzSEtEWGRac3UzbVI3MFRaWXcyTlNvUlhjdxIEODEyNBoBMyoAMAA4AUAAGCogw9GZ7Q46AEoCEAE","Playwright batch opened Google Order flow and read visible pickup/delivery providers."
"macu-tw-205","台南海佃店","南部","台南市","安南區","台南市安南區海佃路一段119號","06-2500051","confirmed","confirmed","true","true","","foodpanda、Uber Eats","LINE、Uber Eats、foodpanda、食在麻吉 eathere","Uber Eats、foodpanda","https://www.google.com/search?q=%E9%BA%BB%E5%8F%A4%E8%8C%B6%E5%9D%8A%20%E5%8F%B0%E5%8D%97%E6%B5%B7%E4%BD%83%E5%BA%97%20%E5%8F%B0%E5%8D%97%E5%B8%82%E5%AE%89%E5%8D%97%E5%8D%80%E6%B5%B7%E4%BD%83%E8%B7%AF%E4%B8%80%E6%AE%B5119%E8%99%9F&hl=zh-TW#sv=CAESzQEKuQEStgEKd0FKaVQ0dEozNzk1enhjVklwQXVjZ25acFhsMF83dk9PRmo2WldpNXVRZ3Y4TTlsUF9LbE5GSWxUaFpFLTllSFdWRXlMVGliRmtoTmJZZWhKYktfcWF2NjZIeUZaYUk0T2NEVGN5elhlSEhjUUtXcFlVTTUzOFJjEhdmUlZoYXFTSEViVzh2cjBQdllUVHdRaxoiQURzcjlmVHp1N2NYbTJCczVTY0tQV1haNVhaVEtHdmlPURIEODEyNBoBMyoAMAA4AUAAGCogz46NkwQ6AEoCEAE","https://www.google.com/search?q=%E9%BA%BB%E5%8F%A4%E8%8C%B6%E5%9D%8A%20%E5%8F%B0%E5%8D%97%E6%B5%B7%E4%BD%83%E5%BA%97%20%E5%8F%B0%E5%8D%97%E5%B8%82%E5%AE%89%E5%8D%97%E5%8D%80%E6%B5%B7%E4%BD%83%E8%B7%AF%E4%B8%80%E6%AE%B5119%E8%99%9F&hl=zh-TW#sv=CAESzQEKuQEStgEKd0FKaVQ0dEozNzk1enhjVklwQXVjZ25acFhsMF83dk9PRmo2WldpNXVRZ3Y4TTlsUF9LbE5GSWxUaFpFLTllSFdWRXlMVGliRmtoTmJZZWhKYktfcWF2NjZIeUZaYUk0T2NEVGN5elhlSEhjUUtXcFlVTTUzOFJjEhdmUlZoYXFTSEViVzh2cjBQdllUVHdRaxoiQURzcjlmVHp1N2NYbTJCczVTY0tQV1haNVhaVEtHdmlPURIEODEyNBoBMyoAMAA4AUAAGCogz46NkwQ6AEoCEAE","Playwright batch opened Google Order flow and read visible pickup/delivery providers."
"macu-tw-198","台南湖美店","南部","台南市","中西區","台南市中西區中華西路二段783號","06-3588281","confirmed","confirmed","true","true","","foodpanda、Uber Eats","LINE、Uber Eats、foodpanda、食在麻吉 eathere","Uber Eats、foodpanda","https://www.google.com/search?q=%E9%BA%BB%E5%8F%A4%E8%8C%B6%E5%9D%8A%20%E5%8F%B0%E5%8D%97%E6%B9%96%E7%BE%8E%E5%BA%97%20%E5%8F%B0%E5%8D%97%E5%B8%82%E4%B8%AD%E8%A5%BF%E5%8D%80%E4%B8%AD%E8%8F%AF%E8%A5%BF%E8%B7%AF%E4%BA%8C%E6%AE%B5783%E8%99%9F&hl=zh-TW#sv=CAESzQEKuQEStgEKd0FKaVQ0dExWaU82Q3dZb2l4X1ZZQldVTU15b1licnNQS2xaQ3lUUDhDYmg4Z1Ezd1ptSjNyejZtdUNhZ0dxMEV3YWRXcFlZMlgwZjNycm4tNXJHekZiNFcwdTU2Z3JOTWg4MlM0NVRrdmpNZGI3T0NuM0xCSmlREhdsaFZoYXV5b0NzN1UxZThQX0lLQ3dRURoiQURzcjlmVFRzZ3VYY1NZQ1NxNVdIVGExRGptYlVQZlJsURIEODEyNBoBMyoAMAA4AUAAGCog4J_Q4Qk6AEoCEAE","https://www.google.com/search?q=%E9%BA%BB%E5%8F%A4%E8%8C%B6%E5%9D%8A%20%E5%8F%B0%E5%8D%97%E6%B9%96%E7%BE%8E%E5%BA%97%20%E5%8F%B0%E5%8D%97%E5%B8%82%E4%B8%AD%E8%A5%BF%E5%8D%80%E4%B8%AD%E8%8F%AF%E8%A5%BF%E8%B7%AF%E4%BA%8C%E6%AE%B5783%E8%99%9F&hl=zh-TW#sv=CAESzQEKuQEStgEKd0FKaVQ0dExWaU82Q3dZb2l4X1ZZQldVTU15b1licnNQS2xaQ3lUUDhDYmg4Z1Ezd1ptSjNyejZtdUNhZ0dxMEV3YWRXcFlZMlgwZjNycm4tNXJHekZiNFcwdTU2Z3JOTWg4MlM0NVRrdmpNZGI3T0NuM0xCSmlREhdsaFZoYXV5b0NzN1UxZThQX0lLQ3dRURoiQURzcjlmVFRzZ3VYY1NZQ1NxNVdIVGExRGptYlVQZlJsURIEODEyNBoBMyoAMAA4AUAAGCog4J_Q4Qk6AEoCEAE","Playwright batch opened Google Order flow and read visible pickup/delivery providers."
"macu-tw-179","台南灣裡店","南部","台南市","南區","台南市南區灣裡路284號","06-2624315","confirmed","no_gmb_order_button","true","false","","","LINE、食在麻吉 eathere","","https://www.google.com/search?q=%E9%BA%BB%E5%8F%A4%E8%8C%B6%E5%9D%8A%20%E5%8F%B0%E5%8D%97%E7%81%A3%E8%A3%A1%E5%BA%97%20%E5%8F%B0%E5%8D%97%E5%B8%82%E5%8D%97%E5%8D%80%E7%81%A3%E8%A3%A1%E8%B7%AF284%E8%99%9F&hl=zh-TW","","Named GMB profile matched, but no Google Order entry was opened."
"macu-tw-170","台南玉井店","南部","台南市","玉井區","台南市玉井區中山路220-1號","06-5749898","confirmed","button_confirmed_provider_pending","true","true","","","LINE、食在麻吉 eathere","","https://www.google.com/search?q=%E9%BA%BB%E5%8F%A4%E8%8C%B6%E5%9D%8A%20%E5%8F%B0%E5%8D%97%E7%8E%89%E4%BA%95%E5%BA%97%20%E5%8F%B0%E5%8D%97%E5%B8%82%E7%8E%89%E4%BA%95%E5%8D%80%E4%B8%AD%E5%B1%B1%E8%B7%AF220-1%E8%99%9F&hl=zh-TW","https://www.google.com/search?q=%E9%BA%BB%E5%8F%A4%E8%8C%B6%E5%9D%8A%20%E5%8F%B0%E5%8D%97%E7%8E%89%E4%BA%95%E5%BA%97%20%E5%8F%B0%E5%8D%97%E5%B8%82%E7%8E%89%E4%BA%95%E5%8D%80%E4%B8%AD%E5%B1%B1%E8%B7%AF220-1%E8%99%9F&hl=zh-TW","Google Order entry/panel opened, but provider rows were not parsed."
"macu-tw-189","台南育德店","南部","台南市","北區","台南市北區育德路502號","06-2515997","confirmed","no_gmb_order_button","true","false","","","LINE、食在麻吉 eathere","","https://www.google.com/search?q=%E9%BA%BB%E5%8F%A4%E8%8C%B6%E5%9D%8A%20%E5%8F%B0%E5%8D%97%E8%82%B2%E5%BE%B7%E5%BA%97%20%E5%8F%B0%E5%8D%97%E5%B8%82%E5%8C%97%E5%8D%80%E8%82%B2%E5%BE%B7%E8%B7%AF502%E8%99%9F&hl=zh-TW","","Named GMB profile matched, but no Google Order entry was opened."
"macu-tw-186","台南自由店","南部","台南市","東區","台南市東區自由路三段203號","06-2681559","confirmed","confirmed","true","true","","foodpanda、Uber Eats","LINE、Uber Eats、foodpanda、食在麻吉 eathere","Uber Eats、foodpanda","https://www.google.com/search?q=%E9%BA%BB%E5%8F%A4%E8%8C%B6%E5%9D%8A%20%E5%8F%B0%E5%8D%97%E8%87%AA%E7%94%B1%E5%BA%97%20%E5%8F%B0%E5%8D%97%E5%B8%82%E6%9D%B1%E5%8D%80%E8%87%AA%E7%94%B1%E8%B7%AF%E4%B8%89%E6%AE%B5203%E8%99%9F&hl=zh-TW#sv=CAESzQEKuQEStgEKd0FKaVQ0dEsyTHZaV3Y3LW9SS3BBUFRvYWxBSkhkTTNnc3N1ZnBpLWFrMzFSd3RwM0tFdUgxd1BpSkw5RXR2TmNISXUtb1BsdVJ5cFNNbHRfUFUyYzZjRDZTZU5IZTg3a3NFTk00dVhWbEtValYtakV4VTZMZS13Ehc2QlZoYXVxVUtaQ052cjBQcE4tNmlBRRoiQURzcjlmU0w5NWJuXzNKb2xMVzVCMmkyb2RSS1BCeEtpdxIEODEyNBoBMyoAMAA4AUAAGCog9P-uyAg6AEoCEAE","https://www.google.com/search?q=%E9%BA%BB%E5%8F%A4%E8%8C%B6%E5%9D%8A+%E5%8F%B0%E5%8D%97%E8%87%AA%E7%94%B1%E5%BA%97+%E5%8F%B0%E5%8D%97%E5%B8%82%E6%9D%B1%E5%8D%80%E8%87%AA%E7%94%B1%E8%B7%AF%E4%B8%89%E6%AE%B5203%E8%99%9F&hl=zh-TW#sv=CAESzQEKuQEStgEKd0FKaVQ0dEsyTHZaV3Y3LW9SS3BBUFRvYWxBSkhkTTNnc3N1ZnBpLWFrMzFSd3RwM0tFdUgxd1BpSkw5RXR2TmNISXUtb1BsdVJ5cFNNbHRfUFUyYzZjRDZTZU5IZTg3a3NFTk00dVhWbEtValYtakV4VTZMZS13Ehc2QlZoYXVxVUtaQ052cjBQcE4tNmlBRRoiQURzcjlmU0w5NWJuXzNKb2xMVzVCMmkyb2RSS1BCeEtpdxIEODEyNBoBMyoAMAA4AUAAGCog9P-uyAg6AEoCEAE","Playwright batch opened Google Order flow and read visible pickup/delivery providers."
"macu-tw-202","台南裕農店","南部","台南市","東區","台南市東區裕農路649號","06-2090011","confirmed","confirmed","true","true","","foodpanda","LINE、foodpanda、食在麻吉 eathere","foodpanda","https://www.google.com/search?q=%E9%BA%BB%E5%8F%A4%E8%8C%B6%E5%9D%8A+%E5%8F%B0%E5%8D%97%E8%A3%95%E8%BE%B2%E5%BA%97+%E5%8F%B0%E5%8D%97%E5%B8%82%E6%9D%B1%E5%8D%80%E8%A3%95%E8%BE%B2%E8%B7%AF649%E8%99%9F&hl=zh-TW#sv=CAESzQEKuQEStgEKd0FKaVQ0dEk1TVlQcFUtdUZkRENDUDNWMWpFS0lHMDJpUVl1LXpnNENuZnBxUlRoc01tU25fQURSWlBmRGQxbDZjbE9CQjhRdm1IOGNKN01CSlZaWldvYVlJVGxUSE5wSmJyWmx0RkdiaXdaamdNZmlBRzVfQXZzEhdBUlpoYW9DNUxhYlgxZThQeHJUSWlRTRoiQURzcjlmUkZON1BzZjZhWUlEdlBfTkxKeGpMVG9qYmthURIEODEyNBoBMyoAMAA4AUAAGCogovqyjA86AEoCEAE","https://www.google.com/search?q=%E9%BA%BB%E5%8F%A4%E8%8C%B6%E5%9D%8A+%E5%8F%B0%E5%8D%97%E8%A3%95%E8%BE%B2%E5%BA%97+%E5%8F%B0%E5%8D%97%E5%B8%82%E6%9D%B1%E5%8D%80%E8%A3%95%E8%BE%B2%E8%B7%AF649%E8%99%9F&hl=zh-TW#sv=CAESzQEKuQEStgEKd0FKaVQ0dEk1TVlQcFUtdUZkRENDUDNWMWpFS0lHMDJpUVl1LXpnNENuZnBxUlRoc01tU25fQURSWlBmRGQxbDZjbE9CQjhRdm1IOGNKN01CSlZaWldvYVlJVGxUSE5wSmJyWmx0RkdiaXdaamdNZmlBRzVfQXZzEhdBUlpoYW9DNUxhYlgxZThQeHJUSWlRTRoiQURzcjlmUkZON1BzZjZhWUlEdlBfTkxKeGpMVG9qYmthURIEODEyNBoBMyoAMAA4AUAAGCogovqyjA86AEoCEAE","Playwright batch opened Google Order flow and read visible pickup/delivery providers."
"macu-tw-204","台南西勢店","南部","台南市","永康區","台南市永康區大灣路25號","06-2058268","confirmed","confirmed","true","true","foodpanda","foodpanda、Uber Eats","LINE、Uber Eats、foodpanda、食在麻吉 eathere","Uber Eats、foodpanda","https://www.google.com/search?q=%E9%BA%BB%E5%8F%A4%E8%8C%B6%E5%9D%8A%20%E5%8F%B0%E5%8D%97%E8%A5%BF%E5%8B%A2%E5%BA%97%20%E5%8F%B0%E5%8D%97%E5%B8%82%E6%B0%B8%E5%BA%B7%E5%8D%80%E5%A4%A7%E7%81%A3%E8%B7%AF25%E8%99%9F&hl=zh-TW#sv=CAESzQEKuQEStgEKd0FKaVQ0dEw1blZpZnVlVzREREJGdU0wajQzSUE5TG9JSXVhckpfb29OaDF1aHRUT2tJeWFkQUczNFR3dnlzelBrTEprYnFKQXNKT1VkUzhSSHBIOXMxTkRsc3VNb1NsVmxMLTBMTzlFa1k2Y3hXYjhDUC1vZWJREhdHeFpoYW9fSktPQ1B2cjBQdHNHTjRRYxoiQURzcjlmUXFLRFhrOHVpNWFmVGhNbDI1R2p0RVVuU1J4ZxIEODEyNBoBMyoAMAA4AUAAGCogtOOh3QQ6AEoCEAE","https://www.google.com/search?q=%E9%BA%BB%E5%8F%A4%E8%8C%B6%E5%9D%8A+%E5%8F%B0%E5%8D%97%E8%A5%BF%E5%8B%A2%E5%BA%97+%E5%8F%B0%E5%8D%97%E5%B8%82%E6%B0%B8%E5%BA%B7%E5%8D%80%E5%A4%A7%E7%81%A3%E8%B7%AF25%E8%99%9F&hl=zh-TW#sv=CAESzQEKuQEStgEKd0FKaVQ0dEw1blZpZnVlVzREREJGdU0wajQzSUE5TG9JSXVhckpfb29OaDF1aHRUT2tJeWFkQUczNFR3dnlzelBrTEprYnFKQXNKT1VkUzhSSHBIOXMxTkRsc3VNb1NsVmxMLTBMTzlFa1k2Y3hXYjhDUC1vZWJREhdHeFpoYW9fSktPQ1B2cjBQdHNHTjRRYxoiQURzcjlmUXFLRFhrOHVpNWFmVGhNbDI1R2p0RVVuU1J4ZxIEODEyNBoBMyoAMAA4AUAAGCogtOOh3QQ6AEoCEAE","Playwright batch opened Google Order flow and read visible pickup/delivery providers."
"macu-tw-151","台南西港店","南部","台南市","西港區","台南市西港區西港里中山路294號","06-7951920","confirmed","confirmed","true","true","","foodpanda","LINE、foodpanda、食在麻吉 eathere","foodpanda","https://www.google.com/search?q=%E9%BA%BB%E5%8F%A4%E8%8C%B6%E5%9D%8A%20%E5%8F%B0%E5%8D%97%E8%A5%BF%E6%B8%AF%E5%BA%97%20%E5%8F%B0%E5%8D%97%E5%B8%82%E8%A5%BF%E6%B8%AF%E5%8D%80%E8%A5%BF%E6%B8%AF%E9%87%8C%E4%B8%AD%E5%B1%B1%E8%B7%AF294%E8%99%9F&hl=zh-TW#sv=CAESzQEKuQEStgEKd0FKaVQ0dElpem9hbnFXVHlwbmdFRmFjSEI0aVo0R3lWYWJrQ0ZLbEJwUmFnNUxnR1pzN3dfZ1l2dE1Rd09LWVJ1LW9YX2ZsdmJicFItbEFrQlJMaWRTREZXTUlDeGlUVjhtdkJjVF9PaDh2bnlUN29lQXluX0ZrEhdOQlpoYXRyRkRJNmcxZThQM3MyUzZRbxoiQURzcjlmUS0xVGdHSEZDcmUtM2RMRUZtTm13RWRZRFo0QRIEODEyNBoBMyoAMAA4AUAAGCogwvD7yA86AEoCEAE","https://www.google.com/search?q=%E9%BA%BB%E5%8F%A4%E8%8C%B6%E5%9D%8A%20%E5%8F%B0%E5%8D%97%E8%A5%BF%E6%B8%AF%E5%BA%97%20%E5%8F%B0%E5%8D%97%E5%B8%82%E8%A5%BF%E6%B8%AF%E5%8D%80%E8%A5%BF%E6%B8%AF%E9%87%8C%E4%B8%AD%E5%B1%B1%E8%B7%AF294%E8%99%9F&hl=zh-TW#sv=CAESzQEKuQEStgEKd0FKaVQ0dElpem9hbnFXVHlwbmdFRmFjSEI0aVo0R3lWYWJrQ0ZLbEJwUmFnNUxnR1pzN3dfZ1l2dE1Rd09LWVJ1LW9YX2ZsdmJicFItbEFrQlJMaWRTREZXTUlDeGlUVjhtdkJjVF9PaDh2bnlUN29lQXluX0ZrEhdOQlpoYXRyRkRJNmcxZThQM3MyUzZRbxoiQURzcjlmUS0xVGdHSEZDcmUtM2RMRUZtTm13RWRZRFo0QRIEODEyNBoBMyoAMAA4AUAAGCogwvD7yA86AEoCEAE","Playwright batch opened Google Order flow and read visible pickup/delivery providers."
"macu-tw-201","台南西門店","南部","台南市","北區","台南市北區西門路三段179號","06-2226188","confirmed","confirmed","true","true","foodpanda","foodpanda、Uber Eats","LINE、Uber Eats、foodpanda、食在麻吉 eathere","Uber Eats、foodpanda","https://www.google.com/search?q=%E9%BA%BB%E5%8F%A4%E8%8C%B6%E5%9D%8A%20%E5%8F%B0%E5%8D%97%E8%A5%BF%E9%96%80%E5%BA%97%20%E5%8F%B0%E5%8D%97%E5%B8%82%E5%8C%97%E5%8D%80%E8%A5%BF%E9%96%80%E8%B7%AF%E4%B8%89%E6%AE%B5179%E8%99%9F&hl=zh-TW#sv=CAESzQEKuQEStgEKd0FKaVQ0dElwdnNCTFBsYU5lbEVxd2xNc0NBcHZlbXVReEZ2NXdsYlB5TkpNcW5IcmZEWVdYaFgwZzFSSENZQ0hLczBmN3BLSEZhUDN2dWxoWUszSTRLXzJzTWphdlRIVWlPR2daRXRNOXdSLVRId1dyQ1NaMXpVEhdUQlpoYXZyLUxvNmcxZThQM3MyUzZRbxoiQURzcjlmUzJ6Y0k2d1RlTG0xS0VlbnBLZEo0ZUNPVzZ4dxIEODEyNBoBMyoAMAA4AUAAGCogvsil4gM6AEoCEAE","https://www.google.com/search?q=%E9%BA%BB%E5%8F%A4%E8%8C%B6%E5%9D%8A%20%E5%8F%B0%E5%8D%97%E8%A5%BF%E9%96%80%E5%BA%97%20%E5%8F%B0%E5%8D%97%E5%B8%82%E5%8C%97%E5%8D%80%E8%A5%BF%E9%96%80%E8%B7%AF%E4%B8%89%E6%AE%B5179%E8%99%9F&hl=zh-TW#sv=CAESzQEKuQEStgEKd0FKaVQ0dElwdnNCTFBsYU5lbEVxd2xNc0NBcHZlbXVReEZ2NXdsYlB5TkpNcW5IcmZEWVdYaFgwZzFSSENZQ0hLczBmN3BLSEZhUDN2dWxoWUszSTRLXzJzTWphdlRIVWlPR2daRXRNOXdSLVRId1dyQ1NaMXpVEhdUQlpoYXZyLUxvNmcxZThQM3MyUzZRbxoiQURzcjlmUzJ6Y0k2d1RlTG0xS0VlbnBLZEo0ZUNPVzZ4dxIEODEyNBoBMyoAMAA4AUAAGCogvsil4gM6AEoCEAE","Playwright batch opened Google Order flow and read visible pickup/delivery providers."
"macu-tw-180","台南赤崁店","南部","台南市","中西區","台南市中西區民族路二段220號","06-2230679","confirmed","confirmed","true","true","","foodpanda、Uber Eats","LINE、Uber Eats、foodpanda、食在麻吉 eathere","Uber Eats、foodpanda","https://www.google.com/search?q=%E9%BA%BB%E5%8F%A4%E8%8C%B6%E5%9D%8A%20%E5%8F%B0%E5%8D%97%E8%B5%A4%E5%B4%81%E5%BA%97%20%E5%8F%B0%E5%8D%97%E5%B8%82%E4%B8%AD%E8%A5%BF%E5%8D%80%E6%B0%91%E6%97%8F%E8%B7%AF%E4%BA%8C%E6%AE%B5220%E8%99%9F&hl=zh-TW#sv=CAESzQEKuQEStgEKd0FKaVQ0dElsTjhQTDNSZ051ZW5yeHVqSHM1Vlk5aGxaUnRJWDFWNkJFRlBWTXFraWtFRkU0V1FDQ0lSaGJXaGNwbV9yQ2VodGhZWUxmWms2blprT3hCTm1zVWhwZnp5WlpHNzkxOTB4bDJCQXhyYjd3OWo3ajJjEhdaUlpoYXF6ckxLM2UxZThQa2JTenlRMBoiQURzcjlmUV8wQ2lVb0RRNE9yTFRpZ3JBdW1xOGFWVE1uURIEODEyNBoBMyoAMAA4AUAAGCog6d3lqgg6AEoCEAE","https://www.google.com/search?q=%E9%BA%BB%E5%8F%A4%E8%8C%B6%E5%9D%8A%20%E5%8F%B0%E5%8D%97%E8%B5%A4%E5%B4%81%E5%BA%97%20%E5%8F%B0%E5%8D%97%E5%B8%82%E4%B8%AD%E8%A5%BF%E5%8D%80%E6%B0%91%E6%97%8F%E8%B7%AF%E4%BA%8C%E6%AE%B5220%E8%99%9F&hl=zh-TW#sv=CAESzQEKuQEStgEKd0FKaVQ0dElsTjhQTDNSZ051ZW5yeHVqSHM1Vlk5aGxaUnRJWDFWNkJFRlBWTXFraWtFRkU0V1FDQ0lSaGJXaGNwbV9yQ2VodGhZWUxmWms2blprT3hCTm1zVWhwZnp5WlpHNzkxOTB4bDJCQXhyYjd3OWo3ajJjEhdaUlpoYXF6ckxLM2UxZThQa2JTenlRMBoiQURzcjlmUV8wQ2lVb0RRNE9yTFRpZ3JBdW1xOGFWVE1uURIEODEyNBoBMyoAMAA4AUAAGCog6d3lqgg6AEoCEAE","Playwright batch opened Google Order flow and read visible pickup/delivery providers."
"macu-tw-172","台南郡平店","南部","台南市","安平區","台南市安平區郡平路145號","06-2986696","confirmed","no_gmb_order_button","true","false","","","LINE、食在麻吉 eathere","","https://www.google.com/search?q=%E9%BA%BB%E5%8F%A4%E8%8C%B6%E5%9D%8A%20%E5%8F%B0%E5%8D%97%E9%83%A1%E5%B9%B3%E5%BA%97%20%E5%8F%B0%E5%8D%97%E5%B8%82%E5%AE%89%E5%B9%B3%E5%8D%80%E9%83%A1%E5%B9%B3%E8%B7%AF145%E8%99%9F&hl=zh-TW","","Named GMB profile matched, but no Google Order entry was opened."
"macu-tw-195","台南金華店","南部","台南市","南區","台南市南區金華里金華路2段177號1樓","06-2612199","confirmed","confirmed","true","true","foodpanda","foodpanda、Uber Eats","LINE、Uber Eats、foodpanda、食在麻吉 eathere","Uber Eats、foodpanda","https://www.google.com/search?q=%E9%BA%BB%E5%8F%A4%E8%8C%B6%E5%9D%8A+%E5%8F%B0%E5%8D%97%E9%87%91%E8%8F%AF%E5%BA%97+%E5%8F%B0%E5%8D%97%E5%B8%82%E5%8D%97%E5%8D%80%E9%87%91%E8%8F%AF%E9%87%8C%E9%87%91%E8%8F%AF%E8%B7%AF2%E6%AE%B5177%E8%99%9F1%E6%A8%93&hl=zh-TW#sv=CAESzQEKuQEStgEKd0FKaVQ0dEl6VURkTHBFTWxIcWE3UVRhZTdyRWc4WkxxZ3pRS2dBdTBiNi13ZkU5TVBPbmtEa3dKZGFPbnNoc2dYdm5ZaGUtZHduVXo1UEZJbldQNzNOOG9TMU1ubnc4LTlmeWJXRmpiMjRZSGlENHRKVkFBbnFNEhdreFpoYXVPdkE1YUx2cjBQXzZIUWdRdxoiQURzcjlmUk5aYW5Cck8xeHdCYUUtMDdWRHFVazlGazJNdxIEODEyNBoBMyoAMAA4AUAAGCogr7Tx2gQ6AEoCEAE","https://www.google.com/search?q=%E9%BA%BB%E5%8F%A4%E8%8C%B6%E5%9D%8A+%E5%8F%B0%E5%8D%97%E9%87%91%E8%8F%AF%E5%BA%97+%E5%8F%B0%E5%8D%97%E5%B8%82%E5%8D%97%E5%8D%80%E9%87%91%E8%8F%AF%E9%87%8C%E9%87%91%E8%8F%AF%E8%B7%AF2%E6%AE%B5177%E8%99%9F1%E6%A8%93&hl=zh-TW#sv=CAESzQEKuQEStgEKd0FKaVQ0dEl6VURkTHBFTWxIcWE3UVRhZTdyRWc4WkxxZ3pRS2dBdTBiNi13ZkU5TVBPbmtEa3dKZGFPbnNoc2dYdm5ZaGUtZHduVXo1UEZJbldQNzNOOG9TMU1ubnc4LTlmeWJXRmpiMjRZSGlENHRKVkFBbnFNEhdreFpoYXVPdkE1YUx2cjBQXzZIUWdRdxoiQURzcjlmUk5aYW5Cck8xeHdCYUUtMDdWRHFVazlGazJNdxIEODEyNBoBMyoAMAA4AUAAGCogr7Tx2gQ6AEoCEAE","Playwright batch opened Google Order flow and read visible pickup/delivery providers."
"macu-tw-196","台南開元店","南部","台南市","北區","台南市北區開元路396號","06-2096167","confirmed","confirmed","true","true","foodpanda","foodpanda、Uber Eats","LINE、Uber Eats、foodpanda、食在麻吉 eathere","Uber Eats、foodpanda","https://www.google.com/search?q=%E9%BA%BB%E5%8F%A4%E8%8C%B6%E5%9D%8A%20%E5%8F%B0%E5%8D%97%E9%96%8B%E5%85%83%E5%BA%97%20%E5%8F%B0%E5%8D%97%E5%B8%82%E5%8C%97%E5%8D%80%E9%96%8B%E5%85%83%E8%B7%AF396%E8%99%9F&hl=zh-TW#sv=CAESzQEKuQEStgEKd0FKaVQ0dEpNZ1Z0U0hqdHBjeXNIeFQxbG1oelI1WS1XTG5oR2YzdU4wRVg4aW1Bemk5ODFBdHZiQmRqejJjWERxdzM2NldDc19ReWZjV2IyVnMwYzV0cmdSNVRmbjBYU3B6cEpYZ1VmcktNaFBqLUNCY2QtYWlFEhdyaFpoYXItMkZObWcxZThQMDg2SHFROBoiQURzcjlmUjNES001ZE9ad2RwNU1MakpGVU1oRUNnQWJCZxIEODEyNBoBMyoAMAA4AUAAGCognPHl3gs6AEoCEAE","https://www.google.com/search?q=%E9%BA%BB%E5%8F%A4%E8%8C%B6%E5%9D%8A%20%E5%8F%B0%E5%8D%97%E9%96%8B%E5%85%83%E5%BA%97%20%E5%8F%B0%E5%8D%97%E5%B8%82%E5%8C%97%E5%8D%80%E9%96%8B%E5%85%83%E8%B7%AF396%E8%99%9F&hl=zh-TW#sv=CAESzQEKuQEStgEKd0FKaVQ0dEpNZ1Z0U0hqdHBjeXNIeFQxbG1oelI1WS1XTG5oR2YzdU4wRVg4aW1Bemk5ODFBdHZiQmRqejJjWERxdzM2NldDc19ReWZjV2IyVnMwYzV0cmdSNVRmbjBYU3B6cEpYZ1VmcktNaFBqLUNCY2QtYWlFEhdyaFpoYXItMkZObWcxZThQMDg2SHFROBoiQURzcjlmUjNES001ZE9ad2RwNU1MakpGVU1oRUNnQWJCZxIEODEyNBoBMyoAMAA4AUAAGCognPHl3gs6AEoCEAE","Playwright batch opened Google Order flow and read visible pickup/delivery providers."
"macu-tw-162","台南關廟南雄店","南部","台南市","關廟區","台南市關廟區南雄路二段36號","06-5951727","confirmed","confirmed","true","true","","foodpanda","LINE、foodpanda、食在麻吉 eathere","foodpanda","https://www.google.com/search?q=%E9%BA%BB%E5%8F%A4%E8%8C%B6%E5%9D%8A+%E5%8F%B0%E5%8D%97%E9%97%9C%E5%BB%9F%E5%8D%97%E9%9B%84%E5%BA%97+%E5%8F%B0%E5%8D%97%E5%B8%82%E9%97%9C%E5%BB%9F%E5%8D%80%E5%8D%97%E9%9B%84%E8%B7%AF%E4%BA%8C%E6%AE%B536%E8%99%9F&hl=zh-TW#sv=CAESzQEKuQEStgEKd0FKaVQ0dExoclhDTmxkRTVzWFZOT2NNdjRGTUtYZUZkdlBNQlRoQ2lzV1BkUlFCSzVhR0tCTVZCWG5hek8tVk40Qnc0RDBnbENLRTZOeE1NNFQ2OVpGWV9RWHpFLVNVSHdCRjUxOEs3cXRsRUV0TmVSWlZuUXBFEhd4eFpoYXNQckxKSzR2cjBQcnRLWHVRMBoiQURzcjlmVEg5MkFrVkJZMTNkaEFkNWd0YzNhWGFPbkxGZxIEODEyNBoBMyoAMAA4AUAAGCog_PCy7Ag6AEoCEAE","https://www.google.com/search?q=%E9%BA%BB%E5%8F%A4%E8%8C%B6%E5%9D%8A+%E5%8F%B0%E5%8D%97%E9%97%9C%E5%BB%9F%E5%8D%97%E9%9B%84%E5%BA%97+%E5%8F%B0%E5%8D%97%E5%B8%82%E9%97%9C%E5%BB%9F%E5%8D%80%E5%8D%97%E9%9B%84%E8%B7%AF%E4%BA%8C%E6%AE%B536%E8%99%9F&hl=zh-TW#sv=CAESzQEKuQEStgEKd0FKaVQ0dExoclhDTmxkRTVzWFZOT2NNdjRGTUtYZUZkdlBNQlRoQ2lzV1BkUlFCSzVhR0tCTVZCWG5hek8tVk40Qnc0RDBnbENLRTZOeE1NNFQ2OVpGWV9RWHpFLVNVSHdCRjUxOEs3cXRsRUV0TmVSWlZuUXBFEhd4eFpoYXNQckxKSzR2cjBQcnRLWHVRMBoiQURzcjlmVEg5MkFrVkJZMTNkaEFkNWd0YzNhWGFPbkxGZxIEODEyNBoBMyoAMAA4AUAAGCog_PCy7Ag6AEoCEAE","Playwright batch opened Google Order flow and read visible pickup/delivery providers."
"macu-tw-184","台南青年店","南部","台南市","中西區","台南市中西區青年路143號","06-2216955","confirmed","confirmed","true","true","","foodpanda、Uber Eats","LINE、Uber Eats、foodpanda、食在麻吉 eathere","Uber Eats、foodpanda","https://www.google.com/search?q=%E9%BA%BB%E5%8F%A4%E8%8C%B6%E5%9D%8A%20%E5%8F%B0%E5%8D%97%E9%9D%92%E5%B9%B4%E5%BA%97%20%E5%8F%B0%E5%8D%97%E5%B8%82%E4%B8%AD%E8%A5%BF%E5%8D%80%E9%9D%92%E5%B9%B4%E8%B7%AF143%E8%99%9F&hl=zh-TW#sv=CAESzQEKuQEStgEKd0FKaVQ0dExMeEJSSE5mSXhZZzBHS0d3UGlER29mTGJuNmdLUDItQjZSekIyVkl3cHpLNzR5NXRKNEZaYzVyWDEzOGJtaHZZNWhUM2dnbTNnRUxHNDlkUjdWU0UwWXQwX3loZ0ItRmlmREo3ekk5WHAwLUl4UHVvEhc0QlpoYXVDektxTFYxZThQd1lqZHFRURoiQURzcjlmVGwyNmt1LWVxSFpSOGRqYTN1S1FqZG5GeGJfQRIEODEyNBoBMyoAMAA4AUAAGCogg8DDwQk6AEoCEAE","https://www.google.com/search?q=%E9%BA%BB%E5%8F%A4%E8%8C%B6%E5%9D%8A%20%E5%8F%B0%E5%8D%97%E9%9D%92%E5%B9%B4%E5%BA%97%20%E5%8F%B0%E5%8D%97%E5%B8%82%E4%B8%AD%E8%A5%BF%E5%8D%80%E9%9D%92%E5%B9%B4%E8%B7%AF143%E8%99%9F&hl=zh-TW#sv=CAESzQEKuQEStgEKd0FKaVQ0dExMeEJSSE5mSXhZZzBHS0d3UGlER29mTGJuNmdLUDItQjZSekIyVkl3cHpLNzR5NXRKNEZaYzVyWDEzOGJtaHZZNWhUM2dnbTNnRUxHNDlkUjdWU0UwWXQwX3loZ0ItRmlmREo3ekk5WHAwLUl4UHVvEhc0QlpoYXVDektxTFYxZThQd1lqZHFRURoiQURzcjlmVGwyNmt1LWVxSFpSOGRqYTN1S1FqZG5GeGJfQRIEODEyNBoBMyoAMAA4AUAAGCogg8DDwQk6AEoCEAE","Playwright batch opened Google Order flow and read visible pickup/delivery providers."
"macu-tw-160","台南麻豆中山店","南部","台南市","麻豆區","台南市麻豆區中山路157-1號","06-5710855","confirmed","no_gmb_order_button","true","false","","","LINE、食在麻吉 eathere","","https://www.google.com/search?q=%E9%BA%BB%E5%8F%A4%E8%8C%B6%E5%9D%8A%20%E5%8F%B0%E5%8D%97%E9%BA%BB%E8%B1%86%E4%B8%AD%E5%B1%B1%E5%BA%97%20%E5%8F%B0%E5%8D%97%E5%B8%82%E9%BA%BB%E8%B1%86%E5%8D%80%E4%B8%AD%E5%B1%B1%E8%B7%AF157-1%E8%99%9F&hl=zh-TW","","Named GMB profile matched, but no Google Order entry was opened."
"macu-tw-174","歸仁中山店","南部","台南市","歸仁區","台南市歸仁區中山路72-1號","06-3301267","confirmed","no_gmb_order_button","true","false","","","LINE、食在麻吉 eathere","","https://www.google.com/search?q=%E9%BA%BB%E5%8F%A4%E8%8C%B6%E5%9D%8A%20%E6%AD%B8%E4%BB%81%E4%B8%AD%E5%B1%B1%E5%BA%97%20%E5%8F%B0%E5%8D%97%E5%B8%82%E6%AD%B8%E4%BB%81%E5%8D%80%E4%B8%AD%E5%B1%B1%E8%B7%AF72-1%E8%99%9F&hl=zh-TW","","Named GMB profile matched, but no Google Order entry was opened."
"macu-tw-157","歸仁民權店","南部","台南市","歸仁區","台南市歸仁區中山路三段103號","06-2300945","confirmed","confirmed","true","true","","foodpanda、Uber Eats","LINE、Uber Eats、foodpanda、食在麻吉 eathere","Uber Eats、foodpanda","https://www.google.com/search?q=%E9%BA%BB%E5%8F%A4%E8%8C%B6%E5%9D%8A%20%E6%AD%B8%E4%BB%81%E6%B0%91%E6%AC%8A%E5%BA%97%20%E5%8F%B0%E5%8D%97%E5%B8%82%E6%AD%B8%E4%BB%81%E5%8D%80%E4%B8%AD%E5%B1%B1%E8%B7%AF%E4%B8%89%E6%AE%B5103%E8%99%9F&hl=zh-TW#sv=CAESzQEKuQEStgEKd0FKaVQ0dExzeWJKaVJ3ajZXU0dRWWJQakVJaUNNXzl3d3N2d0t1b1VQVk5Ud21Pakl4c18wbWpIbHRjMHVsVlUxOGduSTZuNmJaR1JsWkloYXp4TC1TZk92OVl5QW1CT1owbVFkdnNwMXNrUlE0NU1FRDQ0M0g4EhdHUmRoYXRERkU0MmZ2cjBQdHFQejhBURoiQURzcjlmVHlxTmgtSDFtcWc1c1dDMHJSVHVWaHR0Rk9iURIEODEyNBoBMyoAMAA4AUAAGCogqqbp1gw6AEoCEAE","https://www.google.com/search?q=%E9%BA%BB%E5%8F%A4%E8%8C%B6%E5%9D%8A%20%E6%AD%B8%E4%BB%81%E6%B0%91%E6%AC%8A%E5%BA%97%20%E5%8F%B0%E5%8D%97%E5%B8%82%E6%AD%B8%E4%BB%81%E5%8D%80%E4%B8%AD%E5%B1%B1%E8%B7%AF%E4%B8%89%E6%AE%B5103%E8%99%9F&hl=zh-TW#sv=CAESzQEKuQEStgEKd0FKaVQ0dExzeWJKaVJ3ajZXU0dRWWJQakVJaUNNXzl3d3N2d0t1b1VQVk5Ud21Pakl4c18wbWpIbHRjMHVsVlUxOGduSTZuNmJaR1JsWkloYXp4TC1TZk92OVl5QW1CT1owbVFkdnNwMXNrUlE0NU1FRDQ0M0g4EhdHUmRoYXRERkU0MmZ2cjBQdHFQejhBURoiQURzcjlmVHlxTmgtSDFtcWc1c1dDMHJSVHVWaHR0Rk9iURIEODEyNBoBMyoAMAA4AUAAGCogqqbp1gw6AEoCEAE","Playwright batch opened Google Order flow and read visible pickup/delivery providers."
"macu-tw-210","永康中山南店","南部","台南市","永康區","台南市永康區中山南路207號","06-3020170","confirmed","confirmed","true","true","","foodpanda、Uber Eats","LINE、Uber Eats、foodpanda、食在麻吉 eathere","Uber Eats、foodpanda","https://www.google.com/search?q=%E9%BA%BB%E5%8F%A4%E8%8C%B6%E5%9D%8A+%E6%B0%B8%E5%BA%B7%E4%B8%AD%E5%B1%B1%E5%8D%97%E5%BA%97+%E5%8F%B0%E5%8D%97%E5%B8%82%E6%B0%B8%E5%BA%B7%E5%8D%80%E4%B8%AD%E5%B1%B1%E5%8D%97%E8%B7%AF207%E8%99%9F&hl=zh-TW#sv=CAESzQEKuQEStgEKd0FKaVQ0dExRaUROdk95VzJTZ2JqajZrZ3ZPaHVja280Ykt2NHVuT3lhUjBKRmREbmJtWmlVVXBTcWJpVXZ6UGRLbE1IcmVKZWlfUDJUVlVDQko5bGdwR3A2ZHZaRVJERENDaUF0M3lJYWZ6cTdzV3RIZHVLSm5VEhdOQmRoYXV6NUE4cWx2cjBQM01YVHlBTRoiQURzcjlmVHpJVFFqSDMyeG9qZnhNN3VPVzNWcXBKNTZBdxIEODEyNBoBMyoAMAA4AUAAGCogisz8wAM6AEoCEAE","https://www.google.com/search?q=%E9%BA%BB%E5%8F%A4%E8%8C%B6%E5%9D%8A+%E6%B0%B8%E5%BA%B7%E4%B8%AD%E5%B1%B1%E5%8D%97%E5%BA%97+%E5%8F%B0%E5%8D%97%E5%B8%82%E6%B0%B8%E5%BA%B7%E5%8D%80%E4%B8%AD%E5%B1%B1%E5%8D%97%E8%B7%AF207%E8%99%9F&hl=zh-TW#sv=CAESzQEKuQEStgEKd0FKaVQ0dExRaUROdk95VzJTZ2JqajZrZ3ZPaHVja280Ykt2NHVuT3lhUjBKRmREbmJtWmlVVXBTcWJpVXZ6UGRLbE1IcmVKZWlfUDJUVlVDQko5bGdwR3A2ZHZaRVJERENDaUF0M3lJYWZ6cTdzV3RIZHVLSm5VEhdOQmRoYXV6NUE4cWx2cjBQM01YVHlBTRoiQURzcjlmVHpJVFFqSDMyeG9qZnhNN3VPVzNWcXBKNTZBdxIEODEyNBoBMyoAMAA4AUAAGCogisz8wAM6AEoCEAE","Playwright batch opened Google Order flow and read visible pickup/delivery providers."
"macu-tw-165","永康中華店","南部","台南市","永康區","台南市永康區中華路193號","06-3126600","confirmed","confirmed","true","true","","foodpanda","LINE、foodpanda、食在麻吉 eathere","foodpanda","https://www.google.com/search?q=%E9%BA%BB%E5%8F%A4%E8%8C%B6%E5%9D%8A+%E6%B0%B8%E5%BA%B7%E4%B8%AD%E8%8F%AF%E5%BA%97+%E5%8F%B0%E5%8D%97%E5%B8%82%E6%B0%B8%E5%BA%B7%E5%8D%80%E4%B8%AD%E8%8F%AF%E8%B7%AF193%E8%99%9F&hl=zh-TW#sv=CAESzQEKuQEStgEKd0FKaVQ0dEotbmVzaWZORTJrc2tBQUY0b3k3bmpHZ0Fobm5ReERwb3BtYVBuc0cwTUh2ZmUyQk1fN1lQc3VESXAxMTNLWk5QQk5oWjlGenhZWFMxSmJhRm5lMnV2WDZwVG5rVkVKR1hveUlNdVVVZEE1QUtnQzFBEhdUUmRoYW82WU9KYWx2cjBQdDQ3ajRBbxoiQURzcjlmU0NPdzZoWHdEcDlfM0k0aWxLbG84Q2xFekdVURIEODEyNBoBMyoAMAA4AUAAGCogneibggY6AEoCEAE","https://www.google.com/search?q=%E9%BA%BB%E5%8F%A4%E8%8C%B6%E5%9D%8A+%E6%B0%B8%E5%BA%B7%E4%B8%AD%E8%8F%AF%E5%BA%97+%E5%8F%B0%E5%8D%97%E5%B8%82%E6%B0%B8%E5%BA%B7%E5%8D%80%E4%B8%AD%E8%8F%AF%E8%B7%AF193%E8%99%9F&hl=zh-TW#sv=CAESzQEKuQEStgEKd0FKaVQ0dEotbmVzaWZORTJrc2tBQUY0b3k3bmpHZ0Fobm5ReERwb3BtYVBuc0cwTUh2ZmUyQk1fN1lQc3VESXAxMTNLWk5QQk5oWjlGenhZWFMxSmJhRm5lMnV2WDZwVG5rVkVKR1hveUlNdVVVZEE1QUtnQzFBEhdUUmRoYW82WU9KYWx2cjBQdDQ3ajRBbxoiQURzcjlmU0NPdzZoWHdEcDlfM0k0aWxLbG84Q2xFekdVURIEODEyNBoBMyoAMAA4AUAAGCogneibggY6AEoCEAE","Playwright batch opened Google Order flow and read visible pickup/delivery providers."
"macu-tw-199","永康復國店","南部","台南市","永康區","台南市永康區復國一路502號","06-2020623/06-2020632","confirmed","confirmed","true","true","","foodpanda、Uber Eats","LINE、Uber Eats、foodpanda、食在麻吉 eathere","Uber Eats、foodpanda","https://www.google.com/search?q=%E9%BA%BB%E5%8F%A4%E8%8C%B6%E5%9D%8A+%E6%B0%B8%E5%BA%B7%E5%BE%A9%E5%9C%8B%E5%BA%97+%E5%8F%B0%E5%8D%97%E5%B8%82%E6%B0%B8%E5%BA%B7%E5%8D%80%E5%BE%A9%E5%9C%8B%E4%B8%80%E8%B7%AF502%E8%99%9F&hl=zh-TW&sei=KU9harvQGsSgvr0PusWUuAE#sv=CAESzQEKuQEStgEKd0FKaVQ0dEtvTlJOTTRPZXBOWlJ1WUVTNjUtaURvVXI1OGxrNk9OcjRVS3Z2X01mbTRnajlfRmcxT05qZndoUy1sTFZLV0JUTHRIMVNRaC0yVjZnTFR4VGhkVzhnN18tcjJjaE1FdnVZczdTZUpUMG45X1FBLXdREhdhQmRoYXQ2ckVNV3l2cjBQdDhqeXdBOBoiQURzcjlmUllVdDFZQkJsWDJ2NkliSXM3SDhyeXo5Mnc0ZxIEODEyNBoBMyoAMAA4AUAAGCogzOLt0wY6AEoCEAE","https://www.google.com/search?q=%E9%BA%BB%E5%8F%A4%E8%8C%B6%E5%9D%8A+%E6%B0%B8%E5%BA%B7%E5%BE%A9%E5%9C%8B%E5%BA%97+%E5%8F%B0%E5%8D%97%E5%B8%82%E6%B0%B8%E5%BA%B7%E5%8D%80%E5%BE%A9%E5%9C%8B%E4%B8%80%E8%B7%AF502%E8%99%9F&hl=zh-TW&sei=KU9harvQGsSgvr0PusWUuAE#sv=CAESzQEKuQEStgEKd0FKaVQ0dExGcEF4U3VmUlU4RGs1Z0d3SmhYTEpQNE1XU0ZFT0stbzc2VHpZbUxReklrOVh1TEZVdjlBUXFVT085ZUlId1otZ3Vqam5XVWJxSDU3dnBsQkt5MkpJS1MwdW1HNE8wM0swaWt5QUNSRV9oOU05Z204EhdOSWhoYXFHbEdxYnUxZThQM2E3aDZRMBoiQURzcjlmUzlXbm0tNVZjU05xRG9kT21JN0c0TnRmOWtvURIEODEyNBoBMyoAMAA4AUAAGCog8sjZY0oCEAE","Playwright batch opened Google Order flow and read visible pickup/delivery providers."
"macu-tw-175","永康東橋店","南部","台南市","永康區","台南市永康區大橋二街208號","06-3026818","confirmed","confirmed","true","true","","Uber Eats","LINE、Uber Eats、食在麻吉 eathere","Uber Eats","https://www.google.com/search?q=%E9%BA%BB%E5%8F%A4%E8%8C%B6%E5%9D%8A%20%E6%B0%B8%E5%BA%B7%E6%9D%B1%E6%A9%8B%E5%BA%97%20%E5%8F%B0%E5%8D%97%E5%B8%82%E6%B0%B8%E5%BA%B7%E5%8D%80%E5%A4%A7%E6%A9%8B%E4%BA%8C%E8%A1%97208%E8%99%9F&hl=zh-TW#sv=CAESzQEKuQEStgEKd0FKaVQ0dEx0eDFRM05TNVdCNnBqTU9MVDhNbllFdUFCbEFVWDMtX0xFbmFjcm5TY0FYenZobmRZZlZZSGNJakt3N0UxelZ0WWh6amFmMEVxRC1Tek1xMzlHN2tkRkROM1JWR0c3WC1SenNtMEpGV0FseE5Lc1NFEhdnaGRoYXJpWUJkZi0xZThQcGRYcm1RNBoiQURzcjlmUnlRTHpybDUyTmJNRUJYM2ZNbW9KSkF5T1RIURIEODEyNBoBMyoAMAA4AUAAGCogzJeMgQc6AEoCEAE","https://www.google.com/search?q=%E9%BA%BB%E5%8F%A4%E8%8C%B6%E5%9D%8A%20%E6%B0%B8%E5%BA%B7%E6%9D%B1%E6%A9%8B%E5%BA%97%20%E5%8F%B0%E5%8D%97%E5%B8%82%E6%B0%B8%E5%BA%B7%E5%8D%80%E5%A4%A7%E6%A9%8B%E4%BA%8C%E8%A1%97208%E8%99%9F&hl=zh-TW#sv=CAESzQEKuQEStgEKd0FKaVQ0dEx0eDFRM05TNVdCNnBqTU9MVDhNbllFdUFCbEFVWDMtX0xFbmFjcm5TY0FYenZobmRZZlZZSGNJakt3N0UxelZ0WWh6amFmMEVxRC1Tek1xMzlHN2tkRkROM1JWR0c3WC1SenNtMEpGV0FseE5Lc1NFEhdnaGRoYXJpWUJkZi0xZThQcGRYcm1RNBoiQURzcjlmUnlRTHpybDUyTmJNRUJYM2ZNbW9KSkF5T1RIURIEODEyNBoBMyoAMAA4AUAAGCogzJeMgQc6AEoCEAE","Playwright batch opened Google Order flow and read visible pickup/delivery providers."
"macu-tw-191","永康鹽行店","南部","台南市","永康區","台南市永康區中正南路379號","06-2438286","confirmed","confirmed","true","true","","foodpanda、Uber Eats","LINE、Uber Eats、foodpanda、食在麻吉 eathere","Uber Eats、foodpanda","https://www.google.com/search?q=%E9%BA%BB%E5%8F%A4%E8%8C%B6%E5%9D%8A%20%E6%B0%B8%E5%BA%B7%E9%B9%BD%E8%A1%8C%E5%BA%97%20%E5%8F%B0%E5%8D%97%E5%B8%82%E6%B0%B8%E5%BA%B7%E5%8D%80%E4%B8%AD%E6%AD%A3%E5%8D%97%E8%B7%AF379%E8%99%9F&hl=zh-TW#sv=CAESzQEKuQEStgEKd0FKaVQ0dElIYmVwUUI5V0FmV0tJQ1UzS1NGN0ZtMzNGTmpmUXREZ3Z4alhrdGFuOTRCTmRVbEdVRkdDNExfSUlxVy0zTXQ0N2ZBWlhxaU1tN0VsZWpaeTdxTThwdnFQLTBBRlhOdDUyazd2YnFNOG1TRFVDb1JzEhdtQmRoYXBYMkJNRFAxZThQa3RHODZBTRoiQURzcjlmU1hpTUhHQ18zbXRoZjBWSnlnWGVjV0t4enZWQRIEODEyNBoBMyoAMAA4AUAAGCog16br5Ak6AEoCEAE","https://www.google.com/search?q=%E9%BA%BB%E5%8F%A4%E8%8C%B6%E5%9D%8A+%E6%B0%B8%E5%BA%B7%E9%B9%BD%E8%A1%8C%E5%BA%97+%E5%8F%B0%E5%8D%97%E5%B8%82%E6%B0%B8%E5%BA%B7%E5%8D%80%E4%B8%AD%E6%AD%A3%E5%8D%97%E8%B7%AF379%E8%99%9F&hl=zh-TW#sv=CAESzQEKuQEStgEKd0FKaVQ0dElIYmVwUUI5V0FmV0tJQ1UzS1NGN0ZtMzNGTmpmUXREZ3Z4alhrdGFuOTRCTmRVbEdVRkdDNExfSUlxVy0zTXQ0N2ZBWlhxaU1tN0VsZWpaeTdxTThwdnFQLTBBRlhOdDUyazd2YnFNOG1TRFVDb1JzEhdtQmRoYXBYMkJNRFAxZThQa3RHODZBTRoiQURzcjlmU1hpTUhHQ18zbXRoZjBWSnlnWGVjV0t4enZWQRIEODEyNBoBMyoAMAA4AUAAGCog16br5Ak6AEoCEAE","Playwright batch opened Google Order flow and read visible pickup/delivery providers."
"macu-tw-168","麻古茶坊 台南安定店","南部","台南市","安定區","745台南市安定區港口176號","06 593 7968","confirmed","confirmed","true","true","","foodpanda","LINE、foodpanda、食在麻吉 eathere","foodpanda","https://www.google.com/search?q=%E9%BA%BB%E5%8F%A4%E8%8C%B6%E5%9D%8A+%E9%BA%BB%E5%8F%A4%E8%8C%B6%E5%9D%8A+%E5%8F%B0%E5%8D%97%E5%AE%89%E5%AE%9A%E5%BA%97+%E5%8F%B0%E5%8D%97%E5%B8%82%E5%AE%89%E5%AE%9A%E5%8D%80%E6%B8%AF%E5%8F%A3176%E8%99%9F&hl=zh-TW#sv=CAESzQEKuQEStgEKd0FKaVQ0dEpBTU5VNXZaVlVYWmhMT25kRktRU0ZjUWh3TW9QNlBYay1keEdHNkNjWHZXQzJiYmx6WWZ5Q3hLeFM4RjAzYTJzclJ5cTQ1NDB1Z2E5M2ZjcTZtcjdIdlRINXhScEtTcmc3cXgwN1ZnblhUc2NpVkdZEhdzQmRoYXBIVEotcVl2cjBQNDRDMm1BcxoiQURzcjlmVGw5dTMwaFh5b1BMZzBSMGxJN0J6U1dLUTMzZxIEODEyNBoBMyoAMAA4AUAAGCogqaHxwQE6AEoCEAE","https://www.google.com/search?q=%E9%BA%BB%E5%8F%A4%E8%8C%B6%E5%9D%8A+%E9%BA%BB%E5%8F%A4%E8%8C%B6%E5%9D%8A+%E5%8F%B0%E5%8D%97%E5%AE%89%E5%AE%9A%E5%BA%97+%E5%8F%B0%E5%8D%97%E5%B8%82%E5%AE%89%E5%AE%9A%E5%8D%80%E6%B8%AF%E5%8F%A3176%E8%99%9F&hl=zh-TW#sv=CAESzQEKuQEStgEKd0FKaVQ0dEpBTU5VNXZaVlVYWmhMT25kRktRU0ZjUWh3TW9QNlBYay1keEdHNkNjWHZXQzJiYmx6WWZ5Q3hLeFM4RjAzYTJzclJ5cTQ1NDB1Z2E5M2ZjcTZtcjdIdlRINXhScEtTcmc3cXgwN1ZnblhUc2NpVkdZEhdzQmRoYXBIVEotcVl2cjBQNDRDMm1BcxoiQURzcjlmVGw5dTMwaFh5b1BMZzBSMGxJN0J6U1dLUTMzZxIEODEyNBoBMyoAMAA4AUAAGCogqaHxwQE6AEoCEAE","Playwright batch opened Google Order flow and read visible pickup/delivery providers."
"macu-tw-182","麻豆興中店","南部","台南市","麻豆區","台南市麻豆區興中路44號","06-5719298","confirmed","confirmed","true","true","","Uber Eats","LINE、Uber Eats、食在麻吉 eathere","Uber Eats","https://www.google.com/search?q=%E9%BA%BB%E5%8F%A4%E8%8C%B6%E5%9D%8A%20%E9%BA%BB%E8%B1%86%E8%88%88%E4%B8%AD%E5%BA%97%20%E5%8F%B0%E5%8D%97%E5%B8%82%E9%BA%BB%E8%B1%86%E5%8D%80%E8%88%88%E4%B8%AD%E8%B7%AF44%E8%99%9F&hl=zh-TW#sv=CAESzQEKuQEStgEKd0FKaVQ0dElOenR3UWw0emoycm4zMERWZ25OSEdTQUU4dGlGaGRPNmNNQmUxbzYyV190eElEbUpHRE9ueGVCbWxCb3ZEWEcwQi1ENGtsZEcwRE9mSi1YLXlZS1JqUXJNRmZJVE10MjdwME1SVWU0dG5TOVp0cTFZEhd5eGRoYXRlZEhwLW0xZThQOTVHbXVRVRoiQURzcjlmU09Zb2FVY1F6dkhTdUZEd0ZVdG5NRDM0M2piQRIEODEyNBoBMyoAMAA4AUAAGCogn4PjjAc6AEoCEAE","https://www.google.com/search?q=%E9%BA%BB%E5%8F%A4%E8%8C%B6%E5%9D%8A%20%E9%BA%BB%E8%B1%86%E8%88%88%E4%B8%AD%E5%BA%97%20%E5%8F%B0%E5%8D%97%E5%B8%82%E9%BA%BB%E8%B1%86%E5%8D%80%E8%88%88%E4%B8%AD%E8%B7%AF44%E8%99%9F&hl=zh-TW#sv=CAESzQEKuQEStgEKd0FKaVQ0dElOenR3UWw0emoycm4zMERWZ25OSEdTQUU4dGlGaGRPNmNNQmUxbzYyV190eElEbUpHRE9ueGVCbWxCb3ZEWEcwQi1ENGtsZEcwRE9mSi1YLXlZS1JqUXJNRmZJVE10MjdwME1SVWU0dG5TOVp0cTFZEhd5eGRoYXRlZEhwLW0xZThQOTVHbXVRVRoiQURzcjlmU09Zb2FVY1F6dkhTdUZEd0ZVdG5NRDM0M2piQRIEODEyNBoBMyoAMAA4AUAAGCogn4PjjAc6AEoCEAE","Playwright batch opened Google Order flow and read visible pickup/delivery providers."
"macu-tw-148","嘉義仁愛店","南部","嘉義市","西區","嘉義市西區仁愛路202號1樓","05-2291818","confirmed","confirmed","true","true","","foodpanda、Uber Eats","LINE、Uber Eats、foodpanda、食在麻吉 eathere","Uber Eats、foodpanda","https://www.google.com/search?q=%E9%BA%BB%E5%8F%A4%E8%8C%B6%E5%9D%8A+%E5%98%89%E7%BE%A9%E4%BB%81%E6%84%9B%E5%BA%97+%E5%98%89%E7%BE%A9%E5%B8%82%E8%A5%BF%E5%8D%80%E4%BB%81%E6%84%9B%E8%B7%AF202%E8%99%9F1%E6%A8%93&hl=zh-TW#sv=CAESzQEKuQEStgEKd0FKaVQ0dEpaOG9sc3FsR1VoampUN19NS3kxd2tQRzluTlRxTlVaRWNKVHI1Z2Qwa0VJT1lOYWZ3QmlOUm1VNy1GT1ZVSVlGUWVKeHFBc2hvWXRGSVZfU3RWdFRBQmdRVUo1c0ZOYk94Mk5pYWRfM2cyN3Q1Q01zEhc1QmRoYW9lMk5idWd2cjBQNHJ6dDBRcxoiQURzcjlmUlJOdjdqQWR6OENpTkNmaEhvajRmTUdRNVhBdxIEODEyNBoBMyoAMAA4AUAAGCogkdWp8AI6AEoCEAE","https://www.google.com/search?q=%E9%BA%BB%E5%8F%A4%E8%8C%B6%E5%9D%8A+%E5%98%89%E7%BE%A9%E4%BB%81%E6%84%9B%E5%BA%97+%E5%98%89%E7%BE%A9%E5%B8%82%E8%A5%BF%E5%8D%80%E4%BB%81%E6%84%9B%E8%B7%AF202%E8%99%9F1%E6%A8%93&hl=zh-TW#sv=CAESzQEKuQEStgEKd0FKaVQ0dEpaOG9sc3FsR1VoampUN19NS3kxd2tQRzluTlRxTlVaRWNKVHI1Z2Qwa0VJT1lOYWZ3QmlOUm1VNy1GT1ZVSVlGUWVKeHFBc2hvWXRGSVZfU3RWdFRBQmdRVUo1c0ZOYk94Mk5pYWRfM2cyN3Q1Q01zEhc1QmRoYW9lMk5idWd2cjBQNHJ6dDBRcxoiQURzcjlmUlJOdjdqQWR6OENpTkNmaEhvajRmTUdRNVhBdxIEODEyNBoBMyoAMAA4AUAAGCogkdWp8AI6AEoCEAE","Playwright batch opened Google Order flow and read visible pickup/delivery providers."
"macu-tw-146","嘉義友愛店","南部","嘉義市","西區","嘉義市西區友愛路99號","05-2910716","confirmed","confirmed","true","true","foodpanda","foodpanda、Uber Eats","LINE、Uber Eats、foodpanda、食在麻吉 eathere","Uber Eats、foodpanda","https://www.google.com/search?q=%E9%BA%BB%E5%8F%A4%E8%8C%B6%E5%9D%8A%20%E5%98%89%E7%BE%A9%E5%8F%8B%E6%84%9B%E5%BA%97%20%E5%98%89%E7%BE%A9%E5%B8%82%E8%A5%BF%E5%8D%80%E5%8F%8B%E6%84%9B%E8%B7%AF99%E8%99%9F&hl=zh-TW#sv=CAESzAEKuAEStQEKd0FKaVQ0dEpnQmVCMkg0aF9LTVJabGhiMF96YnpNSWFuM2FUVkprUVNwTXJyUlBYRkxDSDRRblBZOWdpWjIyWk9saUtNakdGOS1wSndRd25EeVdWM0laSkpkRGIxUmExYjZRWndTX1lSUW1ZamdjOEVNWjc2NVFrEhZfeGRoYW91ckR0dTh2cjBQNWFLc0tRGiJBRHNyOWZTMHJlRE5JcHBPeXphcUo4LWlVQUktbmhLMXRBEgQ4MTI0GgEzKgAwADgBQAAYKiDg_pHkDzoASgIQAQ","https://www.google.com/search?q=%E9%BA%BB%E5%8F%A4%E8%8C%B6%E5%9D%8A%20%E5%98%89%E7%BE%A9%E5%8F%8B%E6%84%9B%E5%BA%97%20%E5%98%89%E7%BE%A9%E5%B8%82%E8%A5%BF%E5%8D%80%E5%8F%8B%E6%84%9B%E8%B7%AF99%E8%99%9F&hl=zh-TW#sv=CAESzAEKuAEStQEKd0FKaVQ0dEpnQmVCMkg0aF9LTVJabGhiMF96YnpNSWFuM2FUVkprUVNwTXJyUlBYRkxDSDRRblBZOWdpWjIyWk9saUtNakdGOS1wSndRd25EeVdWM0laSkpkRGIxUmExYjZRWndTX1lSUW1ZamdjOEVNWjc2NVFrEhZfeGRoYW91ckR0dTh2cjBQNWFLc0tRGiJBRHNyOWZTMHJlRE5JcHBPeXphcUo4LWlVQUktbmhLMXRBEgQ4MTI0GgEzKgAwADgBQAAYKiDg_pHkDzoASgIQAQ","Playwright batch opened Google Order flow and read visible pickup/delivery providers."
"macu-tw-147","嘉義秀泰店","南部","嘉義市","","嘉義市文化路291號","05-2225353","confirmed","confirmed","true","true","","foodpanda、Uber Eats","LINE、Uber Eats、foodpanda、食在麻吉 eathere","Uber Eats、foodpanda","https://www.google.com/search?q=%E9%BA%BB%E5%8F%A4%E8%8C%B6%E5%9D%8A%20%E5%98%89%E7%BE%A9%E7%A7%80%E6%B3%B0%E5%BA%97%20%E5%98%89%E7%BE%A9%E5%B8%82%E6%96%87%E5%8C%96%E8%B7%AF291%E8%99%9F&hl=zh-TW#sv=CAESzQEKuQEStgEKd0FKaVQ0dElPMXBFM0lzWGFJMFcwdDR5VW8xZGhXTjhVMnFQaFV4TUxBY0duOEJVMmxrZmhjTVNIOHlJMnlaTmxuOWp1a2s0MWYtZU96UjJydUxlTFozZnFQZ3FlSm5rcjFzYmdKMkFXNk1lWll4LWZabUdrNUNjEhdHUmhoYXR2TkpfdXp2cjBQdDkyVjZBTRoiQURzcjlmVGxuV01KeUNGOHJuT2VpRHI3aElYYVhwWkVhURIEODEyNBoBMyoAMAA4AUAAGCog8JWT5Ao6AEoCEAE","https://www.google.com/search?q=%E9%BA%BB%E5%8F%A4%E8%8C%B6%E5%9D%8A%20%E5%98%89%E7%BE%A9%E7%A7%80%E6%B3%B0%E5%BA%97%20%E5%98%89%E7%BE%A9%E5%B8%82%E6%96%87%E5%8C%96%E8%B7%AF291%E8%99%9F&hl=zh-TW#sv=CAESzQEKuQEStgEKd0FKaVQ0dElPMXBFM0lzWGFJMFcwdDR5VW8xZGhXTjhVMnFQaFV4TUxBY0duOEJVMmxrZmhjTVNIOHlJMnlaTmxuOWp1a2s0MWYtZU96UjJydUxlTFozZnFQZ3FlSm5rcjFzYmdKMkFXNk1lWll4LWZabUdrNUNjEhdHUmhoYXR2TkpfdXp2cjBQdDkyVjZBTRoiQURzcjlmVGxuV01KeUNGOHJuT2VpRHI3aElYYVhwWkVhURIEODEyNBoBMyoAMAA4AUAAGCog8JWT5Ao6AEoCEAE","Playwright batch opened Google Order flow and read visible pickup/delivery providers."
"macu-tw-143","嘉義大林店","南部","嘉義縣","大林鎮","嘉義縣大林鎮西林里仁愛路16-1號","05-2650828","confirmed","no_gmb_order_button","true","false","","","LINE、食在麻吉 eathere","","https://www.google.com/search?q=%E9%BA%BB%E5%8F%A4%E8%8C%B6%E5%9D%8A%20%E5%98%89%E7%BE%A9%E5%A4%A7%E6%9E%97%E5%BA%97%20%E5%98%89%E7%BE%A9%E7%B8%A3%E5%A4%A7%E6%9E%97%E9%8E%AE%E8%A5%BF%E6%9E%97%E9%87%8C%E4%BB%81%E6%84%9B%E8%B7%AF16-1%E8%99%9F&hl=zh-TW","","Named GMB profile matched, but no Google Order entry was opened."
"macu-tw-145","嘉義太保店","南部","嘉義縣","太保市","嘉義縣太保市祥和三路東段176號","05-3623988","confirmed","confirmed","true","true","","foodpanda、Uber Eats","LINE、Uber Eats、foodpanda、食在麻吉 eathere","Uber Eats、foodpanda","https://www.google.com/search?q=%E9%BA%BB%E5%8F%A4%E8%8C%B6%E5%9D%8A+%E5%98%89%E7%BE%A9%E5%A4%AA%E4%BF%9D%E5%BA%97+%E5%98%89%E7%BE%A9%E7%B8%A3%E5%A4%AA%E4%BF%9D%E5%B8%82%E7%A5%A5%E5%92%8C%E4%B8%89%E8%B7%AF%E6%9D%B1%E6%AE%B5176%E8%99%9F&hl=zh-TW#sv=CAESzAEKuAEStQEKd0FKaVQ0dEtmYnJQQkZkUGlxRmpINFQxX2VoVmlmRmZTbHF6c0Z1Vkl0V1UyZ01JRXRhYUp6MEFWMnhHWVZWa0NhRWVicXkyRUZReC1rXzVfWkVFMUhqU1ZkRmlwajM5RnZqX216dzNLalpLUk92T2V1YlYyWkYwEhZTQmhoYXBYYkFwMm92cjBQMVpLUElRGiJBRHNyOWZTZHM3S1BSb3Z3TjF6RGJ0akxXQ1g5cGFjTDRREgQ4MTI0GgEzKgAwADgBQAAYKiCwsZL4DzoASgIQAQ","https://www.google.com/search?q=%E9%BA%BB%E5%8F%A4%E8%8C%B6%E5%9D%8A+%E5%98%89%E7%BE%A9%E5%A4%AA%E4%BF%9D%E5%BA%97+%E5%98%89%E7%BE%A9%E7%B8%A3%E5%A4%AA%E4%BF%9D%E5%B8%82%E7%A5%A5%E5%92%8C%E4%B8%89%E8%B7%AF%E6%9D%B1%E6%AE%B5176%E8%99%9F&hl=zh-TW#sv=CAESzAEKuAEStQEKd0FKaVQ0dEtmYnJQQkZkUGlxRmpINFQxX2VoVmlmRmZTbHF6c0Z1Vkl0V1UyZ01JRXRhYUp6MEFWMnhHWVZWa0NhRWVicXkyRUZReC1rXzVfWkVFMUhqU1ZkRmlwajM5RnZqX216dzNLalpLUk92T2V1YlYyWkYwEhZTQmhoYXBYYkFwMm92cjBQMVpLUElRGiJBRHNyOWZTZHM3S1BSb3Z3TjF6RGJ0akxXQ1g5cGFjTDRREgQ4MTI0GgEzKgAwADgBQAAYKiCwsZL4DzoASgIQAQ","Playwright batch opened Google Order flow and read visible pickup/delivery providers."
"macu-tw-142","嘉義朴子店","南部","嘉義縣","朴子市","嘉義縣朴子市文化里海通路72號","05-3700161","confirmed","confirmed","true","true","foodpanda","foodpanda","LINE、foodpanda、食在麻吉 eathere","foodpanda","https://www.google.com/search?q=%E9%BA%BB%E5%8F%A4%E8%8C%B6%E5%9D%8A+%E5%98%89%E7%BE%A9%E6%9C%B4%E5%AD%90%E5%BA%97+%E5%98%89%E7%BE%A9%E7%B8%A3%E6%9C%B4%E5%AD%90%E5%B8%82%E6%96%87%E5%8C%96%E9%87%8C%E6%B5%B7%E9%80%9A%E8%B7%AF72%E8%99%9F&hl=zh-TW#sv=CAESzQEKuQEStgEKd0FKaVQ0dEsyUVNUcEd6ZDk0S1pGc3Bhem1PNE1kVklDVHAzTmNXR3NuZDdxbDJxckZKSmI5VGgtZ3ZJZ0VZZlRxM1plVk1YSE1SeldMMDZJMkpqalBtd2ZTRmJZVG5VRkdvdUMtam9ESmFHZE9qN3I5OXFOVzUwEhdZUmhoYXVuWEUtcWR2cjBQNXFEUGtBVRoiQURzcjlmU3FKei1RUXJSWkRoWERQZTBpVkxQV3BKRzRxdxIEODEyNBoBMyoAMAA4AUAAGCog2cHabjoASgIQAQ","https://www.google.com/search?q=%E9%BA%BB%E5%8F%A4%E8%8C%B6%E5%9D%8A+%E5%98%89%E7%BE%A9%E6%9C%B4%E5%AD%90%E5%BA%97+%E5%98%89%E7%BE%A9%E7%B8%A3%E6%9C%B4%E5%AD%90%E5%B8%82%E6%96%87%E5%8C%96%E9%87%8C%E6%B5%B7%E9%80%9A%E8%B7%AF72%E8%99%9F&hl=zh-TW#sv=CAESzQEKuQEStgEKd0FKaVQ0dEsyUVNUcEd6ZDk0S1pGc3Bhem1PNE1kVklDVHAzTmNXR3NuZDdxbDJxckZKSmI5VGgtZ3ZJZ0VZZlRxM1plVk1YSE1SeldMMDZJMkpqalBtd2ZTRmJZVG5VRkdvdUMtam9ESmFHZE9qN3I5OXFOVzUwEhdZUmhoYXVuWEUtcWR2cjBQNXFEUGtBVRoiQURzcjlmU3FKei1RUXJSWkRoWERQZTBpVkxQV3BKRzRxdxIEODEyNBoBMyoAMAA4AUAAGCog2cHabjoASgIQAQ","Playwright batch opened Google Order flow and read visible pickup/delivery providers."
"macu-tw-141","嘉義竹崎店","南部","嘉義縣","竹崎鄉","嘉義縣竹崎鄉和平村坑仔坪141號","05-2611998","confirmed","no_gmb_order_button","true","false","","","LINE、食在麻吉 eathere","","https://www.google.com/search?q=%E9%BA%BB%E5%8F%A4%E8%8C%B6%E5%9D%8A%20%E5%98%89%E7%BE%A9%E7%AB%B9%E5%B4%8E%E5%BA%97%20%E5%98%89%E7%BE%A9%E7%B8%A3%E7%AB%B9%E5%B4%8E%E9%84%89%E5%92%8C%E5%B9%B3%E6%9D%91%E5%9D%91%E4%BB%94%E5%9D%AA141%E8%99%9F&hl=zh-TW","","Named GMB profile matched, but no Google Order entry was opened."
"macu-tw-144","民雄建國店","南部","嘉義縣","民雄鄉","嘉義縣民雄鄉建國路二段68號","05-2130101","confirmed","confirmed","true","true","","foodpanda、Uber Eats","LINE、Uber Eats、foodpanda、食在麻吉 eathere","Uber Eats、foodpanda","https://www.google.com/search?q=%E9%BA%BB%E5%8F%A4%E8%8C%B6%E5%9D%8A%20%E6%B0%91%E9%9B%84%E5%BB%BA%E5%9C%8B%E5%BA%97%20%E5%98%89%E7%BE%A9%E7%B8%A3%E6%B0%91%E9%9B%84%E9%84%89%E5%BB%BA%E5%9C%8B%E8%B7%AF%E4%BA%8C%E6%AE%B568%E8%99%9F&hl=zh-TW#sv=CAESzQEKuQEStgEKd0FKaVQ0dExMVHdSNU5id1I5Vk9pd05yODhkdnh5M3dFXzdTam4zZ3RvMzVjNmJNUmg1MlE3cG14a2xrTkowbTdiMC1Da1B2SjFUMUswOTk1c1JhU0ZhekhnQk40NzlrdFdlZkZDSDJ3d0pHS0o4cmJ2M2JTNTJvEhdpUmhoYXA3M0Y0dnQxZThQaDlLci1BWRoiQURzcjlmVEJ2MFd0VTRCZzVnZ0xpYjFVWHRTVUM1YzhJZxIEODEyNBoBMyoAMAA4AUAAGCogx6iNqgM6AEoCEAE","https://www.google.com/search?q=%E9%BA%BB%E5%8F%A4%E8%8C%B6%E5%9D%8A+%E6%B0%91%E9%9B%84%E5%BB%BA%E5%9C%8B%E5%BA%97+%E5%98%89%E7%BE%A9%E7%B8%A3%E6%B0%91%E9%9B%84%E9%84%89%E5%BB%BA%E5%9C%8B%E8%B7%AF%E4%BA%8C%E6%AE%B568%E8%99%9F&hl=zh-TW#sv=CAESzQEKuQEStgEKd0FKaVQ0dExMVHdSNU5id1I5Vk9pd05yODhkdnh5M3dFXzdTam4zZ3RvMzVjNmJNUmg1MlE3cG14a2xrTkowbTdiMC1Da1B2SjFUMUswOTk1c1JhU0ZhekhnQk40NzlrdFdlZkZDSDJ3d0pHS0o4cmJ2M2JTNTJvEhdpUmhoYXA3M0Y0dnQxZThQaDlLci1BWRoiQURzcjlmVEJ2MFd0VTRCZzVnZ0xpYjFVWHRTVUM1YzhJZxIEODEyNBoBMyoAMAA4AUAAGCogx6iNqgM6AEoCEAE","Playwright batch opened Google Order flow and read visible pickup/delivery providers."
"macu-tw-358","屏東勝利店","南部","屏東縣","屏東市","屏東縣屏東市勝利路198-2號","08-7336797","confirmed","no_gmb_order_button","true","false","","","LINE、食在麻吉 eathere","","https://www.google.com/search?q=%E9%BA%BB%E5%8F%A4%E8%8C%B6%E5%9D%8A%20%E5%B1%8F%E6%9D%B1%E5%8B%9D%E5%88%A9%E5%BA%97%20%E5%B1%8F%E6%9D%B1%E7%B8%A3%E5%B1%8F%E6%9D%B1%E5%B8%82%E5%8B%9D%E5%88%A9%E8%B7%AF198-2%E8%99%9F&hl=zh-TW","","Named GMB profile matched, but no Google Order entry was opened."
"macu-tw-347","屏東墾丁店","南部","屏東縣","恆春鎮","屏東縣恆春鎮墾丁路206號","08-8861033","confirmed","no_gmb_order_button","true","false","","","LINE、食在麻吉 eathere","","https://www.google.com/search?q=%E9%BA%BB%E5%8F%A4%E8%8C%B6%E5%9D%8A%20%E5%B1%8F%E6%9D%B1%E5%A2%BE%E4%B8%81%E5%BA%97%20%E5%B1%8F%E6%9D%B1%E7%B8%A3%E6%81%86%E6%98%A5%E9%8E%AE%E5%A2%BE%E4%B8%81%E8%B7%AF206%E8%99%9F&hl=zh-TW","","Named GMB profile matched, but no Google Order entry was opened."
"macu-tw-344","屏東小琉球店","南部","屏東縣","琉球鄉","屏東縣琉球鄉民生路21號","08-8612826","confirmed","no_gmb_order_button","true","false","","","LINE、食在麻吉 eathere","","https://www.google.com/search?q=%E9%BA%BB%E5%8F%A4%E8%8C%B6%E5%9D%8A%20%E5%B1%8F%E6%9D%B1%E5%B0%8F%E7%90%89%E7%90%83%E5%BA%97%20%E5%B1%8F%E6%9D%B1%E7%B8%A3%E7%90%89%E7%90%83%E9%84%89%E6%B0%91%E7%94%9F%E8%B7%AF21%E8%99%9F&hl=zh-TW","","Named GMB profile matched, but no Google Order entry was opened."
"macu-tw-355","屏東屏中店","南部","屏東縣","屏東市","屏東市廣東路819號","08-7322193","confirmed","confirmed","true","true","","foodpanda、Uber Eats","LINE、Uber Eats、foodpanda、食在麻吉 eathere","Uber Eats、foodpanda","https://www.google.com/search?q=%E9%BA%BB%E5%8F%A4%E8%8C%B6%E5%9D%8A%20%E5%B1%8F%E6%9D%B1%E5%B1%8F%E4%B8%AD%E5%BA%97%20%E5%B1%8F%E6%9D%B1%E5%B8%82%E5%BB%A3%E6%9D%B1%E8%B7%AF819%E8%99%9F&hl=zh-TW#sv=CAESzQEKuQEStgEKd0FKaVQ0dEl3UWFIaEVxVmdkVkQyaFl1blFLY21zN2RoQ01MWlJGclQ5Z1lSLXVuRGhVSWpEX1RLS0ppLUVsSmJBUW1nbnVGOWFValhWZTNqZkpkcklDRDRMSEJaQ2NpNTZSa2NyTzBBWkVEb09vU0tMSEM0bmNjEhcyeGhoYXFETExMbkd2cjBQeWVubjBRdxoiQURzcjlmUUVhRVZkUjdqWmVYVmZfNXFlR0plX1VmRG1JZxIEODEyNBoBMyoAMAA4AUAAGCogn8rmlgY6AEoCEAE","https://www.google.com/search?q=%E9%BA%BB%E5%8F%A4%E8%8C%B6%E5%9D%8A%20%E5%B1%8F%E6%9D%B1%E5%B1%8F%E4%B8%AD%E5%BA%97%20%E5%B1%8F%E6%9D%B1%E5%B8%82%E5%BB%A3%E6%9D%B1%E8%B7%AF819%E8%99%9F&hl=zh-TW#sv=CAESzQEKuQEStgEKd0FKaVQ0dEl3UWFIaEVxVmdkVkQyaFl1blFLY21zN2RoQ01MWlJGclQ5Z1lSLXVuRGhVSWpEX1RLS0ppLUVsSmJBUW1nbnVGOWFValhWZTNqZkpkcklDRDRMSEJaQ2NpNTZSa2NyTzBBWkVEb09vU0tMSEM0bmNjEhcyeGhoYXFETExMbkd2cjBQeWVubjBRdxoiQURzcjlmUUVhRVZkUjdqWmVYVmZfNXFlR0plX1VmRG1JZxIEODEyNBoBMyoAMAA4AUAAGCogn8rmlgY6AEoCEAE","Playwright batch opened Google Order flow and read visible pickup/delivery providers."
"macu-tw-336","屏東崇蘭店","南部","屏東縣","屏東市","屏東市廣東路1350號","08-7330888","confirmed","confirmed","true","true","","foodpanda、Uber Eats","LINE、Uber Eats、foodpanda、食在麻吉 eathere","Uber Eats、foodpanda","https://www.google.com/search?q=%E9%BA%BB%E5%8F%A4%E8%8C%B6%E5%9D%8A%20%E5%B1%8F%E6%9D%B1%E5%B4%87%E8%98%AD%E5%BA%97%20%E5%B1%8F%E6%9D%B1%E5%B8%82%E5%BB%A3%E6%9D%B1%E8%B7%AF1350%E8%99%9F&hl=zh-TW&sei=exlhapGnLIjl1e8P897IqAM#sv=CAESzQEKuQEStgEKd0FKaVQ0dExOcVkyZkRUSzI5NGZKeGx5UUdzNWFhMEt4Zng1ZTduTGVuU0hWc0xHbHVfOVAzR2ZhNldCWHhYLWlNbHBhVWlvVkx3ZWF1dl9mNW1BMk5QemZXYjBsX1d5aFpqNnc2My1FN19PZXlsaERYcG5udHZnEhdleGxoYXM2NE5OQ0F2cjBQXzVXRW9BSRoiQURzcjlmUUtEaV9IWHFsN2xEazJKZ0hCaENjNm9IV2V1URIEODEyNBoBMyoAMAA4AUAAGCoghYCo3g86AEoCEAE","https://www.google.com/search?q=%E9%BA%BB%E5%8F%A4%E8%8C%B6%E5%9D%8A%20%E5%B1%8F%E6%9D%B1%E5%B4%87%E8%98%AD%E5%BA%97%20%E5%B1%8F%E6%9D%B1%E5%B8%82%E5%BB%A3%E6%9D%B1%E8%B7%AF1350%E8%99%9F&hl=zh-TW&sei=exlhapGnLIjl1e8P897IqAM#sv=CAESzQEKuQEStgEKd0FKaVQ0dExOcVkyZkRUSzI5NGZKeGx5UUdzNWFhMEt4Zng1ZTduTGVuU0hWc0xHbHVfOVAzR2ZhNldCWHhYLWlNbHBhVWlvVkx3ZWF1dl9mNW1BMk5QemZXYjBsX1d5aFpqNnc2My1FN19PZXlsaERYcG5udHZnEhdleGxoYXM2NE5OQ0F2cjBQXzVXRW9BSRoiQURzcjlmUUtEaV9IWHFsN2xEazJKZ0hCaENjNm9IV2V1URIEODEyNBoBMyoAMAA4AUAAGCoghYCo3g86AEoCEAE","Playwright batch opened Google Order flow and read visible pickup/delivery providers."
"macu-tw-359","屏東廣東店","南部","屏東縣","屏東市","屏東縣屏東市華山里廣東路469號","08-7383008","confirmed","confirmed","true","true","foodpanda","foodpanda、Uber Eats","LINE、Uber Eats、foodpanda、食在麻吉 eathere","Uber Eats、foodpanda","https://www.google.com/search?q=%E9%BA%BB%E5%8F%A4%E8%8C%B6%E5%9D%8A%20%E5%B1%8F%E6%9D%B1%E5%BB%A3%E6%9D%B1%E5%BA%97%20%E5%B1%8F%E6%9D%B1%E7%B8%A3%E5%B1%8F%E6%9D%B1%E5%B8%82%E8%8F%AF%E5%B1%B1%E9%87%8C%E5%BB%A3%E6%9D%B1%E8%B7%AF469%E8%99%9F&hl=zh-TW#sv=CAESzQEKuQEStgEKd0FKaVQ0dEwyX3kyTFZFM3ByRWZURXZ1SURVTnk5eVA1c2pkbEpyRXZBRWY4bkstZWpmQjZVcnpFZGN1WFc5QWZ6MGRTVWE3a2h3SUVIMjJUcGRncVZnQm9vZzBzMzNQcnhqeHhRUjVENjVGc0FvOW83M1ZpRmtnEhdTaXBoYXRUQ0JkTGkxZThQaE5xaTZRWRoiQURzcjlmUS1lUXRHOTZwLWJpRVlLVGpZR29vOHZnUDVfdxIEODEyNBoBMyoAMAA4AUAAGCogjfnPwgM6AEoCEAE","https://www.google.com/search?q=%E9%BA%BB%E5%8F%A4%E8%8C%B6%E5%9D%8A%20%E5%B1%8F%E6%9D%B1%E5%BB%A3%E6%9D%B1%E5%BA%97%20%E5%B1%8F%E6%9D%B1%E7%B8%A3%E5%B1%8F%E6%9D%B1%E5%B8%82%E8%8F%AF%E5%B1%B1%E9%87%8C%E5%BB%A3%E6%9D%B1%E8%B7%AF469%E8%99%9F&hl=zh-TW#sv=CAESzQEKuQEStgEKd0FKaVQ0dEwyX3kyTFZFM3ByRWZURXZ1SURVTnk5eVA1c2pkbEpyRXZBRWY4bkstZWpmQjZVcnpFZGN1WFc5QWZ6MGRTVWE3a2h3SUVIMjJUcGRncVZnQm9vZzBzMzNQcnhqeHhRUjVENjVGc0FvOW83M1ZpRmtnEhdTaXBoYXRUQ0JkTGkxZThQaE5xaTZRWRoiQURzcjlmUS1lUXRHOTZwLWJpRVlLVGpZR29vOHZnUDVfdxIEODEyNBoBMyoAMAA4AUAAGCogjfnPwgM6AEoCEAE","Playwright batch opened Google Order flow and read visible pickup/delivery providers."
"macu-tw-346","屏東廣濟店","南部","屏東縣","屏東市內埔鄉","屏東市內埔鄉廣濟路245號","08-7799662","confirmed","confirmed","true","true","","Uber Eats","LINE、Uber Eats、食在麻吉 eathere","Uber Eats","https://www.google.com/search?q=%E9%BA%BB%E5%8F%A4%E8%8C%B6%E5%9D%8A+%E5%B1%8F%E6%9D%B1%E5%BB%A3%E6%BF%9F%E5%BA%97+%E5%B1%8F%E6%9D%B1%E5%B8%82%E5%85%A7%E5%9F%94%E9%84%89%E5%BB%A3%E6%BF%9F%E8%B7%AF245%E8%99%9F&hl=zh-TW#sv=CAESzQEKuQEStgEKd0FKaVQ0dExSQ3F3Y1QtRFN4cXBoMGQtejh5bE84X2JFc0NnT19CQnZtNG16M29ELXNVeHlxWjZZcm02a0ZVSXptOGZSZnZsZ2gtM29oSnY3aElMLTZUVllTQ25CSjRKUmwzSnlKTXhldFh2czBRVGl1Z2RRbnlREhd1UmxoYXQ3T0hhLTR2cjBQMXN1TnFBURoiQURzcjlmUk93STNqbk50Z1RHZGFEMHFsZ0RpcFI0ZFR2dxIEODEyNBoBMyoAMAA4AUAAGCogrM729QM6AEoCEAE","https://www.google.com/search?q=%E9%BA%BB%E5%8F%A4%E8%8C%B6%E5%9D%8A+%E5%B1%8F%E6%9D%B1%E5%BB%A3%E6%BF%9F%E5%BA%97+%E5%B1%8F%E6%9D%B1%E5%B8%82%E5%85%A7%E5%9F%94%E9%84%89%E5%BB%A3%E6%BF%9F%E8%B7%AF245%E8%99%9F&hl=zh-TW#sv=CAESzQEKuQEStgEKd0FKaVQ0dExSQ3F3Y1QtRFN4cXBoMGQtejh5bE84X2JFc0NnT19CQnZtNG16M29ELXNVeHlxWjZZcm02a0ZVSXptOGZSZnZsZ2gtM29oSnY3aElMLTZUVllTQ25CSjRKUmwzSnlKTXhldFh2czBRVGl1Z2RRbnlREhd1UmxoYXQ3T0hhLTR2cjBQMXN1TnFBURoiQURzcjlmUk93STNqbk50Z1RHZGFEMHFsZ0RpcFI0ZFR2dxIEODEyNBoBMyoAMAA4AUAAGCogrM729QM6AEoCEAE","Playwright batch opened Google Order flow and read visible pickup/delivery providers."
"macu-tw-338","屏東枋寮店","南部","屏東縣","枋寮鄉","屏東縣枋寮鄉中山路 231號","08-8784765","confirmed","no_gmb_order_button","true","false","","","LINE、食在麻吉 eathere","","https://www.google.com/search?q=%E9%BA%BB%E5%8F%A4%E8%8C%B6%E5%9D%8A%20%E5%B1%8F%E6%9D%B1%E6%9E%8B%E5%AF%AE%E5%BA%97%20%E5%B1%8F%E6%9D%B1%E7%B8%A3%E6%9E%8B%E5%AF%AE%E9%84%89%E4%B8%AD%E5%B1%B1%E8%B7%AF%20231%E8%99%9F&hl=zh-TW","","Named GMB profile matched, but no Google Order entry was opened."
"macu-tw-349","屏東林森店","南部","屏東縣","屏東市","屏東市林森路119-1號","08-7660336","confirmed","confirmed","true","true","","foodpanda、Uber Eats","LINE、Uber Eats、foodpanda、食在麻吉 eathere","Uber Eats、foodpanda","https://www.google.com/search?q=%E9%BA%BB%E5%8F%A4%E8%8C%B6%E5%9D%8A%20%E5%B1%8F%E6%9D%B1%E6%9E%97%E6%A3%AE%E5%BA%97%20%E5%B1%8F%E6%9D%B1%E5%B8%82%E6%9E%97%E6%A3%AE%E8%B7%AF119-1%E8%99%9F&hl=zh-TW#sv=CAESzQEKuQEStgEKd0FKaVQ0dExPaTBWUUQ0eVdTTzVPb1EtSFpHMXVNWTdwN3R6UmpjTUFzVkFkSUJyeXlmbHdMc2N6Z1ltcGhnLWpyS1lmNXpCQlF0amRFNXM4SFlhZENteXpBRzFJaDd6OFNLZUN1LTY3QUtMaVlndWhLdWpZVS1FEhc0UmxoYW9mWkthMi12cjBQcEpHLWdBURoiQURzcjlmUmU2RWxfQ0FTSEstYTA4NjBSYWNQU0RWd0M1dxIEODEyNBoBMyoAMAA4AUAAGCogos_ajgs6AEoCEAE","https://www.google.com/search?q=%E9%BA%BB%E5%8F%A4%E8%8C%B6%E5%9D%8A%20%E5%B1%8F%E6%9D%B1%E6%9E%97%E6%A3%AE%E5%BA%97%20%E5%B1%8F%E6%9D%B1%E5%B8%82%E6%9E%97%E6%A3%AE%E8%B7%AF119-1%E8%99%9F&hl=zh-TW#sv=CAESzQEKuQEStgEKd0FKaVQ0dExPaTBWUUQ0eVdTTzVPb1EtSFpHMXVNWTdwN3R6UmpjTUFzVkFkSUJyeXlmbHdMc2N6Z1ltcGhnLWpyS1lmNXpCQlF0amRFNXM4SFlhZENteXpBRzFJaDd6OFNLZUN1LTY3QUtMaVlndWhLdWpZVS1FEhc0UmxoYW9mWkthMi12cjBQcEpHLWdBURoiQURzcjlmUmU2RWxfQ0FTSEstYTA4NjBSYWNQU0RWd0M1dxIEODEyNBoBMyoAMAA4AUAAGCogos_ajgs6AEoCEAE","Playwright batch opened Google Order flow and read visible pickup/delivery providers."
"macu-tw-357","屏東棒球店","南部","屏東縣","屏東市","屏東縣屏東市棒球路202號","08-7518300","confirmed","no_gmb_order_button","true","false","","","LINE、食在麻吉 eathere","","https://www.google.com/search?q=%E9%BA%BB%E5%8F%A4%E8%8C%B6%E5%9D%8A%20%E5%B1%8F%E6%9D%B1%E6%A3%92%E7%90%83%E5%BA%97%20%E5%B1%8F%E6%9D%B1%E7%B8%A3%E5%B1%8F%E6%9D%B1%E5%B8%82%E6%A3%92%E7%90%83%E8%B7%AF202%E8%99%9F&hl=zh-TW","","Named GMB profile matched, but no Google Order entry was opened."
"macu-tw-352","屏東民族店","南部","屏東縣","屏東市","屏東市民族路54號","08-7327058","confirmed","confirmed","true","true","foodpanda","foodpanda、Uber Eats","LINE、Uber Eats、foodpanda、食在麻吉 eathere","Uber Eats、foodpanda","https://www.google.com/search?q=%E9%BA%BB%E5%8F%A4%E8%8C%B6%E5%9D%8A%20%E5%B1%8F%E6%9D%B1%E6%B0%91%E6%97%8F%E5%BA%97%20%E5%B1%8F%E6%9D%B1%E5%B8%82%E6%B0%91%E6%97%8F%E8%B7%AF54%E8%99%9F&hl=zh-TW#sv=CAESzQEKuQEStgEKd0FKaVQ0dEtieE81Z1NiTU92SXdrWmJtR0dRRG5UaEx0SUhKbDZBUGRZVlRUdWhVMFp6YXBjN20wWHNveFR0cFR4Y3g4aFJaSGxodGxFdndpNzh1QlVyUkthVk1XMGMtRVR3eXdhUjQ0VmVZQzViemNENGJNa2FnEhdHQnBoYXVuNEJfalcxZThQbFpXR2lRWRoiQURzcjlmUTR3eklTTmlmSG1JMDNOX29EVFBWdTB4ME9CdxIEODEyNBoBMyoAMAA4AUAAGCogmOuVsQE6AEoCEAE","https://www.google.com/search?q=%E9%BA%BB%E5%8F%A4%E8%8C%B6%E5%9D%8A%20%E5%B1%8F%E6%9D%B1%E6%B0%91%E6%97%8F%E5%BA%97%20%E5%B1%8F%E6%9D%B1%E5%B8%82%E6%B0%91%E6%97%8F%E8%B7%AF54%E8%99%9F&hl=zh-TW#sv=CAESzQEKuQEStgEKd0FKaVQ0dEtieE81Z1NiTU92SXdrWmJtR0dRRG5UaEx0SUhKbDZBUGRZVlRUdWhVMFp6YXBjN20wWHNveFR0cFR4Y3g4aFJaSGxodGxFdndpNzh1QlVyUkthVk1XMGMtRVR3eXdhUjQ0VmVZQzViemNENGJNa2FnEhdHQnBoYXVuNEJfalcxZThQbFpXR2lRWRoiQURzcjlmUTR3eklTTmlmSG1JMDNOX29EVFBWdTB4ME9CdxIEODEyNBoBMyoAMAA4AUAAGCogmOuVsQE6AEoCEAE","Playwright batch opened Google Order flow and read visible pickup/delivery providers."
"macu-tw-354","屏東民生店","南部","屏東縣","屏東市","屏東市民生路31-10號","08-7228800","confirmed","confirmed","true","true","","foodpanda、Uber Eats","LINE、Uber Eats、foodpanda、食在麻吉 eathere","Uber Eats、foodpanda","https://www.google.com/search?q=%E9%BA%BB%E5%8F%A4%E8%8C%B6%E5%9D%8A%20%E5%B1%8F%E6%9D%B1%E6%B0%91%E7%94%9F%E5%BA%97%20%E5%B1%8F%E6%9D%B1%E5%B8%82%E6%B0%91%E7%94%9F%E8%B7%AF31-10%E8%99%9F&hl=zh-TW#sv=CAESzQEKuQEStgEKd0FKaVQ0dEliT3dnWGt1LVNqMkhaNWdzSDlBRTRSVjVWbEFuS3VSWm1keWVRWl9tN2hTZVJocHI0M1BfNEwtZXRDUWNxWWhFT0NlTUIxN2VSZWYwSWx5cTBRdlkxdUtNdncxMjM5bk5WX1FSa1hGM1pQcFZoaWZjEhdNUnBoYXJqZEdLX1gxZThQdVBHNmdBdxoiQURzcjlmU2U2UGVvN0RIT2haMWZmSkZwWjZ4U3ZURkRldxIEODEyNBoBMyoAMAA4AUAAGCogsrOYpAo6AEoCEAE","https://www.google.com/search?q=%E9%BA%BB%E5%8F%A4%E8%8C%B6%E5%9D%8A%20%E5%B1%8F%E6%9D%B1%E6%B0%91%E7%94%9F%E5%BA%97%20%E5%B1%8F%E6%9D%B1%E5%B8%82%E6%B0%91%E7%94%9F%E8%B7%AF31-10%E8%99%9F&hl=zh-TW#sv=CAESzQEKuQEStgEKd0FKaVQ0dEliT3dnWGt1LVNqMkhaNWdzSDlBRTRSVjVWbEFuS3VSWm1keWVRWl9tN2hTZVJocHI0M1BfNEwtZXRDUWNxWWhFT0NlTUIxN2VSZWYwSWx5cTBRdlkxdUtNdncxMjM5bk5WX1FSa1hGM1pQcFZoaWZjEhdNUnBoYXJqZEdLX1gxZThQdVBHNmdBdxoiQURzcjlmU2U2UGVvN0RIT2haMWZmSkZwWjZ4U3ZURkRldxIEODEyNBoBMyoAMAA4AUAAGCogsrOYpAo6AEoCEAE","Playwright batch opened Google Order flow and read visible pickup/delivery providers."
"macu-tw-350","屏東潮州延平店","南部","屏東縣","潮州鎮","屏東縣潮州鎮三和里延平路111號","08-7885566","confirmed","confirmed","true","true","foodpanda","foodpanda、Uber Eats","LINE、Uber Eats、foodpanda、食在麻吉 eathere","Uber Eats、foodpanda","https://www.google.com/search?q=%E9%BA%BB%E5%8F%A4%E8%8C%B6%E5%9D%8A+%E5%B1%8F%E6%9D%B1%E6%BD%AE%E5%B7%9E%E5%BB%B6%E5%B9%B3%E5%BA%97+%E5%B1%8F%E6%9D%B1%E7%B8%A3%E6%BD%AE%E5%B7%9E%E9%8E%AE%E4%B8%89%E5%92%8C%E9%87%8C%E5%BB%B6%E5%B9%B3%E8%B7%AF111%E8%99%9F&hl=zh-TW#sv=CAESzQEKuQEStgEKd0FKaVQ0dEx2VGVlcHZKcDN2R1dPZnoyY25UeEdKWm9vU21EYmx2ZFJRMllKYUlCNF9aaXdsUXAydjU3cThXVnpsbGo3eEpadnh5LUhmbWVkeEl6ZEpXbU1pSkU3ZjYtNDc2QWd4dHhlNUZQd3NPSHkwY1FSalpFEhdTeHBoYXFxakQ1LXl2cjBQdmJLUXdRURoiQURzcjlmVGtYRjFkbFVXM2pHeG9VYVFZNzhOdlk3V29QZxIEODEyNBoBMyoAMAA4AUAAGCogubDSkAs6AEoCEAE","https://www.google.com/search?q=%E9%BA%BB%E5%8F%A4%E8%8C%B6%E5%9D%8A+%E5%B1%8F%E6%9D%B1%E6%BD%AE%E5%B7%9E%E5%BB%B6%E5%B9%B3%E5%BA%97+%E5%B1%8F%E6%9D%B1%E7%B8%A3%E6%BD%AE%E5%B7%9E%E9%8E%AE%E4%B8%89%E5%92%8C%E9%87%8C%E5%BB%B6%E5%B9%B3%E8%B7%AF111%E8%99%9F&hl=zh-TW#sv=CAESzQEKuQEStgEKd0FKaVQ0dEx2VGVlcHZKcDN2R1dPZnoyY25UeEdKWm9vU21EYmx2ZFJRMllKYUlCNF9aaXdsUXAydjU3cThXVnpsbGo3eEpadnh5LUhmbWVkeEl6ZEpXbU1pSkU3ZjYtNDc2QWd4dHhlNUZQd3NPSHkwY1FSalpFEhdTeHBoYXFxakQ1LXl2cjBQdmJLUXdRURoiQURzcjlmVGtYRjFkbFVXM2pHeG9VYVFZNzhOdlk3V29QZxIEODEyNBoBMyoAMAA4AUAAGCogubDSkAs6AEoCEAE","Playwright batch opened Google Order flow and read visible pickup/delivery providers."
"macu-tw-343","屏東潮州新生店","南部","屏東縣","潮州鎮","屏東縣潮州鎮新榮里新生路75號","08-7800128","confirmed","confirmed","true","true","","foodpanda","LINE、foodpanda、食在麻吉 eathere","foodpanda","https://www.google.com/search?q=%E9%BA%BB%E5%8F%A4%E8%8C%B6%E5%9D%8A+%E5%B1%8F%E6%9D%B1%E6%BD%AE%E5%B7%9E%E6%96%B0%E7%94%9F%E5%BA%97+%E5%B1%8F%E6%9D%B1%E7%B8%A3%E6%BD%AE%E5%B7%9E%E9%8E%AE%E6%96%B0%E6%A6%AE%E9%87%8C%E6%96%B0%E7%94%9F%E8%B7%AF75%E8%99%9F&hl=zh-TW#sv=CAESzQEKuQEStgEKd0FKaVQ0dElkRDRpSlpCbUQySmZWUGZ4dE8ycjZwUmNqVUpPVk1ELURXQjJtU0w5dXNtVUpJcjRpbHdZZTBPQnRkX3I1VDFvR01qcUt1SGtSeWNUazIzZ1V4WU44OGlTcFJzbTFLUnFHdlljdFc2V0E1YlJzTXhJEhdZUnBoYXJPM0NhRGwxZThQOC16LTBBYxoiQURzcjlmUXhWTXd2MF8xb0VybWpMTUxhdDBtS3ZfYkNQdxIEODEyNBoBMyoAMAA4AUAAGCogt7HaqAc6AEoCEAE","https://www.google.com/search?q=%E9%BA%BB%E5%8F%A4%E8%8C%B6%E5%9D%8A+%E5%B1%8F%E6%9D%B1%E6%BD%AE%E5%B7%9E%E6%96%B0%E7%94%9F%E5%BA%97+%E5%B1%8F%E6%9D%B1%E7%B8%A3%E6%BD%AE%E5%B7%9E%E9%8E%AE%E6%96%B0%E6%A6%AE%E9%87%8C%E6%96%B0%E7%94%9F%E8%B7%AF75%E8%99%9F&hl=zh-TW#sv=CAESzQEKuQEStgEKd0FKaVQ0dElkRDRpSlpCbUQySmZWUGZ4dE8ycjZwUmNqVUpPVk1ELURXQjJtU0w5dXNtVUpJcjRpbHdZZTBPQnRkX3I1VDFvR01qcUt1SGtSeWNUazIzZ1V4WU44OGlTcFJzbTFLUnFHdlljdFc2V0E1YlJzTXhJEhdZUnBoYXJPM0NhRGwxZThQOC16LTBBYxoiQURzcjlmUXhWTXd2MF8xb0VybWpMTUxhdDBtS3ZfYkNQdxIEODEyNBoBMyoAMAA4AUAAGCogt7HaqAc6AEoCEAE","Playwright batch opened Google Order flow and read visible pickup/delivery providers."
"macu-tw-353","屏東華盛店","南部","屏東縣","屏東市","屏東市華盛街3-2號","08-7552005","confirmed","confirmed","true","true","","foodpanda、Uber Eats","LINE、Uber Eats、foodpanda、食在麻吉 eathere","Uber Eats、foodpanda","https://www.google.com/search?q=%E9%BA%BB%E5%8F%A4%E8%8C%B6%E5%9D%8A%20%E5%B1%8F%E6%9D%B1%E8%8F%AF%E7%9B%9B%E5%BA%97%20%E5%B1%8F%E6%9D%B1%E5%B8%82%E8%8F%AF%E7%9B%9B%E8%A1%973-2%E8%99%9F&hl=zh-TW#sv=CAESzQEKuQEStgEKd0FKaVQ0dElwZmJsdkxqMVpWbXlyWW9HbXlTZ1ZMYlNJcElpc3hpaXVoRUZETDFDLU43V005eXFJR3pocEtKS3JaQ2c0SktmVGlFbExfSnZVOHRYTlUtUktPV2NWeEhrOXJoZ0ZNTVlWVlVrR3FYOHFkRFZPTVZvEhdlaHBoYXNMMElwV2kxZThQa2RIdjBRURoiQURzcjlmUjZmbl9XNWlHcU9BY3hJUkdkOUNPbm1kTk5WZxIEODEyNBoBMyoAMAA4AUAAGCogn9GTxQM6AEoCEAE","https://www.google.com/search?q=%E9%BA%BB%E5%8F%A4%E8%8C%B6%E5%9D%8A%20%E5%B1%8F%E6%9D%B1%E8%8F%AF%E7%9B%9B%E5%BA%97%20%E5%B1%8F%E6%9D%B1%E5%B8%82%E8%8F%AF%E7%9B%9B%E8%A1%973-2%E8%99%9F&hl=zh-TW#sv=CAESzQEKuQEStgEKd0FKaVQ0dElwZmJsdkxqMVpWbXlyWW9HbXlTZ1ZMYlNJcElpc3hpaXVoRUZETDFDLU43V005eXFJR3pocEtKS3JaQ2c0SktmVGlFbExfSnZVOHRYTlUtUktPV2NWeEhrOXJoZ0ZNTVlWVlVrR3FYOHFkRFZPTVZvEhdlaHBoYXNMMElwV2kxZThQa2RIdjBRURoiQURzcjlmUjZmbl9XNWlHcU9BY3hJUkdkOUNPbm1kTk5WZxIEODEyNBoBMyoAMAA4AUAAGCogn9GTxQM6AEoCEAE","Playwright batch opened Google Order flow and read visible pickup/delivery providers."
"macu-tw-345","屏東萬丹店","南部","屏東縣","萬丹鄉","屏東縣萬丹鄉萬丹路一段268號","08-7770070","confirmed","no_gmb_order_button","true","false","","","LINE、食在麻吉 eathere","","https://www.google.com/search?q=%E9%BA%BB%E5%8F%A4%E8%8C%B6%E5%9D%8A%20%E5%B1%8F%E6%9D%B1%E8%90%AC%E4%B8%B9%E5%BA%97%20%E5%B1%8F%E6%9D%B1%E7%B8%A3%E8%90%AC%E4%B8%B9%E9%84%89%E8%90%AC%E4%B8%B9%E8%B7%AF%E4%B8%80%E6%AE%B5268%E8%99%9F&hl=zh-TW","","Named GMB profile matched, but no Google Order entry was opened."
"macu-tw-342","屏東里港店","南部","屏東縣","里港鄉","屏東縣里港鄉中山路54號","087753036","confirmed","no_gmb_order_button","true","false","","","LINE、食在麻吉 eathere","","https://www.google.com/search?q=%E9%BA%BB%E5%8F%A4%E8%8C%B6%E5%9D%8A%20%E5%B1%8F%E6%9D%B1%E9%87%8C%E6%B8%AF%E5%BA%97%20%E5%B1%8F%E6%9D%B1%E7%B8%A3%E9%87%8C%E6%B8%AF%E9%84%89%E4%B8%AD%E5%B1%B1%E8%B7%AF54%E8%99%9F&hl=zh-TW","","Named GMB profile matched, but no Google Order entry was opened."
"macu-tw-356","屏東陸興店","南部","屏東縣","屏東市","屏東縣屏東市廣東路79號","08-7215050","confirmed","confirmed","true","true","","foodpanda、Uber Eats","LINE、Uber Eats、foodpanda、食在麻吉 eathere","Uber Eats、foodpanda","https://www.google.com/search?q=%E9%BA%BB%E5%8F%A4%E8%8C%B6%E5%9D%8A%20%E5%B1%8F%E6%9D%B1%E9%99%B8%E8%88%88%E5%BA%97%20%E5%B1%8F%E6%9D%B1%E7%B8%A3%E5%B1%8F%E6%9D%B1%E5%B8%82%E5%BB%A3%E6%9D%B1%E8%B7%AF79%E8%99%9F&hl=zh-TW#sv=CAESzQEKuQEStgEKd0FKaVQ0dEswOUxURDBOZzNPcGZkbG5vLVQtWWhpTmN4YnBIb3R6czdTejlMNWFfWVdFalBVa0pQREIyTUlfbEJsZVdSXzRtT2tudEdwN2FDMVNnQkNGcnBiN09ad3VaNVVBdlpsYVpad3d5dk1yRWpFd1JTVWdBEhd1QnBoYXBXcktKSFgxZThQa2F2QXVRMBoiQURzcjlmU2d2RjgxMmhDNEFpbWJ6QVR2VGZvTG50T19ydxIEODEyNBoBMyoAMAA4AUAAGCogyIKDuQg6AEoCEAE","https://www.google.com/search?q=%E9%BA%BB%E5%8F%A4%E8%8C%B6%E5%9D%8A+%E5%B1%8F%E6%9D%B1%E9%99%B8%E8%88%88%E5%BA%97+%E5%B1%8F%E6%9D%B1%E7%B8%A3%E5%B1%8F%E6%9D%B1%E5%B8%82%E5%BB%A3%E6%9D%B1%E8%B7%AF79%E8%99%9F&hl=zh-TW#sv=CAESzQEKuQEStgEKd0FKaVQ0dEswOUxURDBOZzNPcGZkbG5vLVQtWWhpTmN4YnBIb3R6czdTejlMNWFfWVdFalBVa0pQREIyTUlfbEJsZVdSXzRtT2tudEdwN2FDMVNnQkNGcnBiN09ad3VaNVVBdlpsYVpad3d5dk1yRWpFd1JTVWdBEhd1QnBoYXBXcktKSFgxZThQa2F2QXVRMBoiQURzcjlmU2d2RjgxMmhDNEFpbWJ6QVR2VGZvTG50T19ydxIEODEyNBoBMyoAMAA4AUAAGCogyIKDuQg6AEoCEAE","Playwright batch opened Google Order flow and read visible pickup/delivery providers."
"macu-tw-334","屏東鹽埔店","南部","屏東縣","鹽埔鄉","屏東縣鹽埔鄉新圍村新高路12號","08-7935678","confirmed","no_gmb_order_button","true","false","","","LINE、食在麻吉 eathere","","https://www.google.com/search?q=%E9%BA%BB%E5%8F%A4%E8%8C%B6%E5%9D%8A%20%E5%B1%8F%E6%9D%B1%E9%B9%BD%E5%9F%94%E5%BA%97%20%E5%B1%8F%E6%9D%B1%E7%B8%A3%E9%B9%BD%E5%9F%94%E9%84%89%E6%96%B0%E5%9C%8D%E6%9D%91%E6%96%B0%E9%AB%98%E8%B7%AF12%E8%99%9F&hl=zh-TW","","Named GMB profile matched, but no Google Order entry was opened."
"macu-tw-339","屏東麟洛店","南部","屏東縣","麟洛鄉","屏東縣麟洛鄉中山路250之2號 1樓","08-7230828","confirmed","confirmed","true","true","","foodpanda、Uber Eats","LINE、Uber Eats、foodpanda、食在麻吉 eathere","Uber Eats、foodpanda","https://www.google.com/search?q=%E9%BA%BB%E5%8F%A4%E8%8C%B6%E5%9D%8A%20%E5%B1%8F%E6%9D%B1%E9%BA%9F%E6%B4%9B%E5%BA%97%20%E5%B1%8F%E6%9D%B1%E7%B8%A3%E9%BA%9F%E6%B4%9B%E9%84%89%E4%B8%AD%E5%B1%B1%E8%B7%AF250%E4%B9%8B2%E8%99%9F%201%E6%A8%93&hl=zh-TW#sv=CAESzQEKuQEStgEKd0FKaVQ0dElwOEJYMnJ3amFiNmNYNnljaXMya0R4NUQ1SjItVmJSUEtUM0picFVfYUNCSVNyZlI5eV8xcUpvZXFUNk5EWmVlT1ByckJ4ZE5lamwtMjl2R0gzaG11MnV6WlJVRXgzSnc5dlNvSzloTXl1OXViNUtFEhc1QnBoYXBuM0hfZmwxZThQX2VIZ2dRbxoiQURzcjlmUno3UGxhLXNHWTRiWWpQUTVqaUljQW5RNldfURIEODEyNBoBMyoAMAA4AUAAGCog0bSj5gw6AEoCEAE","https://www.google.com/search?q=%E9%BA%BB%E5%8F%A4%E8%8C%B6%E5%9D%8A%20%E5%B1%8F%E6%9D%B1%E9%BA%9F%E6%B4%9B%E5%BA%97%20%E5%B1%8F%E6%9D%B1%E7%B8%A3%E9%BA%9F%E6%B4%9B%E9%84%89%E4%B8%AD%E5%B1%B1%E8%B7%AF250%E4%B9%8B2%E8%99%9F%201%E6%A8%93&hl=zh-TW#sv=CAESzQEKuQEStgEKd0FKaVQ0dElwOEJYMnJ3amFiNmNYNnljaXMya0R4NUQ1SjItVmJSUEtUM0picFVfYUNCSVNyZlI5eV8xcUpvZXFUNk5EWmVlT1ByckJ4ZE5lamwtMjl2R0gzaG11MnV6WlJVRXgzSnc5dlNvSzloTXl1OXViNUtFEhc1QnBoYXBuM0hfZmwxZThQX2VIZ2dRbxoiQURzcjlmUno3UGxhLXNHWTRiWWpQUTVqaUljQW5RNldfURIEODEyNBoBMyoAMAA4AUAAGCog0bSj5gw6AEoCEAE","Playwright batch opened Google Order flow and read visible pickup/delivery providers."
"macu-tw-340","屏東龍泉店","南部","屏東縣","內埔鄉","屏東縣內埔鄉昭勝路303號","08-7600168","confirmed","confirmed","true","true","","foodpanda","LINE、foodpanda、食在麻吉 eathere","foodpanda","https://www.google.com/search?q=%E9%BA%BB%E5%8F%A4%E8%8C%B6%E5%9D%8A+%E5%B1%8F%E6%9D%B1%E9%BE%8D%E6%B3%89%E5%BA%97+%E5%B1%8F%E6%9D%B1%E7%B8%A3%E5%85%A7%E5%9F%94%E9%84%89%E6%98%AD%E5%8B%9D%E8%B7%AF303%E8%99%9F&hl=zh-TW#sv=CAESzQEKuQEStgEKd0FKaVQ0dEtyanhhdFhqanRKa0dYMjZBeW8xR250eFBnanVSUXRMcXdJRHRLVzc5emFjZ3dEOGpITGdaeUFmeDFvT3hlRXhWOC1PdzdkYnRNTWR6bFZTRjJ4MU45dGZQR2M5eWdWblR5cEJ1cEF2WGZaa09RU0V3EhdfaHBoYW9EdUUtamExZThQcDlXRWlBaxoiQURzcjlmU1JYNkhMZ3NJaFdzR3p3ZEtTY0d2RlpRdnAxURIEODEyNBoBMyoAMAA4AUAAGCogm7e9rA06AEoCEAE","https://www.google.com/search?q=%E9%BA%BB%E5%8F%A4%E8%8C%B6%E5%9D%8A+%E5%B1%8F%E6%9D%B1%E9%BE%8D%E6%B3%89%E5%BA%97+%E5%B1%8F%E6%9D%B1%E7%B8%A3%E5%85%A7%E5%9F%94%E9%84%89%E6%98%AD%E5%8B%9D%E8%B7%AF303%E8%99%9F&hl=zh-TW#sv=CAESzQEKuQEStgEKd0FKaVQ0dEtyanhhdFhqanRKa0dYMjZBeW8xR250eFBnanVSUXRMcXdJRHRLVzc5emFjZ3dEOGpITGdaeUFmeDFvT3hlRXhWOC1PdzdkYnRNTWR6bFZTRjJ4MU45dGZQR2M5eWdWblR5cEJ1cEF2WGZaa09RU0V3EhdfaHBoYW9EdUUtamExZThQcDlXRWlBaxoiQURzcjlmU1JYNkhMZ3NJaFdzR3p3ZEtTY0d2RlpRdnAxURIEODEyNBoBMyoAMAA4AUAAGCogm7e9rA06AEoCEAE","Playwright batch opened Google Order flow and read visible pickup/delivery providers."
"macu-tw-351","恆春中正店","南部","屏東縣","恆春鎮","屏東縣恆春鎮中正路81號","08-8881125","confirmed","confirmed","true","true","foodpanda","foodpanda、Uber Eats","LINE、Uber Eats、foodpanda、食在麻吉 eathere","Uber Eats、foodpanda","https://www.google.com/search?q=%E9%BA%BB%E5%8F%A4%E8%8C%B6%E5%9D%8A%20%E6%81%86%E6%98%A5%E4%B8%AD%E6%AD%A3%E5%BA%97%20%E5%B1%8F%E6%9D%B1%E7%B8%A3%E6%81%86%E6%98%A5%E9%8E%AE%E4%B8%AD%E6%AD%A3%E8%B7%AF81%E8%99%9F&hl=zh-TW#sv=CAESzQEKuQEStgEKd0FKaVQ0dExwVmotbDdZQ0RPaTljNDFNWWZmbVRTb0FJWDFsdzNmdjZfSVA0clVzYzhXcXhoaDhZQVNGb0RJTmt5NHpaci1Ma0l2bVF2ODZhMEh2YUplQUVNaWFZYmt4bk5xM0VKSTMxT21SSURZa2JWaE5oOUs4EhdHQnRoYXZySUM1bWcxZThQbjgzazRRRRoiQURzcjlmUTZhSUJuanBlVDRzM25EbmRYeUFwZjJ1THJIQRIEODEyNBoBMyoAMAA4AUAAGCogmLKJsgo6AEoCEAE","https://www.google.com/search?q=%E9%BA%BB%E5%8F%A4%E8%8C%B6%E5%9D%8A%20%E6%81%86%E6%98%A5%E4%B8%AD%E6%AD%A3%E5%BA%97%20%E5%B1%8F%E6%9D%B1%E7%B8%A3%E6%81%86%E6%98%A5%E9%8E%AE%E4%B8%AD%E6%AD%A3%E8%B7%AF81%E8%99%9F&hl=zh-TW#sv=CAESzQEKuQEStgEKd0FKaVQ0dExwVmotbDdZQ0RPaTljNDFNWWZmbVRTb0FJWDFsdzNmdjZfSVA0clVzYzhXcXhoaDhZQVNGb0RJTmt5NHpaci1Ma0l2bVF2ODZhMEh2YUplQUVNaWFZYmt4bk5xM0VKSTMxT21SSURZa2JWaE5oOUs4EhdHQnRoYXZySUM1bWcxZThQbjgzazRRRRoiQURzcjlmUTZhSUJuanBlVDRzM25EbmRYeUFwZjJ1THJIQRIEODEyNBoBMyoAMAA4AUAAGCogmLKJsgo6AEoCEAE","Playwright batch opened Google Order flow and read visible pickup/delivery providers."
"macu-tw-337","恆春恒南店","南部","屏東縣","恆春鎮","屏東縣恆春鎮恒南路155號","08-8880385","confirmed","button_confirmed_provider_pending","true","true","","","LINE、食在麻吉 eathere","","https://maps.app.goo.gl/CZXSPtCDjrLNt7HK7","https://www.google.com/maps/place/%E9%BA%BB%E5%8F%A4%E8%8C%B6%E5%9D%8A-%E6%81%92%E5%8D%97%E5%BA%97/@21.9982195,120.744476,16z/data=!4m7!3m6!1s0x3471b17cabc4dcb9:0x8926b7c38d36e295!8m2!3d21.9982195!4d120.744476!10e1!16s%2Fg%2F11vm3k4493?entry=ttu&g_ep=EgoyMDI2MDcxOS4wIKXMDSoASAFQAw%3D%3D","Google Order entry/panel opened, but provider rows were not parsed."
"macu-tw-335","東港中山店","南部","屏東縣","東港鎮","屏東縣東港鎮中山路88-3號","08-8326996、0903209288","confirmed","confirmed","true","true","","foodpanda","LINE、foodpanda、食在麻吉 eathere","foodpanda","https://www.google.com/search?q=%E9%BA%BB%E5%8F%A4%E8%8C%B6%E5%9D%8A%20%E6%9D%B1%E6%B8%AF%E4%B8%AD%E5%B1%B1%E5%BA%97%20%E5%B1%8F%E6%9D%B1%E7%B8%A3%E6%9D%B1%E6%B8%AF%E9%8E%AE%E4%B8%AD%E5%B1%B1%E8%B7%AF88-3%E8%99%9F&hl=zh-TW#sv=CAESzQEKuQEStgEKd0FKaVQ0dEtJVFZRNFB0NDVXMWxmNExIbHMyYXFObFkyaFN2OEQtR1hCRll1aERUVDVQLU1PYmVHcE1NZWFaT3Jab2lwME84NEtNRGt2VWRMdnV6UmJ4VjNwSFRILVVQRk56NGJvcE1fRXp3dUJVVlZraGdENXA0EhdsaXBoYXV5VUdLMlR2cjBQN2NTcXFRaxoiQURzcjlmU010YkxaTExDRm45VllrSW9iSkItOVpHVmJQQRIEODEyNBoBMyoAMAA4AUAAGCogvrenugU6AEoCEAE","https://www.google.com/search?q=%E9%BA%BB%E5%8F%A4%E8%8C%B6%E5%9D%8A%20%E6%9D%B1%E6%B8%AF%E4%B8%AD%E5%B1%B1%E5%BA%97%20%E5%B1%8F%E6%9D%B1%E7%B8%A3%E6%9D%B1%E6%B8%AF%E9%8E%AE%E4%B8%AD%E5%B1%B1%E8%B7%AF88-3%E8%99%9F&hl=zh-TW#sv=CAESzQEKuQEStgEKd0FKaVQ0dEtJVFZRNFB0NDVXMWxmNExIbHMyYXFObFkyaFN2OEQtR1hCRll1aERUVDVQLU1PYmVHcE1NZWFaT3Jab2lwME84NEtNRGt2VWRMdnV6UmJ4VjNwSFRILVVQRk56NGJvcE1fRXp3dUJVVlZraGdENXA0EhdsaXBoYXV5VUdLMlR2cjBQN2NTcXFRaxoiQURzcjlmU010YkxaTExDRm45VllrSW9iSkItOVpHVmJQQRIEODEyNBoBMyoAMAA4AUAAGCogvrenugU6AEoCEAE","Playwright batch opened Google Order flow and read visible pickup/delivery providers."
"macu-tw-348","東港安泰店","南部","屏東縣","東港鎮","屏東縣東港鎮中正路一段273-1號","08-832-5525","confirmed","confirmed","true","true","","foodpanda、Uber Eats","LINE、Uber Eats、foodpanda、食在麻吉 eathere","Uber Eats、foodpanda","https://www.google.com/search?q=%E9%BA%BB%E5%8F%A4%E8%8C%B6%E5%9D%8A%20%E6%9D%B1%E6%B8%AF%E5%AE%89%E6%B3%B0%E5%BA%97%20%E5%B1%8F%E6%9D%B1%E7%B8%A3%E6%9D%B1%E6%B8%AF%E9%8E%AE%E4%B8%AD%E6%AD%A3%E8%B7%AF%E4%B8%80%E6%AE%B5273-1%E8%99%9F&hl=zh-TW#sv=CAESzQEKuQEStgEKd0FKaVQ0dEl1UzR1LWVGdTR2ZEZyOUhTX2lqUS16MmJTblQ1ekNoOERzWGVna3VoczVDYzFRTnZRdlZaY1RGMmNJbmI5QTV3SjR4SDBrQmY5X2tyTnFINVB4b2xMWFU2QVExWTNCUlhSUXdqRUZZczZ0VHRMZUpREhdZUnRoYXU3Qkdyek4xZThQbU0zYXFRMBoiQURzcjlmVHFkNktWbWg3Q0g3bno0ODJySnB5S1dVLXhoZxIEODEyNBoBMyoAMAA4AUAAGCogo8-L2g46AEoCEAE","https://www.google.com/search?q=%E9%BA%BB%E5%8F%A4%E8%8C%B6%E5%9D%8A%20%E6%9D%B1%E6%B8%AF%E5%AE%89%E6%B3%B0%E5%BA%97%20%E5%B1%8F%E6%9D%B1%E7%B8%A3%E6%9D%B1%E6%B8%AF%E9%8E%AE%E4%B8%AD%E6%AD%A3%E8%B7%AF%E4%B8%80%E6%AE%B5273-1%E8%99%9F&hl=zh-TW#sv=CAESzQEKuQEStgEKd0FKaVQ0dEl1UzR1LWVGdTR2ZEZyOUhTX2lqUS16MmJTblQ1ekNoOERzWGVna3VoczVDYzFRTnZRdlZaY1RGMmNJbmI5QTV3SjR4SDBrQmY5X2tyTnFINVB4b2xMWFU2QVExWTNCUlhSUXdqRUZZczZ0VHRMZUpREhdZUnRoYXU3Qkdyek4xZThQbU0zYXFRMBoiQURzcjlmVHFkNktWbWg3Q0g3bno0ODJySnB5S1dVLXhoZxIEODEyNBoBMyoAMAA4AUAAGCogo8-L2g46AEoCEAE","Playwright batch opened Google Order flow and read visible pickup/delivery providers."
"macu-tw-341","麻古茶坊-屏東廣東店","南部","屏東縣","屏東市","屏東市華山里廣東路469號","08-7383008","confirmed","confirmed","true","true","foodpanda","foodpanda、Uber Eats","LINE、Uber Eats、foodpanda、食在麻吉 eathere","Uber Eats、foodpanda","https://www.google.com/search?q=%E9%BA%BB%E5%8F%A4%E8%8C%B6%E5%9D%8A%20%E9%BA%BB%E5%8F%A4%E8%8C%B6%E5%9D%8A-%E5%B1%8F%E6%9D%B1%E5%BB%A3%E6%9D%B1%E5%BA%97%20%E5%B1%8F%E6%9D%B1%E5%B8%82%E8%8F%AF%E5%B1%B1%E9%87%8C%E5%BB%A3%E6%9D%B1%E8%B7%AF469%E8%99%9F&hl=zh-TW#sv=CAESzQEKuQEStgEKd0FKaVQ0dEpFc0V3cHlzRFhWdWkxTmtNRDRVcC1vMjhmYzNmd0tkeEJsa0tyV2FpamwyRG9rcFBjM05vZmJfczkxTXlxdndxZDJZLVhtNkV2RnVPRWNkR0FXbXNQaTFXU2c3SDVwYTBrRjktazM4QnVkU243LTBZEhdleHRoYW9EYUt0ckkxZThQa3JIZXNBMBoiQURzcjlmUkZpeU1qb3NMU2pjNzhudzRnbDBOUmxkYzAtdxIEODEyNBoBMyoAMAA4AUAAGCog9LqooQQ6AEoCEAE","https://www.google.com/search?q=%E9%BA%BB%E5%8F%A4%E8%8C%B6%E5%9D%8A%20%E9%BA%BB%E5%8F%A4%E8%8C%B6%E5%9D%8A-%E5%B1%8F%E6%9D%B1%E5%BB%A3%E6%9D%B1%E5%BA%97%20%E5%B1%8F%E6%9D%B1%E5%B8%82%E8%8F%AF%E5%B1%B1%E9%87%8C%E5%BB%A3%E6%9D%B1%E8%B7%AF469%E8%99%9F&hl=zh-TW#sv=CAESzQEKuQEStgEKd0FKaVQ0dEpFc0V3cHlzRFhWdWkxTmtNRDRVcC1vMjhmYzNmd0tkeEJsa0tyV2FpamwyRG9rcFBjM05vZmJfczkxTXlxdndxZDJZLVhtNkV2RnVPRWNkR0FXbXNQaTFXU2c3SDVwYTBrRjktazM4QnVkU243LTBZEhdleHRoYW9EYUt0ckkxZThQa3JIZXNBMBoiQURzcjlmUkZpeU1qb3NMU2pjNzhudzRnbDBOUmxkYzAtdxIEODEyNBoBMyoAMAA4AUAAGCog9LqooQQ6AEoCEAE","Playwright batch opened Google Order flow and read visible pickup/delivery providers."
"macu-tw-241","三多成功店","南部","高雄市","苓雅區","高雄市苓雅區三多四路106-16號","07-3315581、0960098899","confirmed","confirmed","true","true","","foodpanda、Uber Eats","LINE、Uber Eats、foodpanda、食在麻吉 eathere","Uber Eats、foodpanda","https://www.google.com/search?q=%E9%BA%BB%E5%8F%A4%E8%8C%B6%E5%9D%8A+%E4%B8%89%E5%A4%9A%E6%88%90%E5%8A%9F%E5%BA%97+%E9%AB%98%E9%9B%84%E5%B8%82%E8%8B%93%E9%9B%85%E5%8D%80%E4%B8%89%E5%A4%9A%E5%9B%9B%E8%B7%AF106-16%E8%99%9F&hl=zh-TW#sv=CAESzQEKuQEStgEKd0FKaVQ0dEtqSENhZnM3UHJlVEhYZmsxYS1zNE1sMVpwTjF6cFNLSWFiajZ0cTJKTTBITGF6UFM0RHhnY3JVWm51ZkZIWmhTU09lRVZJZUU3ZktyS2tTc3RySnJOZ2FOcVN0Z3RaS25VY29wdFVJTElNRzNNeER3EhdreHRoYW9xbks3U0ExZThQOHRfcy1BSRoiQURzcjlmUXVmTEtXaEE2NGxCNzFoMlFSWkxEQi05UF9NdxIEODEyNBoBMyoAMAA4AUAAGCogwOf8_w46AEoCEAE","https://www.google.com/search?q=%E9%BA%BB%E5%8F%A4%E8%8C%B6%E5%9D%8A+%E4%B8%89%E5%A4%9A%E6%88%90%E5%8A%9F%E5%BA%97+%E9%AB%98%E9%9B%84%E5%B8%82%E8%8B%93%E9%9B%85%E5%8D%80%E4%B8%89%E5%A4%9A%E5%9B%9B%E8%B7%AF106-16%E8%99%9F&hl=zh-TW#sv=CAESzQEKuQEStgEKd0FKaVQ0dEtqSENhZnM3UHJlVEhYZmsxYS1zNE1sMVpwTjF6cFNLSWFiajZ0cTJKTTBITGF6UFM0RHhnY3JVWm51ZkZIWmhTU09lRVZJZUU3ZktyS2tTc3RySnJOZ2FOcVN0Z3RaS25VY29wdFVJTElNRzNNeER3EhdreHRoYW9xbks3U0ExZThQOHRfcy1BSRoiQURzcjlmUXVmTEtXaEE2NGxCNzFoMlFSWkxEQi05UF9NdxIEODEyNBoBMyoAMAA4AUAAGCogwOf8_w46AEoCEAE","Playwright batch opened Google Order flow and read visible pickup/delivery providers."
"macu-tw-301","五甲三店","南部","高雄市","鳳山區","高雄市鳳山區五甲三路81號","07-8417776","confirmed","confirmed","true","true","","foodpanda、Uber Eats","LINE、Uber Eats、foodpanda、食在麻吉 eathere","Uber Eats、foodpanda","https://www.google.com/search?q=%E9%BA%BB%E5%8F%A4%E8%8C%B6%E5%9D%8A%20%E4%BA%94%E7%94%B2%E4%B8%89%E5%BA%97%20%E9%AB%98%E9%9B%84%E5%B8%82%E9%B3%B3%E5%B1%B1%E5%8D%80%E4%BA%94%E7%94%B2%E4%B8%89%E8%B7%AF81%E8%99%9F&hl=zh-TW#sv=CAESzQEKuQEStgEKd0FKaVQ0dEtOZkNJQWdZbEZCU1F5XzdsYWpFcmo1Y1dpXzQwQlppczVWWFhQTlFyMkZUYUlDdjUxX2wzcDZadGVWQWxpWldUaTJqZEc2OGZfMFJEWlpIMTdRZE13Z1Zma180cXhUV201NUZNd09nRFlwaXh4Ulk4EhdweHRoYXZqcUd1Tzd2cjBQdU5Qcy1RcxoiQURzcjlmUk12NWdEMWtBd0YwRFloOTVLbUJrRzFUUHFHdxIEODEyNBoBMyoAMAA4AUAAGCog9MfWoQo6AEoCEAE","https://www.google.com/search?q=%E9%BA%BB%E5%8F%A4%E8%8C%B6%E5%9D%8A%20%E4%BA%94%E7%94%B2%E4%B8%89%E5%BA%97%20%E9%AB%98%E9%9B%84%E5%B8%82%E9%B3%B3%E5%B1%B1%E5%8D%80%E4%BA%94%E7%94%B2%E4%B8%89%E8%B7%AF81%E8%99%9F&hl=zh-TW#sv=CAESzQEKuQEStgEKd0FKaVQ0dEtOZkNJQWdZbEZCU1F5XzdsYWpFcmo1Y1dpXzQwQlppczVWWFhQTlFyMkZUYUlDdjUxX2wzcDZadGVWQWxpWldUaTJqZEc2OGZfMFJEWlpIMTdRZE13Z1Zma180cXhUV201NUZNd09nRFlwaXh4Ulk4EhdweHRoYXZqcUd1Tzd2cjBQdU5Qcy1RcxoiQURzcjlmUk12NWdEMWtBd0YwRFloOTVLbUJrRzFUUHFHdxIEODEyNBoBMyoAMAA4AUAAGCog9MfWoQo6AEoCEAE","Playwright batch opened Google Order flow and read visible pickup/delivery providers."
"macu-tw-333","五甲自強店","南部","高雄市","鳳山區","高雄市鳳山區福祥里自強二路111號","07-8310623","confirmed","confirmed","true","true","foodpanda、Uber Eats","foodpanda、Uber Eats","LINE、Uber Eats、foodpanda、食在麻吉 eathere","Uber Eats、foodpanda","https://www.google.com/search?q=%E9%BA%BB%E5%8F%A4%E8%8C%B6%E5%9D%8A%20%E4%BA%94%E7%94%B2%E8%87%AA%E5%BC%B7%E5%BA%97%20%E9%AB%98%E9%9B%84%E5%B8%82%E9%B3%B3%E5%B1%B1%E5%8D%80%E7%A6%8F%E7%A5%A5%E9%87%8C%E8%87%AA%E5%BC%B7%E4%BA%8C%E8%B7%AF111%E8%99%9F&hl=zh-TW#sv=CAESzQEKuQEStgEKd0FKaVQ0dEoxLVpJQml6WlI1VTdRS3IwS2VmNVI1ZVdEM01PaHZtWEU3WWJFd2NhRnFTTDY5eURBYU9GS3B0NzYzakhjR2hhRkQ4VjFiOGY0SGlLMkxieWRBQ2RhRVFnQW11T2NmcVRUYTVxVUdZS0ZPMmk4S1VREhd2eHRoYXFMTk10dVR2cjBQei1pRnVBZxoiQURzcjlmU214NWgwU2pLLUhDTVUzaDAzVDZBNHhyMDBRURIEODEyNBoBMyoAMAA4AUAAGCogyaOlvAo6AEoCEAE","https://www.google.com/search?q=%E9%BA%BB%E5%8F%A4%E8%8C%B6%E5%9D%8A%20%E4%BA%94%E7%94%B2%E8%87%AA%E5%BC%B7%E5%BA%97%20%E9%AB%98%E9%9B%84%E5%B8%82%E9%B3%B3%E5%B1%B1%E5%8D%80%E7%A6%8F%E7%A5%A5%E9%87%8C%E8%87%AA%E5%BC%B7%E4%BA%8C%E8%B7%AF111%E8%99%9F&hl=zh-TW#sv=CAESzQEKuQEStgEKd0FKaVQ0dEoxLVpJQml6WlI1VTdRS3IwS2VmNVI1ZVdEM01PaHZtWEU3WWJFd2NhRnFTTDY5eURBYU9GS3B0NzYzakhjR2hhRkQ4VjFiOGY0SGlLMkxieWRBQ2RhRVFnQW11T2NmcVRUYTVxVUdZS0ZPMmk4S1VREhd2eHRoYXFMTk10dVR2cjBQei1pRnVBZxoiQURzcjlmU214NWgwU2pLLUhDTVUzaDAzVDZBNHhyMDBRURIEODEyNBoBMyoAMAA4AUAAGCogyaOlvAo6AEoCEAE","Playwright batch opened Google Order flow and read visible pickup/delivery providers."
"macu-tw-289","仁武中正店","南部","高雄市","仁武區","高雄市仁武區中正路3號","07-3735232","confirmed","confirmed","true","true","","foodpanda、Uber Eats","LINE、Uber Eats、foodpanda、食在麻吉 eathere","Uber Eats、foodpanda","https://www.google.com/search?q=%E9%BA%BB%E5%8F%A4%E8%8C%B6%E5%9D%8A%20%E4%BB%81%E6%AD%A6%E4%B8%AD%E6%AD%A3%E5%BA%97%20%E9%AB%98%E9%9B%84%E5%B8%82%E4%BB%81%E6%AD%A6%E5%8D%80%E4%B8%AD%E6%AD%A3%E8%B7%AF3%E8%99%9F&hl=zh-TW#sv=CAESzQEKuQEStgEKd0FKaVQ0dEpTeXRXcV9vWFVhWHV3YTNRb1FPSm4zc1lYaVppSXM5Sy1KQ3l1R3FuQTlpM1A3QWxzVEFfRmxaVjZDZjRtOWxRSjd5aXM3bXh5R1VlQ3djZGh3MkhQR1dnb0s5Wm1IaTJtQktkaU16ajR5WnBDdUt3EhcyUnRoYXA2R0E0aWp2cjBQNXY2eWdBbxoiQURzcjlmVE5aY04yaTBYTzc0VGQzY25NTHRHNC1MdVRGURIEODEyNBoBMyoAMAA4AUAAGCogut6D5gU6AEoCEAE","https://www.google.com/search?q=%E9%BA%BB%E5%8F%A4%E8%8C%B6%E5%9D%8A%20%E4%BB%81%E6%AD%A6%E4%B8%AD%E6%AD%A3%E5%BA%97%20%E9%AB%98%E9%9B%84%E5%B8%82%E4%BB%81%E6%AD%A6%E5%8D%80%E4%B8%AD%E6%AD%A3%E8%B7%AF3%E8%99%9F&hl=zh-TW#sv=CAESzQEKuQEStgEKd0FKaVQ0dEpTeXRXcV9vWFVhWHV3YTNRb1FPSm4zc1lYaVppSXM5Sy1KQ3l1R3FuQTlpM1A3QWxzVEFfRmxaVjZDZjRtOWxRSjd5aXM3bXh5R1VlQ3djZGh3MkhQR1dnb0s5Wm1IaTJtQktkaU16ajR5WnBDdUt3EhcyUnRoYXA2R0E0aWp2cjBQNXY2eWdBbxoiQURzcjlmVE5aY04yaTBYTzc0VGQzY25NTHRHNC1MdVRGURIEODEyNBoBMyoAMAA4AUAAGCogut6D5gU6AEoCEAE","Playwright batch opened Google Order flow and read visible pickup/delivery providers."
"macu-tw-305","仁武仁雄店","南部","高雄市","仁武區","高雄市仁武區仁雄路13-6號","07-3752299","confirmed","confirmed","true","true","","foodpanda、Uber Eats","LINE、Uber Eats、foodpanda、食在麻吉 eathere","Uber Eats、foodpanda","https://www.google.com/search?q=%E9%BA%BB%E5%8F%A4%E8%8C%B6%E5%9D%8A%20%E4%BB%81%E6%AD%A6%E4%BB%81%E9%9B%84%E5%BA%97%20%E9%AB%98%E9%9B%84%E5%B8%82%E4%BB%81%E6%AD%A6%E5%8D%80%E4%BB%81%E9%9B%84%E8%B7%AF13-6%E8%99%9F&hl=zh-TW#sv=CAESzQEKuQEStgEKd0FKaVQ0dEp3RmcxVFhFZmR3QjJHZ21PYWc2LVMtcERpRmxfejFObXNlLXU0SGh5TUtaM3ZNV0p3ZmtOQ3BIN0VLa0ktblpIaEFGdHVSRmpYR0tzanBidlpZQnktV1YtVlpNdmJTU0g0bGlnQ3JwdXQycENBbjhzEhc4UnRoYW92TUM4ZkQxZThQbFlfRDJBRRoiQURzcjlmU3JDYU9jS3JCLTQ2cm1FUE9WTjhjMXFFMFU4URIEODEyNBoBMyoAMAA4AUAAGCog_PWc9A06AEoCEAE","https://www.google.com/search?q=%E9%BA%BB%E5%8F%A4%E8%8C%B6%E5%9D%8A%20%E4%BB%81%E6%AD%A6%E4%BB%81%E9%9B%84%E5%BA%97%20%E9%AB%98%E9%9B%84%E5%B8%82%E4%BB%81%E6%AD%A6%E5%8D%80%E4%BB%81%E9%9B%84%E8%B7%AF13-6%E8%99%9F&hl=zh-TW#sv=CAESzQEKuQEStgEKd0FKaVQ0dEp3RmcxVFhFZmR3QjJHZ21PYWc2LVMtcERpRmxfejFObXNlLXU0SGh5TUtaM3ZNV0p3ZmtOQ3BIN0VLa0ktblpIaEFGdHVSRmpYR0tzanBidlpZQnktV1YtVlpNdmJTU0g0bGlnQ3JwdXQycENBbjhzEhc4UnRoYW92TUM4ZkQxZThQbFlfRDJBRRoiQURzcjlmU3JDYU9jS3JCLTQ2cm1FUE9WTjhjMXFFMFU4URIEODEyNBoBMyoAMAA4AUAAGCog_PWc9A06AEoCEAE","Playwright batch opened Google Order flow and read visible pickup/delivery providers."
"macu-tw-298","仁武八卦寮店","南部","高雄市","仁武區","高雄市仁武區八德中路213號","07-3757001","confirmed","confirmed","true","true","","Uber Eats","LINE、Uber Eats、食在麻吉 eathere","Uber Eats","https://www.google.com/search?q=%E9%BA%BB%E5%8F%A4%E8%8C%B6%E5%9D%8A%20%E4%BB%81%E6%AD%A6%E5%85%AB%E5%8D%A6%E5%AF%AE%E5%BA%97%20%E9%AB%98%E9%9B%84%E5%B8%82%E4%BB%81%E6%AD%A6%E5%8D%80%E5%85%AB%E5%BE%B7%E4%B8%AD%E8%B7%AF213%E8%99%9F&hl=zh-TW#sv=CAESzQEKuQEStgEKd0FKaVQ0dEplakliQzhwYlBQVlhKMkdIVXBiOXkzREQzZVBNWVZUaFl6OGdfMllTQWRPOTlvbWdRWEtCQ1ljV1VQSXF4SVBWazlwa2Q2RW9FS05KVkl5YnEtMFhFMWRZLVVfYjRnQnlMX0h0NW1GamJ4WE9tZHcwEhdDaHhoYXZmT0haYVp2cjBQLWVuRThRRRoiQURzcjlmUmJBUHZ6c3lCNEpkczVsMWZYenRYSUY3OHVEQRIEODEyNBoBMyoAMAA4AUAAGCogpvX5PjoASgIQAQ","https://www.google.com/search?q=%E9%BA%BB%E5%8F%A4%E8%8C%B6%E5%9D%8A%20%E4%BB%81%E6%AD%A6%E5%85%AB%E5%8D%A6%E5%AF%AE%E5%BA%97%20%E9%AB%98%E9%9B%84%E5%B8%82%E4%BB%81%E6%AD%A6%E5%8D%80%E5%85%AB%E5%BE%B7%E4%B8%AD%E8%B7%AF213%E8%99%9F&hl=zh-TW#sv=CAESzQEKuQEStgEKd0FKaVQ0dEplakliQzhwYlBQVlhKMkdIVXBiOXkzREQzZVBNWVZUaFl6OGdfMllTQWRPOTlvbWdRWEtCQ1ljV1VQSXF4SVBWazlwa2Q2RW9FS05KVkl5YnEtMFhFMWRZLVVfYjRnQnlMX0h0NW1GamJ4WE9tZHcwEhdDaHhoYXZmT0haYVp2cjBQLWVuRThRRRoiQURzcjlmUmJBUHZ6c3lCNEpkczVsMWZYenRYSUY3OHVEQRIEODEyNBoBMyoAMAA4AUAAGCogpvX5PjoASgIQAQ","Playwright batch opened Google Order flow and read visible pickup/delivery providers."
"macu-tw-239","仁武大灣店","南部","高雄市","仁武區","高雄市仁武區仁雄路123號","07-3753368","confirmed","confirmed","true","true","","foodpanda、Uber Eats","LINE、Uber Eats、foodpanda、食在麻吉 eathere","Uber Eats、foodpanda","https://www.google.com/search?q=%E9%BA%BB%E5%8F%A4%E8%8C%B6%E5%9D%8A+%E4%BB%81%E6%AD%A6%E5%A4%A7%E7%81%A3%E5%BA%97+%E9%AB%98%E9%9B%84%E5%B8%82%E4%BB%81%E6%AD%A6%E5%8D%80%E4%BB%81%E9%9B%84%E8%B7%AF123%E8%99%9F&hl=zh-TW#sv=CAESzQEKuQEStgEKd0FKaVQ0dEtkeXlvQ1JEeHBHZ25xd0F4Mk1jQ1VCcS0xNU1JYXc1VjNaUjcxeURGcGVJMjE0UTlOb1NIN0lzdlpJQXYxMEtuV3lVOVlLd2NMaFFFV2JSYWtYcDJpQm1lUWtOZUdDbFNVczBfQXRsNkFqeXJ6ZXpvEhdIUnhoYXItQU9xR252cjBQanYtQndBZxoiQURzcjlmUm8zRjh5dnhLWW5qZU9RaGdxZXhiR1ZFUDkzZxIEODEyNBoBMyoAMAA4AUAAGCog1IW7XjoASgIQAQ","https://www.google.com/search?q=%E9%BA%BB%E5%8F%A4%E8%8C%B6%E5%9D%8A+%E4%BB%81%E6%AD%A6%E5%A4%A7%E7%81%A3%E5%BA%97+%E9%AB%98%E9%9B%84%E5%B8%82%E4%BB%81%E6%AD%A6%E5%8D%80%E4%BB%81%E9%9B%84%E8%B7%AF123%E8%99%9F&hl=zh-TW#sv=CAESzQEKuQEStgEKd0FKaVQ0dEtkeXlvQ1JEeHBHZ25xd0F4Mk1jQ1VCcS0xNU1JYXc1VjNaUjcxeURGcGVJMjE0UTlOb1NIN0lzdlpJQXYxMEtuV3lVOVlLd2NMaFFFV2JSYWtYcDJpQm1lUWtOZUdDbFNVczBfQXRsNkFqeXJ6ZXpvEhdIUnhoYXItQU9xR252cjBQanYtQndBZxoiQURzcjlmUm8zRjh5dnhLWW5qZU9RaGdxZXhiR1ZFUDkzZxIEODEyNBoBMyoAMAA4AUAAGCog1IW7XjoASgIQAQ","Playwright batch opened Google Order flow and read visible pickup/delivery providers."
"macu-tw-269","仁武赤南店","南部","高雄市","仁武區","高雄市仁武區仁雄路69-2號","07-3753211","confirmed","confirmed","true","true","","foodpanda、Uber Eats","LINE、Uber Eats、foodpanda、食在麻吉 eathere","Uber Eats、foodpanda","https://www.google.com/search?q=%E9%BA%BB%E5%8F%A4%E8%8C%B6%E5%9D%8A+%E4%BB%81%E6%AD%A6%E8%B5%A4%E5%8D%97%E5%BA%97+%E9%AB%98%E9%9B%84%E5%B8%82%E4%BB%81%E6%AD%A6%E5%8D%80%E4%BB%81%E9%9B%84%E8%B7%AF69-2%E8%99%9F&hl=zh-TW#sv=CAESzQEKuQEStgEKd0FKaVQ0dEsxdGlFRmtWOGNwdVhBbldpZm1Remt0Z3VUNk16YVZlVm9PalFuZmpsT1l0TjFSaTdMbzhlTjZXSmRaMl9iQy00b1hYQXg4RzRSbnlDekFJVE1mUjd1R19jejNWTG0wMDRTZW15Wll3S0ZycFh0RDg4EhdNaHhoYXFTOERNZTh2cjBQbEpXcXVBaxoiQURzcjlmUWFzamdEUk93Zks2V2NwVUpmVlU0b2drMGlpURIEODEyNBoBMyoAMAA4AUAAGCogvr6d9QQ6AEoCEAE","https://www.google.com/search?q=%E9%BA%BB%E5%8F%A4%E8%8C%B6%E5%9D%8A+%E4%BB%81%E6%AD%A6%E8%B5%A4%E5%8D%97%E5%BA%97+%E9%AB%98%E9%9B%84%E5%B8%82%E4%BB%81%E6%AD%A6%E5%8D%80%E4%BB%81%E9%9B%84%E8%B7%AF69-2%E8%99%9F&hl=zh-TW#sv=CAESzQEKuQEStgEKd0FKaVQ0dEsxdGlFRmtWOGNwdVhBbldpZm1Remt0Z3VUNk16YVZlVm9PalFuZmpsT1l0TjFSaTdMbzhlTjZXSmRaMl9iQy00b1hYQXg4RzRSbnlDekFJVE1mUjd1R19jejNWTG0wMDRTZW15Wll3S0ZycFh0RDg4EhdNaHhoYXFTOERNZTh2cjBQbEpXcXVBaxoiQURzcjlmUWFzamdEUk93Zks2V2NwVUpmVlU0b2drMGlpURIEODEyNBoBMyoAMAA4AUAAGCogvr6d9QQ6AEoCEAE","Playwright batch opened Google Order flow and read visible pickup/delivery providers."
"macu-tw-260","六合和平店","南部","高雄市","苓雅區","高雄市苓雅區六合路27-1號","07-2230082","confirmed","confirmed","true","true","","foodpanda","LINE、foodpanda、食在麻吉 eathere","foodpanda","https://www.google.com/search?q=%E9%BA%BB%E5%8F%A4%E8%8C%B6%E5%9D%8A+%E5%85%AD%E5%90%88%E5%92%8C%E5%B9%B3%E5%BA%97+%E9%AB%98%E9%9B%84%E5%B8%82%E8%8B%93%E9%9B%85%E5%8D%80%E5%85%AD%E5%90%88%E8%B7%AF27-1%E8%99%9F&hl=zh-TW#sv=CAESzQEKuQEStgEKd0FKaVQ0dElMN3Q1NnZnZEVneTQxaHBqZEdncXhVSHJsTXgzSWtWQzBBcFVIXzFMRWNpelE0cGN1ZmFuajNuUGxpOE5BMDJjU2JUNV9PYm5ic2FNM0hZNHF1ckZJTWhLVlBKVWVJYUI3NjVxQVlrZXE5ZW9TRDVFEhdTeHhoYXQ2X0U4bkN2cjBQdTVhTi1RcxoiQURzcjlmUzFmMUtkRnNlbmItR2k5N1BaUG12bTB0czRLdxIEODEyNBoBMyoAMAA4AUAAGCog94mwpAw6AEoCEAE","https://www.google.com/search?q=%E9%BA%BB%E5%8F%A4%E8%8C%B6%E5%9D%8A+%E5%85%AD%E5%90%88%E5%92%8C%E5%B9%B3%E5%BA%97+%E9%AB%98%E9%9B%84%E5%B8%82%E8%8B%93%E9%9B%85%E5%8D%80%E5%85%AD%E5%90%88%E8%B7%AF27-1%E8%99%9F&hl=zh-TW#sv=CAESzQEKuQEStgEKd0FKaVQ0dEtYbTNmeU1ZN0tISWJKdzhWcHh1N1VEdjI0cGVZRXcxeFFnTFpPRnY3R0Uwa3oxeFI1NnlLc0xhb3BNZElxc2VSRS1RRjBrT3ZaWTROOFdyTXh3X2pJeVIxNkwwdTF5eldnNmIwT0R6Z21SeWpiSUtjEhdtb2hoYXVTY0gtYkN2cjBQM2RlZjhBTRoiQURzcjlmUTQtTHZ2S29SUnF1Tk9kekd2d1dwQy1KR0U2QRIEODEyNBoBMyoAMAA4AUAAGCogh5DJlQRKAhAB","Playwright batch opened Google Order flow and read visible pickup/delivery providers."
"macu-tw-236","大社三民店","南部","高雄市","雄市大社區","雄市大社區大新路1之1號","07-3532397","confirmed","no_gmb_order_button","true","false","","","LINE、食在麻吉 eathere","","https://www.google.com/search?q=%E9%BA%BB%E5%8F%A4%E8%8C%B6%E5%9D%8A%20%E5%A4%A7%E7%A4%BE%E4%B8%89%E6%B0%91%E5%BA%97%20%E9%9B%84%E5%B8%82%E5%A4%A7%E7%A4%BE%E5%8D%80%E5%A4%A7%E6%96%B0%E8%B7%AF1%E4%B9%8B1%E8%99%9F&hl=zh-TW","","Named GMB profile matched, but no Google Order entry was opened."
"macu-tw-231","小港台機店","南部","高雄市","小港區","高雄市小港區漢民路146號","07-8022888","confirmed","button_confirmed_provider_pending","true","true","","","LINE、食在麻吉 eathere","","https://maps.app.goo.gl/rJLEBu7ahWmKA2pHA","https://www.google.com/maps/place/%E9%BA%BB%E5%8F%A4%E8%8C%B6%E5%9D%8A+%E5%B0%8F%E6%B8%AF%E5%8F%B0%E6%A9%9F%E5%BA%97/@22.5642757,120.3508772,2027m/data=!3m1!1e3!4m7!3m6!1s0x346e1def53530ac7:0x67dd7f5535d9aafd!8m2!3d22.5642757!4d120.3508772!10e1!16s%2Fg%2F11wg25t2bp?entry=ttu&g_ep=EgoyMDI2MDcxOS4wIKXMDSoASAFQAw%3D%3D","Google Order entry/panel opened, but provider rows were not parsed."
"macu-tw-256","小港港醫店","南部","高雄市","小港區","高雄市小港區漢民路779號","07-8010805","confirmed","confirmed","true","true","foodpanda","foodpanda、Uber Eats","LINE、Uber Eats、foodpanda、食在麻吉 eathere","Uber Eats、foodpanda","https://www.google.com/search?q=%E9%BA%BB%E5%8F%A4%E8%8C%B6%E5%9D%8A%20%E5%B0%8F%E6%B8%AF%E6%B8%AF%E9%86%AB%E5%BA%97%20%E9%AB%98%E9%9B%84%E5%B8%82%E5%B0%8F%E6%B8%AF%E5%8D%80%E6%BC%A2%E6%B0%91%E8%B7%AF779%E8%99%9F&hl=zh-TW&sei=NGphasGDLPbM1e8P582a0As#sv=CAESzAEKuAEStQEKd0FKaVQ0dEpyc1VxekI1Yi01UGF4NmUxSzJGY2tJOGZFWVFvMHVqblFzQm1lRGw3MDVfb3FqUlJJdW5KdDZtRGNMQXBhVlVWbDIwLVRNSE1wOGxocXdXaDgxNnlidy0wM0R3SUpGN0F0eGltYnh2cjRDNTRVeno4EhZrUnhoYXVuU0o3T0F2cjBQanJ6WEtRGiJBRHNyOWZSLXhxWGhrVGZmR2w5XzVGMTVSUHNiN25TUlZBEgQ4MTI0GgEzKgAwADgBQAAYKiDG3smPCzoASgIQAQ","https://www.google.com/search?q=%E9%BA%BB%E5%8F%A4%E8%8C%B6%E5%9D%8A%20%E5%B0%8F%E6%B8%AF%E6%B8%AF%E9%86%AB%E5%BA%97%20%E9%AB%98%E9%9B%84%E5%B8%82%E5%B0%8F%E6%B8%AF%E5%8D%80%E6%BC%A2%E6%B0%91%E8%B7%AF779%E8%99%9F&hl=zh-TW&sei=NGphasGDLPbM1e8P582a0As#sv=CAESzAEKuAEStQEKd0FKaVQ0dEpyc1VxekI1Yi01UGF4NmUxSzJGY2tJOGZFWVFvMHVqblFzQm1lRGw3MDVfb3FqUlJJdW5KdDZtRGNMQXBhVlVWbDIwLVRNSE1wOGxocXdXaDgxNnlidy0wM0R3SUpGN0F0eGltYnh2cjRDNTRVeno4EhZrUnhoYXVuU0o3T0F2cjBQanJ6WEtRGiJBRHNyOWZSLXhxWGhrVGZmR2w5XzVGMTVSUHNiN25TUlZBEgQ4MTI0GgEzKgAwADgBQAAYKiDG3smPCzoASgIQAQ","Playwright batch opened Google Order flow and read visible pickup/delivery providers."
"macu-tw-235","岡山中華店","南部","高雄市","岡山區","高雄市岡山區中華路1之2號1樓","07-6255733","confirmed","button_confirmed_provider_pending","true","true","","","LINE、食在麻吉 eathere","","https://maps.app.goo.gl/pnEf53Ym4a3aAePm6","https://www.google.com/maps/place/%E9%BA%BB%E5%8F%A4%E8%8C%B6%E5%9D%8A+%E5%B2%A1%E5%B1%B1%E4%B8%AD%E8%8F%AF%E5%BA%97/@22.790875,120.2121803,16190m/data=!3m1!1e3!4m7!3m6!1s0x346e0d00107d7e4b:0xa425359d18cb647b!8m2!3d22.790875!4d120.288398!10e1!16s%2Fg%2F11xlzky88y?entry=ttu&g_ep=EgoyMDI2MDcxOS4wIKXMDSoASAFQAw%3D%3D","Google Order entry/panel opened, but provider rows were not parsed."
"macu-tw-229","復興宜家店","南部","高雄市","前鎮區","高雄市前鎮區復興三路17號","07-3340008","confirmed","confirmed","true","true","","foodpanda、Uber Eats","LINE、Uber Eats、foodpanda、食在麻吉 eathere","Uber Eats、foodpanda","https://www.google.com/search?q=%E9%BA%BB%E5%8F%A4%E8%8C%B6%E5%9D%8A%20%E5%BE%A9%E8%88%88%E5%AE%9C%E5%AE%B6%E5%BA%97%20%E9%AB%98%E9%9B%84%E5%B8%82%E5%89%8D%E9%8E%AE%E5%8D%80%E5%BE%A9%E8%88%88%E4%B8%89%E8%B7%AF17%E8%99%9F&hl=zh-TW#sv=CAESzQEKuQEStgEKd0FKaVQ0dEpFeTNpb3FDVXlvZDhjTnNxTEV2TnJqdEVOUUlqNWI2ZnZDclExOVc0YUFSc1EzaFAxUFpJekVEZU9iNkdHWGFPMkkzaDRVOVdPS0NXWjBpOW44cnlTZ1NUaHNYTkM4QW9Dc0U0amRiZFJuaWRyUzdzEhd4aHhoYXJPOUpwNzIxZThQdEtURG9BRRoiQURzcjlmUXZmN19Pc2ZpX3B4UUJoSkYwNVNoWWRJX01NURIEODEyNBoBMyoAMAA4AUAAGCog1ZTshQU6AEoCEAE","https://www.google.com/search?q=%E9%BA%BB%E5%8F%A4%E8%8C%B6%E5%9D%8A%20%E5%BE%A9%E8%88%88%E5%AE%9C%E5%AE%B6%E5%BA%97%20%E9%AB%98%E9%9B%84%E5%B8%82%E5%89%8D%E9%8E%AE%E5%8D%80%E5%BE%A9%E8%88%88%E4%B8%89%E8%B7%AF17%E8%99%9F&hl=zh-TW#sv=CAESzQEKuQEStgEKd0FKaVQ0dEpFeTNpb3FDVXlvZDhjTnNxTEV2TnJqdEVOUUlqNWI2ZnZDclExOVc0YUFSc1EzaFAxUFpJekVEZU9iNkdHWGFPMkkzaDRVOVdPS0NXWjBpOW44cnlTZ1NUaHNYTkM4QW9Dc0U0amRiZFJuaWRyUzdzEhd4aHhoYXJPOUpwNzIxZThQdEtURG9BRRoiQURzcjlmUXZmN19Pc2ZpX3B4UUJoSkYwNVNoWWRJX01NURIEODEyNBoBMyoAMAA4AUAAGCog1ZTshQU6AEoCEAE","Playwright batch opened Google Order flow and read visible pickup/delivery providers."
"macu-tw-251","林園仁愛店","南部","高雄市","林園區","高雄市林園區仁愛路３號","07-6417666","confirmed","confirmed","true","true","","foodpanda、Uber Eats","LINE、Uber Eats、foodpanda、食在麻吉 eathere","Uber Eats、foodpanda","https://www.google.com/search?q=%E9%BA%BB%E5%8F%A4%E8%8C%B6%E5%9D%8A%20%E6%9E%97%E5%9C%92%E4%BB%81%E6%84%9B%E5%BA%97%20%E9%AB%98%E9%9B%84%E5%B8%82%E6%9E%97%E5%9C%92%E5%8D%80%E4%BB%81%E6%84%9B%E8%B7%AF%EF%BC%93%E8%99%9F&hl=zh-TW#sv=CAESzQEKuQEStgEKd0FKaVQ0dEtpQjJHQ01DTTJjcFRhd2V2LUpwemdCSFoxcGViTTJyaXNDR3VvSG1ySnlJTHFMRDMwRWRQV0VyLUgwWWxhN2RtS2NsNDlLdko1OExLazlaVjA2aU4zS1g2bkdBSS1Td2JQSHU1TzRLZzFDZ1lWbVQ0Ehc0QnhoYXRQRUxKenQxZThQdmJ1bXVBVRoiQURzcjlmVDgxb29URlJQRXhia3FRWExKSFQ3NHVaOXhJZxIEODEyNBoBMyoAMAA4AUAAGCogvIbNmw86AEoCEAE","https://www.google.com/search?q=%E9%BA%BB%E5%8F%A4%E8%8C%B6%E5%9D%8A%20%E6%9E%97%E5%9C%92%E4%BB%81%E6%84%9B%E5%BA%97%20%E9%AB%98%E9%9B%84%E5%B8%82%E6%9E%97%E5%9C%92%E5%8D%80%E4%BB%81%E6%84%9B%E8%B7%AF%EF%BC%93%E8%99%9F&hl=zh-TW#sv=CAESzQEKuQEStgEKd0FKaVQ0dEtpQjJHQ01DTTJjcFRhd2V2LUpwemdCSFoxcGViTTJyaXNDR3VvSG1ySnlJTHFMRDMwRWRQV0VyLUgwWWxhN2RtS2NsNDlLdko1OExLazlaVjA2aU4zS1g2bkdBSS1Td2JQSHU1TzRLZzFDZ1lWbVQ0Ehc0QnhoYXRQRUxKenQxZThQdmJ1bXVBVRoiQURzcjlmVDgxb29URlJQRXhia3FRWExKSFQ3NHVaOXhJZxIEODEyNBoBMyoAMAA4AUAAGCogvIbNmw86AEoCEAE","Playwright batch opened Google Order flow and read visible pickup/delivery providers."
"macu-tw-228","林園北店","南部","高雄市","林園區","高雄市林園區林園北路415號","07-6435777","confirmed","confirmed","true","true","","foodpanda、Uber Eats","LINE、Uber Eats、foodpanda、食在麻吉 eathere","Uber Eats、foodpanda","https://www.google.com/search?q=%E9%BA%BB%E5%8F%A4%E8%8C%B6%E5%9D%8A%20%E6%9E%97%E5%9C%92%E5%8C%97%E5%BA%97%20%E9%AB%98%E9%9B%84%E5%B8%82%E6%9E%97%E5%9C%92%E5%8D%80%E6%9E%97%E5%9C%92%E5%8C%97%E8%B7%AF415%E8%99%9F&hl=zh-TW#sv=CAESzQEKuQEStgEKd0FKaVQ0dEw0YzJ6S2FhYldJRDJqNTBzOTN6VGJVcWdOaVdrMmxsOUNIcG5ob2FhZFYzV0ctdFR6SW8ycER1WGdKLWVvWDVVTllQQk8tYWJnX1dGaE9ZN1ZNNlo3RDJyTzNpSVVTZTJYbkxxekFRNGVpUmdjRWZREhc5QnhoYXFUc0Q5ZVl2cjBQNWF6LWlBRRoiQURzcjlmVDlTa3ljcXc3Ym92emNoa3I5RGlVTEh2aF9VQRIEODEyNBoBMyoAMAA4AUAAGCogh7GMrgU6AEoCEAE","https://www.google.com/search?q=%E9%BA%BB%E5%8F%A4%E8%8C%B6%E5%9D%8A%20%E6%9E%97%E5%9C%92%E5%8C%97%E5%BA%97%20%E9%AB%98%E9%9B%84%E5%B8%82%E6%9E%97%E5%9C%92%E5%8D%80%E6%9E%97%E5%9C%92%E5%8C%97%E8%B7%AF415%E8%99%9F&hl=zh-TW#sv=CAESzQEKuQEStgEKd0FKaVQ0dEw0YzJ6S2FhYldJRDJqNTBzOTN6VGJVcWdOaVdrMmxsOUNIcG5ob2FhZFYzV0ctdFR6SW8ycER1WGdKLWVvWDVVTllQQk8tYWJnX1dGaE9ZN1ZNNlo3RDJyTzNpSVVTZTJYbkxxekFRNGVpUmdjRWZREhc5QnhoYXFUc0Q5ZVl2cjBQNWF6LWlBRRoiQURzcjlmVDlTa3ljcXc3Ym92emNoa3I5RGlVTEh2aF9VQRIEODEyNBoBMyoAMAA4AUAAGCogh7GMrgU6AEoCEAE","Playwright batch opened Google Order flow and read visible pickup/delivery providers."
"macu-tw-271","楠梓創新店","南部","高雄市","楠梓區","高雄市楠梓區創新路21號","07-3526722","confirmed","confirmed","true","true","","foodpanda、Uber Eats","LINE、Uber Eats、foodpanda、食在麻吉 eathere","Uber Eats、foodpanda","https://www.google.com/search?q=%E9%BA%BB%E5%8F%A4%E8%8C%B6%E5%9D%8A%20%E6%A5%A0%E6%A2%93%E5%89%B5%E6%96%B0%E5%BA%97%20%E9%AB%98%E9%9B%84%E5%B8%82%E6%A5%A0%E6%A2%93%E5%8D%80%E5%89%B5%E6%96%B0%E8%B7%AF21%E8%99%9F&hl=zh-TW#sv=CAESzQEKuQEStgEKd0FKaVQ0dEw0blV2ajZxTUZTbGdkNTdRdzRKcGlVbFJqX0VCeVhucjY4MmpyV3pseUdtemZxY2w5NjZ5X29leDFlaWJlM0o4OEE5bVJERGJGOE9UdEx4TTQ0Vjk5dlpteGpVbEluZHFPM1VLZURmU2duNVVGRl9rEhdEQjFoYXJDZ0w3dmwxZThQNXZUQjRBYxoiQURzcjlmUlVBRjhpRFo1Y3N5NmdPc241WWhJUTVmQi15ZxIEODEyNBoBMyoAMAA4AUAAGCoggaHuzwE6AEoCEAE","https://www.google.com/search?q=%E9%BA%BB%E5%8F%A4%E8%8C%B6%E5%9D%8A%20%E6%A5%A0%E6%A2%93%E5%89%B5%E6%96%B0%E5%BA%97%20%E9%AB%98%E9%9B%84%E5%B8%82%E6%A5%A0%E6%A2%93%E5%8D%80%E5%89%B5%E6%96%B0%E8%B7%AF21%E8%99%9F&hl=zh-TW#sv=CAESzQEKuQEStgEKd0FKaVQ0dEw0blV2ajZxTUZTbGdkNTdRdzRKcGlVbFJqX0VCeVhucjY4MmpyV3pseUdtemZxY2w5NjZ5X29leDFlaWJlM0o4OEE5bVJERGJGOE9UdEx4TTQ0Vjk5dlpteGpVbEluZHFPM1VLZURmU2duNVVGRl9rEhdEQjFoYXJDZ0w3dmwxZThQNXZUQjRBYxoiQURzcjlmUlVBRjhpRFo1Y3N5NmdPc241WWhJUTVmQi15ZxIEODEyNBoBMyoAMAA4AUAAGCoggaHuzwE6AEoCEAE","Playwright batch opened Google Order flow and read visible pickup/delivery providers."
"macu-tw-292","楠梓右昌店","南部","高雄市","楠梓區","高雄市楠梓區三山街1號","07-3639398","confirmed","confirmed","true","true","","foodpanda、Uber Eats","LINE、Uber Eats、foodpanda、食在麻吉 eathere","Uber Eats、foodpanda","https://www.google.com/search?q=%E9%BA%BB%E5%8F%A4%E8%8C%B6%E5%9D%8A+%E6%A5%A0%E6%A2%93%E5%8F%B3%E6%98%8C%E5%BA%97+%E9%AB%98%E9%9B%84%E5%B8%82%E6%A5%A0%E6%A2%93%E5%8D%80%E4%B8%89%E5%B1%B1%E8%A1%971%E8%99%9F&hl=zh-TW#sv=CAESzQEKuQEStgEKd0FKaVQ0dEp1VTlqSzRTay1aWHpfYXd3clZYRkdSNmdmMkZEekJxczJELWxZQmRqRktvWjl6TkpGMlprUnZBX1NUT0RjMEEwb0tsWlpWRnE5RkRfb3BIR0hrdzNrY0FPZ2o2QzRPa3BOOTAySHVEOVBZSUE4RFRjEhdKeDFoYXBMNkVlR2x2cjBQeUtPdW1BRRoiQURzcjlmVDBZQXpya2ZuakxKZFd1Z0VETVZSLVNDN05EZxIEODEyNBoBMyoAMAA4AUAAGCogm8Ouuws6AEoCEAE","https://www.google.com/search?q=%E9%BA%BB%E5%8F%A4%E8%8C%B6%E5%9D%8A+%E6%A5%A0%E6%A2%93%E5%8F%B3%E6%98%8C%E5%BA%97+%E9%AB%98%E9%9B%84%E5%B8%82%E6%A5%A0%E6%A2%93%E5%8D%80%E4%B8%89%E5%B1%B1%E8%A1%971%E8%99%9F&hl=zh-TW#sv=CAESzQEKuQEStgEKd0FKaVQ0dEphdkVYaTF1MnJLWU1FNlJZMzZKZUp1U3NCeXFNUjMzbW4xU1UzclNocHZZcmxNLTBxX2FfcWpQcDBoWG03VTNQcUFndTVFWEFCYVY5eFZNcm9xQnMtTVdFYVVDRXNkVFhubFQwS2UyM1ppdU9VdTBREhdxNGhoYXNyYURMcW12cjBQcEtqam1BURoiQURzcjlmVEttYkNkTlNHc1FiN2xCSWxmNXdCNXIwSVlmdxIEODEyNBoBMyoAMAA4AUAAGCogmNL5gwZKAhAB","Playwright batch opened Google Order flow and read visible pickup/delivery providers."
"macu-tw-317","楠梓後昌店","南部","高雄市","楠梓區","高雄市楠梓區慶昌里後昌路688號","07-3632206","confirmed","confirmed","true","true","foodpanda、Uber Eats","foodpanda","LINE、Uber Eats、foodpanda、食在麻吉 eathere","Uber Eats、foodpanda","https://www.google.com/search?q=%E9%BA%BB%E5%8F%A4%E8%8C%B6%E5%9D%8A+%E6%A5%A0%E6%A2%93%E5%BE%8C%E6%98%8C%E5%BA%97+%E9%AB%98%E9%9B%84%E5%B8%82%E6%A5%A0%E6%A2%93%E5%8D%80%E6%85%B6%E6%98%8C%E9%87%8C%E5%BE%8C%E6%98%8C%E8%B7%AF688%E8%99%9F&hl=zh-TW#sv=CAESzQEKuQEStgEKd0FKaVQ0dEpKczA4RXZfNjFlUWZfclpiMC1QLVpLM2pjeXF2UWJkNVpvd2c1azdBYzc3QnFldm80TVoyblJvOU9nbzlPNE8tRkVZM3dlNm05RzZiU2dpOWluZmgzMFZfdXU4eTlnVDJ4NjUxLVI3UTdIQW1XeXRREhdRaDFoYXZ2NUZhajMxZThQNXJyYTBBYxoiQURzcjlmUUU4WWlSM3QzYW9qeEpOVUNmUWIzZ1VxNWQ2ZxIEODEyNBoBMyoAMAA4AUAAGCogydWLyAM6AEoCEAE","https://www.google.com/search?q=%E9%BA%BB%E5%8F%A4%E8%8C%B6%E5%9D%8A+%E6%A5%A0%E6%A2%93%E5%BE%8C%E6%98%8C%E5%BA%97+%E9%AB%98%E9%9B%84%E5%B8%82%E6%A5%A0%E6%A2%93%E5%8D%80%E6%85%B6%E6%98%8C%E9%87%8C%E5%BE%8C%E6%98%8C%E8%B7%AF688%E8%99%9F&hl=zh-TW#sv=CAESzQEKuQEStgEKd0FKaVQ0dEpKczA4RXZfNjFlUWZfclpiMC1QLVpLM2pjeXF2UWJkNVpvd2c1azdBYzc3QnFldm80TVoyblJvOU9nbzlPNE8tRkVZM3dlNm05RzZiU2dpOWluZmgzMFZfdXU4eTlnVDJ4NjUxLVI3UTdIQW1XeXRREhdRaDFoYXZ2NUZhajMxZThQNXJyYTBBYxoiQURzcjlmUUU4WWlSM3QzYW9qeEpOVUNmUWIzZ1VxNWQ2ZxIEODEyNBoBMyoAMAA4AUAAGCogydWLyAM6AEoCEAE","Playwright batch opened Google Order flow and read visible pickup/delivery providers."
"macu-tw-283","楠梓德民店","南部","高雄市","楠梓區","高雄市楠梓區德民路998號","07-3635021","confirmed","confirmed","true","true","","foodpanda、Uber Eats","LINE、Uber Eats、foodpanda、食在麻吉 eathere","Uber Eats、foodpanda","https://www.google.com/search?q=%E9%BA%BB%E5%8F%A4%E8%8C%B6%E5%9D%8A+%E6%A5%A0%E6%A2%93%E5%BE%B7%E6%B0%91%E5%BA%97+%E9%AB%98%E9%9B%84%E5%B8%82%E6%A5%A0%E6%A2%93%E5%8D%80%E5%BE%B7%E6%B0%91%E8%B7%AF998%E8%99%9F&hl=zh-TW#sv=CAESzQEKuQEStgEKd0FKaVQ0dEtuczJXaTZNM1lVUGtyekw0bGdPendTUnJzS3FRR1ljdUNURmI1dVFldVRpVzhVZWotVVk4MUdFNVRYWTlvempWRl9kRl9mdHJXVGRSSzljTFB0T2c3OTdZc2FSblZmN3lmalN0RTVIVU5tQkxhbFdjEhdYQjFoYW83MUstT1J2cjBQcTYyUnNRdxoiQURzcjlmVGZrTV9UeVd2YjgweU5qQmdJUjNWOUtVUU5vZxIEODEyNBoBMyoAMAA4AUAAGCogzr3Kgg06AEoCEAE","https://www.google.com/search?q=%E9%BA%BB%E5%8F%A4%E8%8C%B6%E5%9D%8A+%E6%A5%A0%E6%A2%93%E5%BE%B7%E6%B0%91%E5%BA%97+%E9%AB%98%E9%9B%84%E5%B8%82%E6%A5%A0%E6%A2%93%E5%8D%80%E5%BE%B7%E6%B0%91%E8%B7%AF998%E8%99%9F&hl=zh-TW#sv=CAESzQEKuQEStgEKd0FKaVQ0dEtuczJXaTZNM1lVUGtyekw0bGdPendTUnJzS3FRR1ljdUNURmI1dVFldVRpVzhVZWotVVk4MUdFNVRYWTlvempWRl9kRl9mdHJXVGRSSzljTFB0T2c3OTdZc2FSblZmN3lmalN0RTVIVU5tQkxhbFdjEhdYQjFoYW83MUstT1J2cjBQcTYyUnNRdxoiQURzcjlmVGZrTV9UeVd2YjgweU5qQmdJUjNWOUtVUU5vZxIEODEyNBoBMyoAMAA4AUAAGCogzr3Kgg06AEoCEAE","Playwright batch opened Google Order flow and read visible pickup/delivery providers."
"macu-tw-233","楠梓德賢店","南部","高雄市","楠梓區","高雄市楠梓區德賢路249號","07-3648353","confirmed","button_confirmed_provider_pending","true","true","","","LINE、食在麻吉 eathere","","https://maps.app.goo.gl/XVgffxvP5m9rmVkWA","https://www.google.com/maps/place/%E9%BA%BB%E5%8F%A4%E8%8C%B6%E5%9D%8A%E5%BE%B7%E8%B3%A2%E5%BA%97/@22.7262652,120.3023168,1012m/data=!3m2!1e3!4b1!4m6!3m5!1s0x346e0f0055c80c05:0xe7bd19961ee58731!8m2!3d22.7262652!4d120.3048917!16s%2Fg%2F11ybw9xzmr?authuser=0&entry=ttu&g_ep=EgoyMDI2MDcxOS4wIKXMDSoASAFQAw%3D%3D","Google Order entry/panel opened, but provider rows were not parsed."
"macu-tw-312","楠梓站前店","南部","高雄市","楠梓區","高雄市楠梓區建楠路180號","07-3555322","confirmed","no_gmb_order_button","true","false","","","LINE、食在麻吉 eathere","","https://www.google.com/search?q=%E9%BA%BB%E5%8F%A4%E8%8C%B6%E5%9D%8A%20%E6%A5%A0%E6%A2%93%E7%AB%99%E5%89%8D%E5%BA%97%20%E9%AB%98%E9%9B%84%E5%B8%82%E6%A5%A0%E6%A2%93%E5%8D%80%E5%BB%BA%E6%A5%A0%E8%B7%AF180%E8%99%9F&hl=zh-TW","","Named GMB profile matched, but no Google Order entry was opened."
"macu-tw-240","橋頭糖廠店","南部","高雄市","橋頭區","高雄市橋頭區橋頭路117號","07-611 8662、0989232916","confirmed","button_confirmed_provider_pending","true","true","","","LINE、食在麻吉 eathere","","https://www.google.com/search?q=%E9%BA%BB%E5%8F%A4%E8%8C%B6%E5%9D%8A%20%E6%A9%8B%E9%A0%AD%E7%B3%96%E5%BB%A0%E5%BA%97%20%E9%AB%98%E9%9B%84%E5%B8%82%E6%A9%8B%E9%A0%AD%E5%8D%80%E6%A9%8B%E9%A0%AD%E8%B7%AF117%E8%99%9F&hl=zh-TW","https://www.google.com/search?q=%E9%BA%BB%E5%8F%A4%E8%8C%B6%E5%9D%8A%20%E6%A9%8B%E9%A0%AD%E7%B3%96%E5%BB%A0%E5%BA%97%20%E9%AB%98%E9%9B%84%E5%B8%82%E6%A9%8B%E9%A0%AD%E5%8D%80%E6%A9%8B%E9%A0%AD%E8%B7%AF117%E8%99%9F&hl=zh-TW","Google Order entry/panel opened, but provider rows were not parsed."
"macu-tw-242","燕巢鳳雄店","南部","高雄市","燕巢區","高雄市燕巢區鳳旗路224號","07-6151758","confirmed","confirmed","true","true","","foodpanda","LINE、foodpanda、食在麻吉 eathere","foodpanda","https://www.google.com/search?q=%E9%BA%BB%E5%8F%A4%E8%8C%B6%E5%9D%8A+%E7%87%95%E5%B7%A2%E9%B3%B3%E9%9B%84%E5%BA%97+%E9%AB%98%E9%9B%84%E5%B8%82%E7%87%95%E5%B7%A2%E5%8D%80%E9%B3%B3%E6%97%97%E8%B7%AF224%E8%99%9F&hl=zh-TW#sv=CAESzQEKuQEStgEKd0FKaVQ0dElERVR4dWY3VmFLNWtleWp0M0lERUVqT1hybGJxY3BoVXpYdkhGT1NZRXJNTC1sWG1jU0NTaUEtWGk3TWowZno0SXcxLUFwakJxY3ZqQ0xHdmFjXzdrNk42bFp1aUlIMFBQeUtpUG1KVElhRVJodmNjEhdyeDFoYXA3OUtyVy12cjBQcl9xMC1BaxoiQURzcjlmUmE0TDJzN2VlNl9hUDdDaXBnYTFqVjRfTW5ZdxIEODEyNBoBMyoAMAA4AUAAGCogm8LQ4gk6AEoCEAE","https://www.google.com/search?q=%E9%BA%BB%E5%8F%A4%E8%8C%B6%E5%9D%8A+%E7%87%95%E5%B7%A2%E9%B3%B3%E9%9B%84%E5%BA%97+%E9%AB%98%E9%9B%84%E5%B8%82%E7%87%95%E5%B7%A2%E5%8D%80%E9%B3%B3%E6%97%97%E8%B7%AF224%E8%99%9F&hl=zh-TW#sv=CAESzQEKuQEStgEKd0FKaVQ0dElERVR4dWY3VmFLNWtleWp0M0lERUVqT1hybGJxY3BoVXpYdkhGT1NZRXJNTC1sWG1jU0NTaUEtWGk3TWowZno0SXcxLUFwakJxY3ZqQ0xHdmFjXzdrNk42bFp1aUlIMFBQeUtpUG1KVElhRVJodmNjEhdyeDFoYXA3OUtyVy12cjBQcl9xMC1BaxoiQURzcjlmUmE0TDJzN2VlNl9hUDdDaXBnYTFqVjRfTW5ZdxIEODEyNBoBMyoAMAA4AUAAGCogm8LQ4gk6AEoCEAE","Playwright batch opened Google Order flow and read visible pickup/delivery providers."
"macu-tw-214","自強漢神店","南部","高雄市","前金區","高雄市前金區自強三路259號","07-2410289","confirmed","confirmed","true","true","","Uber Eats","LINE、Uber Eats、食在麻吉 eathere","Uber Eats","https://www.google.com/search?q=%E9%BA%BB%E5%8F%A4%E8%8C%B6%E5%9D%8A%20%E8%87%AA%E5%BC%B7%E6%BC%A2%E7%A5%9E%E5%BA%97%20%E9%AB%98%E9%9B%84%E5%B8%82%E5%89%8D%E9%87%91%E5%8D%80%E8%87%AA%E5%BC%B7%E4%B8%89%E8%B7%AF259%E8%99%9F&hl=zh-TW#sv=CAESzQEKuQEStgEKd0FKaVQ0dEs5QmFVRTktQkpBNGJjcXZxclZGdHM0MUUxZi0wMmhBQi0tZTZ0Wk5YNGMtLW1zRy11U0xZZkJjYjdZVU9aTHBEbnRDTF9jTVZYR1BBQk9iLWdHMmJqLWxsUnVpYi1YeGh1enZwTGNFdVozaVd4UzVzEhd5QjFoYXZxVEZfVGsxZThQa1pUV29ROBoiQURzcjlmUkFZVU9QOEVKMnlYMFdXbm0zeVluZUZUS09XQRIEODEyNBoBMyoAMAA4AUAAGCog0e_y0w86AEoCEAE","https://www.google.com/search?q=%E9%BA%BB%E5%8F%A4%E8%8C%B6%E5%9D%8A%20%E8%87%AA%E5%BC%B7%E6%BC%A2%E7%A5%9E%E5%BA%97%20%E9%AB%98%E9%9B%84%E5%B8%82%E5%89%8D%E9%87%91%E5%8D%80%E8%87%AA%E5%BC%B7%E4%B8%89%E8%B7%AF259%E8%99%9F&hl=zh-TW#sv=CAESzQEKuQEStgEKd0FKaVQ0dEs5QmFVRTktQkpBNGJjcXZxclZGdHM0MUUxZi0wMmhBQi0tZTZ0Wk5YNGMtLW1zRy11U0xZZkJjYjdZVU9aTHBEbnRDTF9jTVZYR1BBQk9iLWdHMmJqLWxsUnVpYi1YeGh1enZwTGNFdVozaVd4UzVzEhd5QjFoYXZxVEZfVGsxZThQa1pUV29ROBoiQURzcjlmUkFZVU9QOEVKMnlYMFdXbm0zeVluZUZUS09XQRIEODEyNBoBMyoAMAA4AUAAGCog0e_y0w86AEoCEAE","Playwright batch opened Google Order flow and read visible pickup/delivery providers."
"macu-tw-307","高雄三多三信店","南部","高雄市","苓雅區","高雄市苓雅區三多一路319號","07-7219555","confirmed","confirmed","true","true","","foodpanda、Uber Eats","LINE、Uber Eats、foodpanda、食在麻吉 eathere","Uber Eats、foodpanda","https://www.google.com/search?q=%E9%BA%BB%E5%8F%A4%E8%8C%B6%E5%9D%8A+%E9%AB%98%E9%9B%84%E4%B8%89%E5%A4%9A%E4%B8%89%E4%BF%A1%E5%BA%97+%E9%AB%98%E9%9B%84%E5%B8%82%E8%8B%93%E9%9B%85%E5%8D%80%E4%B8%89%E5%A4%9A%E4%B8%80%E8%B7%AF319%E8%99%9F&hl=zh-TW#sv=CAESzQEKuQEStgEKd0FKaVQ0dElwazd6YTRzRnFRVU1helUyN1Q0WWpfbXQwRGkwaGxyYXMxM0FhaEd2V3BuM0FjMmZGenQ3MU1hdjVuc1VxYVp1aTBwZWFnVW9tVGtpUkpucER6UkhpWjJTaXpjcTFIV1YzZGtZRWp1YVVHOUtTQ0k0EhcyeDFoYXVxUk5MVy12cjBQcnY2MjZBRRoiQURzcjlmUXhrVjRTUE9Gbnp3OER4djgzLWxDT0xJTEpGQRIEODEyNBoBMyoAMAA4AUAAGCog1qqlpAM6AEoCEAE","https://www.google.com/search?q=%E9%BA%BB%E5%8F%A4%E8%8C%B6%E5%9D%8A+%E9%AB%98%E9%9B%84%E4%B8%89%E5%A4%9A%E4%B8%89%E4%BF%A1%E5%BA%97+%E9%AB%98%E9%9B%84%E5%B8%82%E8%8B%93%E9%9B%85%E5%8D%80%E4%B8%89%E5%A4%9A%E4%B8%80%E8%B7%AF319%E8%99%9F&hl=zh-TW#sv=CAESzQEKuQEStgEKd0FKaVQ0dEpJREZXdVFpLWZzbkI2ZEUxMU1yQ3ZLX1hfR0ZmWHphb0tfZ254LTBLck90alZzcG9IVk03UE9QUGM5QVhOaVJTdTdUWGZkQjQ2RGR2YWRsZ1ctNGpRX0lqTDNQblBXLXRWeVJrQ24xdklRQmxnN2tJEhd1b2hoYXMzdE1kbVl2cjBQNUtpbzRRURoiQURzcjlmU18zcWhVNy0yOU5VMmx0Q3RYSWptY2tGM3BRQRIEODEyNBoBMyoAMAA4AUAAGCogtK2Clg9KAhAB","Playwright batch opened Google Order flow and read visible pickup/delivery providers."
"macu-tw-309","高雄中華三民店","南部","高雄市","三民區","高雄市三民區中華三路260號","07-2856900","confirmed","confirmed","true","true","","foodpanda","LINE、foodpanda、食在麻吉 eathere","foodpanda","https://www.google.com/search?q=%E9%BA%BB%E5%8F%A4%E8%8C%B6%E5%9D%8A%20%E9%AB%98%E9%9B%84%E4%B8%AD%E8%8F%AF%E4%B8%89%E6%B0%91%E5%BA%97%20%E9%AB%98%E9%9B%84%E5%B8%82%E4%B8%89%E6%B0%91%E5%8D%80%E4%B8%AD%E8%8F%AF%E4%B8%89%E8%B7%AF260%E8%99%9F&hl=zh-TW#sv=CAESzQEKuQEStgEKd0FKaVQ0dEtwMjBmXzJfMkEtelMzMzRpNWdXU0VjdUpnbk9pekctSVNQcDg1UTVsOHhZY0MzMUhVdTBwemxIMzUtS3RjekQyUzA3YUg0LTBhSUY3emRWc25SV0xNb19YM3VfS2d2c3d1U0xKdjlpM1IzUnJ2VXRrEhc5aDFoYXAyNFBOSDYxZThQZzRTTnlRRRoiQURzcjlmUW9oNlI5aVRoanBIZmVKQTFuTEkxUTdMWVVRQRIEODEyNBoBMyoAMAA4AUAAGCogybTk0Ak6AEoCEAE","https://www.google.com/search?q=%E9%BA%BB%E5%8F%A4%E8%8C%B6%E5%9D%8A%20%E9%AB%98%E9%9B%84%E4%B8%AD%E8%8F%AF%E4%B8%89%E6%B0%91%E5%BA%97%20%E9%AB%98%E9%9B%84%E5%B8%82%E4%B8%89%E6%B0%91%E5%8D%80%E4%B8%AD%E8%8F%AF%E4%B8%89%E8%B7%AF260%E8%99%9F&hl=zh-TW#sv=CAESzQEKuQEStgEKd0FKaVQ0dEtwMjBmXzJfMkEtelMzMzRpNWdXU0VjdUpnbk9pekctSVNQcDg1UTVsOHhZY0MzMUhVdTBwemxIMzUtS3RjekQyUzA3YUg0LTBhSUY3emRWc25SV0xNb19YM3VfS2d2c3d1U0xKdjlpM1IzUnJ2VXRrEhc5aDFoYXAyNFBOSDYxZThQZzRTTnlRRRoiQURzcjlmUW9oNlI5aVRoanBIZmVKQTFuTEkxUTdMWVVRQRIEODEyNBoBMyoAMAA4AUAAGCogybTk0Ak6AEoCEAE","Playwright batch opened Google Order flow and read visible pickup/delivery providers."
"macu-tw-223","高雄久堂店","南部","高雄市","大樹區","高雄市大樹區久堂里久堂路174號","07-6520097","confirmed","confirmed","true","true","foodpanda","foodpanda","LINE、foodpanda、食在麻吉 eathere","foodpanda","https://www.google.com/search?q=%E9%BA%BB%E5%8F%A4%E8%8C%B6%E5%9D%8A%20%E9%AB%98%E9%9B%84%E4%B9%85%E5%A0%82%E5%BA%97%20%E9%AB%98%E9%9B%84%E5%B8%82%E5%A4%A7%E6%A8%B9%E5%8D%80%E4%B9%85%E5%A0%82%E9%87%8C%E4%B9%85%E5%A0%82%E8%B7%AF174%E8%99%9F&hl=zh-TW#sv=CAESzQEKuQEStgEKd0FKaVQ0dEpNUHhhZ1VTaU5pQ3k5eUdIR3BRRzdnWEFLaVNwdG56a1lMbHJTYVYtTTlWN01wdk9DLVcyel9JTmhEVDVuUEhOMWRlb2dvdVhDUkhDQ0lkUUhmdW9SdzhQQ2hyNndWTzJYLW45WVh1UGJEMDFva2xZEhdFQjVoYW9YZE1jekMxZThQc3JfWmlRTRoiQURzcjlmU3lRc2hMN2pCbW44RUZXSXloWmQ0a2hHQVVhZxIEODEyNBoBMyoAMAA4AUAAGCogr9DI9wM6AEoCEAE","https://www.google.com/search?q=%E9%BA%BB%E5%8F%A4%E8%8C%B6%E5%9D%8A%20%E9%AB%98%E9%9B%84%E4%B9%85%E5%A0%82%E5%BA%97%20%E9%AB%98%E9%9B%84%E5%B8%82%E5%A4%A7%E6%A8%B9%E5%8D%80%E4%B9%85%E5%A0%82%E9%87%8C%E4%B9%85%E5%A0%82%E8%B7%AF174%E8%99%9F&hl=zh-TW#sv=CAESzQEKuQEStgEKd0FKaVQ0dEpNUHhhZ1VTaU5pQ3k5eUdIR3BRRzdnWEFLaVNwdG56a1lMbHJTYVYtTTlWN01wdk9DLVcyel9JTmhEVDVuUEhOMWRlb2dvdVhDUkhDQ0lkUUhmdW9SdzhQQ2hyNndWTzJYLW45WVh1UGJEMDFva2xZEhdFQjVoYW9YZE1jekMxZThQc3JfWmlRTRoiQURzcjlmU3lRc2hMN2pCbW44RUZXSXloWmQ0a2hHQVVhZxIEODEyNBoBMyoAMAA4AUAAGCogr9DI9wM6AEoCEAE","Playwright batch opened Google Order flow and read visible pickup/delivery providers."
"macu-tw-302","高雄九如店","南部","高雄市","三民區","高雄市三民區九如一路909號","07-3806338","confirmed","confirmed","true","true","","foodpanda","LINE、foodpanda、食在麻吉 eathere","foodpanda","https://www.google.com/search?q=%E9%BA%BB%E5%8F%A4%E8%8C%B6%E5%9D%8A+%E9%AB%98%E9%9B%84%E4%B9%9D%E5%A6%82%E5%BA%97+%E9%AB%98%E9%9B%84%E5%B8%82%E4%B8%89%E6%B0%91%E5%8D%80%E4%B9%9D%E5%A6%82%E4%B8%80%E8%B7%AF909%E8%99%9F&hl=zh-TW&sei=tR5harawH5Gevr0PmL2i0QQ#sv=CAESzQEKuQEStgEKd0FKaVQ0dElvS3JDSDdYSHd4Y1FGd1M4OWpYekVGdmdxSXduckJiRnN5SGVodmtZTWhETWtWT1R4YTlWLW9uRTVkMlRSTGZQYjFVNjRxaTJLWnJwVmU5MHIwbjU0MHpHaVEwQll5NElPRTVZUGhZd2FJai1fbWlvEhd0UjVoYXRHeEpyaW52cjBQckpuZTRRRRoiQURzcjlmUTFOTl9rVFpRVWg1V3dqb0VMSUZVUW5tblFHZxIEODEyNBoBMyoAMAA4AUAAGCogrdnazAU6AEoCEAE","https://www.google.com/search?q=%E9%BA%BB%E5%8F%A4%E8%8C%B6%E5%9D%8A+%E9%AB%98%E9%9B%84%E4%B9%9D%E5%A6%82%E5%BA%97+%E9%AB%98%E9%9B%84%E5%B8%82%E4%B8%89%E6%B0%91%E5%8D%80%E4%B9%9D%E5%A6%82%E4%B8%80%E8%B7%AF909%E8%99%9F&hl=zh-TW&sei=tR5harawH5Gevr0PmL2i0QQ#sv=CAESzQEKuQEStgEKd0FKaVQ0dEw2anF4UTBTajFLRGQ5UHJ6Y3puVmNzcjQ0T2tEUE9EbWdIRml3SV9odVRyZ2pqTzl0b05HUFNNUlQ3b2ZTVG5WVndRcGlXOFlQRE81aDNaaFpRS2FWMmN2UENKZkVKbXp4UTNyNUxGQl9seEZfVDM0EhdOSWxoYXJyTUd0LW92cjBQa3ZtTXFRWRoiQURzcjlmU01wTUItWTRMSXJnUkpYRFBrd09XZmhsRmV0dxIEODEyNBoBMyoAMAA4AUAAGCogrdWX9whKAhAB","Playwright batch opened Google Order flow and read visible pickup/delivery providers."
"macu-tw-253","高雄二聖店","南部","高雄市","前鎮區","高雄市前鎮區二聖一路75號","07-7220557","confirmed","confirmed","true","true","","foodpanda、Uber Eats","LINE、Uber Eats、foodpanda、食在麻吉 eathere","Uber Eats、foodpanda","https://www.google.com/search?q=%E9%BA%BB%E5%8F%A4%E8%8C%B6%E5%9D%8A%20%E9%AB%98%E9%9B%84%E4%BA%8C%E8%81%96%E5%BA%97%20%E9%AB%98%E9%9B%84%E5%B8%82%E5%89%8D%E9%8E%AE%E5%8D%80%E4%BA%8C%E8%81%96%E4%B8%80%E8%B7%AF75%E8%99%9F&hl=zh-TW#sv=CAESzQEKuQEStgEKd0FKaVQ0dEp6Zmh5TDFIdFI4azZ6SzBTWEtYUi1TVjhmc2RkQ1NPSlpmbDNOUWtzVFJkdTVRY3hqa3AzX1B3NjRfcHR3d0pfQ3d0VFgzTVVrVXM2Z01majZSb2Vac2FCOEtWNUk0eU9RZTZqZl9XNmZELVRjcUJjEhd5UjVoYXN2M0ZaM08xZThQN05UbDJRaxoiQURzcjlmUkZxdjVkN0Uzc2ZnZU9tb1lJTzl0cVhlRkZOdxIEODEyNBoBMyoAMAA4AUAAGCogrNG67Q06AEoCEAE","https://www.google.com/search?q=%E9%BA%BB%E5%8F%A4%E8%8C%B6%E5%9D%8A%20%E9%AB%98%E9%9B%84%E4%BA%8C%E8%81%96%E5%BA%97%20%E9%AB%98%E9%9B%84%E5%B8%82%E5%89%8D%E9%8E%AE%E5%8D%80%E4%BA%8C%E8%81%96%E4%B8%80%E8%B7%AF75%E8%99%9F&hl=zh-TW#sv=CAESzQEKuQEStgEKd0FKaVQ0dEp6Zmh5TDFIdFI4azZ6SzBTWEtYUi1TVjhmc2RkQ1NPSlpmbDNOUWtzVFJkdTVRY3hqa3AzX1B3NjRfcHR3d0pfQ3d0VFgzTVVrVXM2Z01majZSb2Vac2FCOEtWNUk0eU9RZTZqZl9XNmZELVRjcUJjEhd5UjVoYXN2M0ZaM08xZThQN05UbDJRaxoiQURzcjlmUkZxdjVkN0Uzc2ZnZU9tb1lJTzl0cVhlRkZOdxIEODEyNBoBMyoAMAA4AUAAGCogrNG67Q06AEoCEAE","Playwright batch opened Google Order flow and read visible pickup/delivery providers."
"macu-tw-255","高雄京吉店","南部","高雄市","仁武區","高雄市仁武區京吉六路31號","07-3752922","confirmed","confirmed","true","true","","Uber Eats","LINE、Uber Eats、食在麻吉 eathere","Uber Eats","https://www.google.com/search?q=%E9%BA%BB%E5%8F%A4%E8%8C%B6%E5%9D%8A%20%E9%AB%98%E9%9B%84%E4%BA%AC%E5%90%89%E5%BA%97%20%E9%AB%98%E9%9B%84%E5%B8%82%E4%BB%81%E6%AD%A6%E5%8D%80%E4%BA%AC%E5%90%89%E5%85%AD%E8%B7%AF31%E8%99%9F&hl=zh-TW#sv=CAESzQEKuQEStgEKd0FKaVQ0dEpHQUhXbmhiMHc1V2hYRDJlcU5BQm53b1R6QnlzTGJTWlBoajNMaDJYVnZVbkhsUU5heVpwZFp3c1docUhvTTVXRVpzUndmb3VUTFplZGNJRG8yc0wyM3AwdWY1UFJlSWk4TGRTQkZyS0lFdmFNd1l3EhczUjVoYXVpQUlOZnMxZThQZzRudjJROBoiQURzcjlmVFFSN0hLVk5qT3pEQ0FGZEgzSXN1bkdQb3ZrURIEODEyNBoBMyoAMAA4AUAAGCogourB3g06AEoCEAE","https://www.google.com/search?q=%E9%BA%BB%E5%8F%A4%E8%8C%B6%E5%9D%8A%20%E9%AB%98%E9%9B%84%E4%BA%AC%E5%90%89%E5%BA%97%20%E9%AB%98%E9%9B%84%E5%B8%82%E4%BB%81%E6%AD%A6%E5%8D%80%E4%BA%AC%E5%90%89%E5%85%AD%E8%B7%AF31%E8%99%9F&hl=zh-TW#sv=CAESzQEKuQEStgEKd0FKaVQ0dEpHQUhXbmhiMHc1V2hYRDJlcU5BQm53b1R6QnlzTGJTWlBoajNMaDJYVnZVbkhsUU5heVpwZFp3c1docUhvTTVXRVpzUndmb3VUTFplZGNJRG8yc0wyM3AwdWY1UFJlSWk4TGRTQkZyS0lFdmFNd1l3EhczUjVoYXVpQUlOZnMxZThQZzRudjJROBoiQURzcjlmVFFSN0hLVk5qT3pEQ0FGZEgzSXN1bkdQb3ZrURIEODEyNBoBMyoAMAA4AUAAGCogourB3g06AEoCEAE","Playwright batch opened Google Order flow and read visible pickup/delivery providers."
"macu-tw-250","高雄仁美學堂店","南部","高雄市","鳥松區","高雄市鳥松區仁美里學堂路179號","07-7352541","confirmed","confirmed","true","true","","foodpanda、Uber Eats","LINE、Uber Eats、foodpanda、食在麻吉 eathere","Uber Eats、foodpanda","https://www.google.com/search?q=%E9%BA%BB%E5%8F%A4%E8%8C%B6%E5%9D%8A%20%E9%AB%98%E9%9B%84%E4%BB%81%E7%BE%8E%E5%AD%B8%E5%A0%82%E5%BA%97%20%E9%AB%98%E9%9B%84%E5%B8%82%E9%B3%A5%E6%9D%BE%E5%8D%80%E4%BB%81%E7%BE%8E%E9%87%8C%E5%AD%B8%E5%A0%82%E8%B7%AF179%E8%99%9F&hl=zh-TW#sv=CAESzQEKuQEStgEKd0FKaVQ0dEw3SFlUQTYzdktfenpSa3J3WTB1UEtKb3RzSlJEb3Z4VUMzQmV6bWNIdXpPcWg5NFVxZExvbXRwaGhrZzRtMzJPbXNlR1hiVDA4Sl9DdFRGazBkd3pIOUlXa1lQZ3JSeG5PYXFwYzRreVZKZDVCbklnEhdBU3RoYXB1YkdfdW52cjBQeU56Wm9RURoiQURzcjlmUnFRS2g2a2NsQXRhNHlyYi1uaG0wdkJPNWZaZxIEODEyNBoBMyoAMAA4AUAAGCogyNGOwwY6AEoCEAE","https://www.google.com/search?q=%E9%BA%BB%E5%8F%A4%E8%8C%B6%E5%9D%8A%20%E9%AB%98%E9%9B%84%E4%BB%81%E7%BE%8E%E5%AD%B8%E5%A0%82%E5%BA%97%20%E9%AB%98%E9%9B%84%E5%B8%82%E9%B3%A5%E6%9D%BE%E5%8D%80%E4%BB%81%E7%BE%8E%E9%87%8C%E5%AD%B8%E5%A0%82%E8%B7%AF179%E8%99%9F&hl=zh-TW#sv=CAESzQEKuQEStgEKd0FKaVQ0dEw3SFlUQTYzdktfenpSa3J3WTB1UEtKb3RzSlJEb3Z4VUMzQmV6bWNIdXpPcWg5NFVxZExvbXRwaGhrZzRtMzJPbXNlR1hiVDA4Sl9DdFRGazBkd3pIOUlXa1lQZ3JSeG5PYXFwYzRreVZKZDVCbklnEhdBU3RoYXB1YkdfdW52cjBQeU56Wm9RURoiQURzcjlmUnFRS2g2a2NsQXRhNHlyYi1uaG0wdkJPNWZaZxIEODEyNBoBMyoAMAA4AUAAGCogyNGOwwY6AEoCEAE","Playwright batch opened Google Order flow and read visible pickup/delivery providers."
"macu-tw-263","高雄光華店","南部","高雄市","前鎮區","高雄市前鎮區光華二路314號","07-7262880","confirmed","confirmed","true","true","foodpanda","foodpanda、Uber Eats","LINE、Uber Eats、foodpanda、食在麻吉 eathere","Uber Eats、foodpanda","https://www.google.com/search?q=%E9%BA%BB%E5%8F%A4%E8%8C%B6%E5%9D%8A%20%E9%AB%98%E9%9B%84%E5%85%89%E8%8F%AF%E5%BA%97%20%E9%AB%98%E9%9B%84%E5%B8%82%E5%89%8D%E9%8E%AE%E5%8D%80%E5%85%89%E8%8F%AF%E4%BA%8C%E8%B7%AF314%E8%99%9F&hl=zh-TW#sv=CAESzQEKuQEStgEKd0FKaVQ0dEtFSWppamRhSDJJZW9Rdjg1UkM4RFEzMDZHejFJSmQ4U3ZLZGp6a0NjQkFrNDEyd05FSU9jS1FEZXprVkc0T2F1ME9uYzNXQVRjTDZTMWZhZi1yNWhYUzRZV1lqN3lId2tyeHFtc2dudW54b3Q3ZUFnEhdHeDloYXJMakFldWd2cjBQZ2NmYjhRSRoiQURzcjlmUUpJRldVSmlWZHRfZmxtb0xyVUVrTzFoSlNDZxIEODEyNBoBMyoAMAA4AUAAGCog3LawjA46AEoCEAE","https://www.google.com/search?q=%E9%BA%BB%E5%8F%A4%E8%8C%B6%E5%9D%8A%20%E9%AB%98%E9%9B%84%E5%85%89%E8%8F%AF%E5%BA%97%20%E9%AB%98%E9%9B%84%E5%B8%82%E5%89%8D%E9%8E%AE%E5%8D%80%E5%85%89%E8%8F%AF%E4%BA%8C%E8%B7%AF314%E8%99%9F&hl=zh-TW#sv=CAESzQEKuQEStgEKd0FKaVQ0dEtFSWppamRhSDJJZW9Rdjg1UkM4RFEzMDZHejFJSmQ4U3ZLZGp6a0NjQkFrNDEyd05FSU9jS1FEZXprVkc0T2F1ME9uYzNXQVRjTDZTMWZhZi1yNWhYUzRZV1lqN3lId2tyeHFtc2dudW54b3Q3ZUFnEhdHeDloYXJMakFldWd2cjBQZ2NmYjhRSRoiQURzcjlmUUpJRldVSmlWZHRfZmxtb0xyVUVrTzFoSlNDZxIEODEyNBoBMyoAMAA4AUAAGCog3LawjA46AEoCEAE","Playwright batch opened Google Order flow and read visible pickup/delivery providers."
"macu-tw-258","高雄內惟店","南部","高雄市","鼓山區","高雄市鼓山區九如四路925號","07-5338001","confirmed","confirmed","true","true","","foodpanda、Uber Eats","LINE、Uber Eats、foodpanda、食在麻吉 eathere","Uber Eats、foodpanda","https://www.google.com/search?q=%E9%BA%BB%E5%8F%A4%E8%8C%B6%E5%9D%8A%20%E9%AB%98%E9%9B%84%E5%85%A7%E6%83%9F%E5%BA%97%20%E9%AB%98%E9%9B%84%E5%B8%82%E9%BC%93%E5%B1%B1%E5%8D%80%E4%B9%9D%E5%A6%82%E5%9B%9B%E8%B7%AF925%E8%99%9F&hl=zh-TW#sv=CAESzQEKuQEStgEKd0FKaVQ0dEkxUF9KaGRJa0Z3V2h0SVdDVk11MHAtZVhSc3llUk5KVTNDbXo1OWJNalZoX01rUy0zal9YWUZtdVZVQVJhUFBPazVWMHBScXpKdDNnMFkxbWJUOTdWbE52WWZsZnJMMnAtOEk1UkVpekluY3pZXzhFEhdMeDloYXNYbE1NcUJ2cjBQaU1uRzRBNBoiQURzcjlmVDhMVlY0ejNZN2dqUDU3ZExDRTlFM1ljS2JEQRIEODEyNBoBMyoAMAA4AUAAGCogrue1pQY6AEoCEAE","https://www.google.com/search?q=%E9%BA%BB%E5%8F%A4%E8%8C%B6%E5%9D%8A%20%E9%AB%98%E9%9B%84%E5%85%A7%E6%83%9F%E5%BA%97%20%E9%AB%98%E9%9B%84%E5%B8%82%E9%BC%93%E5%B1%B1%E5%8D%80%E4%B9%9D%E5%A6%82%E5%9B%9B%E8%B7%AF925%E8%99%9F&hl=zh-TW#sv=CAESzQEKuQEStgEKd0FKaVQ0dEkxUF9KaGRJa0Z3V2h0SVdDVk11MHAtZVhSc3llUk5KVTNDbXo1OWJNalZoX01rUy0zal9YWUZtdVZVQVJhUFBPazVWMHBScXpKdDNnMFkxbWJUOTdWbE52WWZsZnJMMnAtOEk1UkVpekluY3pZXzhFEhdMeDloYXNYbE1NcUJ2cjBQaU1uRzRBNBoiQURzcjlmVDhMVlY0ejNZN2dqUDU3ZExDRTlFM1ljS2JEQRIEODEyNBoBMyoAMAA4AUAAGCogrue1pQY6AEoCEAE","Playwright batch opened Google Order flow and read visible pickup/delivery providers."
"macu-tw-252","高雄八德中山店","南部","高雄市","新興區","高雄市新興區八德一路386號","07-2363285","confirmed","confirmed","true","true","foodpanda、Uber Eats","foodpanda、Uber Eats","LINE、Uber Eats、foodpanda、食在麻吉 eathere","Uber Eats、foodpanda","https://www.google.com/search?q=%E9%BA%BB%E5%8F%A4%E8%8C%B6%E5%9D%8A+%E9%AB%98%E9%9B%84%E5%85%AB%E5%BE%B7%E4%B8%AD%E5%B1%B1%E5%BA%97+%E9%AB%98%E9%9B%84%E5%B8%82%E6%96%B0%E8%88%88%E5%8D%80%E5%85%AB%E5%BE%B7%E4%B8%80%E8%B7%AF386%E8%99%9F&hl=zh-TW#sv=CAESzQEKuQEStgEKd0FKaVQ0dExhRjBsNkFQTXZIeV9UcGxDSmpxbTlaenJuXzY4V0UzUnlIT1FiM01USnhqTVF6WVNNUk84NHhhNF94dGRoYmJSaWE0RXZ1ak0weVJRNWhZM1EwTWdIeWpsRko4c21QQVJrUm5fUjBWYnpWZlpuTWJFEhdHaXRoYXZYY0YtdnIxZThQanZlbjhBMBoiQURzcjlmU2tDNEdLRmQ5cGxneElFVlQweHA3LTFObFRtQRIEODEyNBoBMyoAMAA4AUAAGCoglfzuhAI6AEoCEAE","https://www.google.com/search?q=%E9%BA%BB%E5%8F%A4%E8%8C%B6%E5%9D%8A+%E9%AB%98%E9%9B%84%E5%85%AB%E5%BE%B7%E4%B8%AD%E5%B1%B1%E5%BA%97+%E9%AB%98%E9%9B%84%E5%B8%82%E6%96%B0%E8%88%88%E5%8D%80%E5%85%AB%E5%BE%B7%E4%B8%80%E8%B7%AF386%E8%99%9F&hl=zh-TW#sv=CAESzQEKuQEStgEKd0FKaVQ0dExhRjBsNkFQTXZIeV9UcGxDSmpxbTlaenJuXzY4V0UzUnlIT1FiM01USnhqTVF6WVNNUk84NHhhNF94dGRoYmJSaWE0RXZ1ak0weVJRNWhZM1EwTWdIeWpsRko4c21QQVJrUm5fUjBWYnpWZlpuTWJFEhdHaXRoYXZYY0YtdnIxZThQanZlbjhBMBoiQURzcjlmU2tDNEdLRmQ5cGxneElFVlQweHA3LTFObFRtQRIEODEyNBoBMyoAMAA4AUAAGCoglfzuhAI6AEoCEAE","Playwright batch opened Google Order flow and read visible pickup/delivery providers."
"macu-tw-278","高雄六合店","南部","高雄市","新興區","高雄市新興區長驛里自立二路116號","07-2850305","confirmed","confirmed","true","true","","Uber Eats","LINE、Uber Eats、食在麻吉 eathere","Uber Eats","https://www.google.com/search?q=%E9%BA%BB%E5%8F%A4%E8%8C%B6%E5%9D%8A+%E9%AB%98%E9%9B%84%E5%85%AD%E5%90%88%E5%BA%97+%E9%AB%98%E9%9B%84%E5%B8%82%E6%96%B0%E8%88%88%E5%8D%80%E9%95%B7%E9%A9%9B%E9%87%8C%E8%87%AA%E7%AB%8B%E4%BA%8C%E8%B7%AF116%E8%99%9F&hl=zh-TW#sv=CAESzQEKuQEStgEKd0FKaVQ0dElpTW9BTzMzQ0hWN0JvYWdLOE45TUZOWFo2Um11RGM2SGROYW9aZk5DTmZUT0NxSTRLQmlyTnRIZy11OVdWbVZNWWltdWhmZEtIdHZGZ1NrMERialYzdmhZeHlqb0JfenF4dndzcUFjakxKWGRKenNVEhdiaDloYXFUekM1MkZ2cjBQOHB5cTRRTRoiQURzcjlmUWJicjNydm1DU3BjZWpzcXRPWFI0d1Z4THhOURIEODEyNBoBMyoAMAA4AUAAGCog84284QY6AEoCEAE","https://www.google.com/search?q=%E9%BA%BB%E5%8F%A4%E8%8C%B6%E5%9D%8A+%E9%AB%98%E9%9B%84%E5%85%AD%E5%90%88%E5%BA%97+%E9%AB%98%E9%9B%84%E5%B8%82%E6%96%B0%E8%88%88%E5%8D%80%E9%95%B7%E9%A9%9B%E9%87%8C%E8%87%AA%E7%AB%8B%E4%BA%8C%E8%B7%AF116%E8%99%9F&hl=zh-TW#sv=CAESzQEKuQEStgEKd0FKaVQ0dElpTW9BTzMzQ0hWN0JvYWdLOE45TUZOWFo2Um11RGM2SGROYW9aZk5DTmZUT0NxSTRLQmlyTnRIZy11OVdWbVZNWWltdWhmZEtIdHZGZ1NrMERialYzdmhZeHlqb0JfenF4dndzcUFjakxKWGRKenNVEhdiaDloYXFUekM1MkZ2cjBQOHB5cTRRTRoiQURzcjlmUWJicjNydm1DU3BjZWpzcXRPWFI0d1Z4THhOURIEODEyNBoBMyoAMAA4AUAAGCog84284QY6AEoCEAE","Playwright batch opened Google Order flow and read visible pickup/delivery providers."
"macu-tw-262","高雄博愛店","南部","高雄市","三民區","高雄市三民區博愛一路316號","07-3228892","confirmed","confirmed","true","true","","foodpanda、Uber Eats","LINE、Uber Eats、foodpanda、食在麻吉 eathere","Uber Eats、foodpanda","https://www.google.com/search?q=%E9%BA%BB%E5%8F%A4%E8%8C%B6%E5%9D%8A%20%E9%AB%98%E9%9B%84%E5%8D%9A%E6%84%9B%E5%BA%97%20%E9%AB%98%E9%9B%84%E5%B8%82%E4%B8%89%E6%B0%91%E5%8D%80%E5%8D%9A%E6%84%9B%E4%B8%80%E8%B7%AF316%E8%99%9F&hl=zh-TW#sv=CAESzQEKuQEStgEKd0FKaVQ0dEtubktwNElpR1FLZmZ1ekJ0LXEtU0dRSnV1RmhnT0E3d05pXzBkYWZmMjlHd3RCV004SUxIN0Y4OXlmS3I1aVROZWZUZmcweW8zR3RuRlFIWkRBYmRrdEw3LVBaakdDXzRUQ0ZzYWdIaXEyaFBtcVljEhdmeDloYXFtT0xaVER2cjBQNGVpMTBROBoiQURzcjlmU0t4OGFLNnJCUXZzel83Yk0xQklxZ3MtU3htdxIEODEyNBoBMyoAMAA4AUAAGCogx5bmqg86AEoCEAE","https://www.google.com/search?q=%E9%BA%BB%E5%8F%A4%E8%8C%B6%E5%9D%8A%20%E9%AB%98%E9%9B%84%E5%8D%9A%E6%84%9B%E5%BA%97%20%E9%AB%98%E9%9B%84%E5%B8%82%E4%B8%89%E6%B0%91%E5%8D%80%E5%8D%9A%E6%84%9B%E4%B8%80%E8%B7%AF316%E8%99%9F&hl=zh-TW#sv=CAESzQEKuQEStgEKd0FKaVQ0dEtubktwNElpR1FLZmZ1ekJ0LXEtU0dRSnV1RmhnT0E3d05pXzBkYWZmMjlHd3RCV004SUxIN0Y4OXlmS3I1aVROZWZUZmcweW8zR3RuRlFIWkRBYmRrdEw3LVBaakdDXzRUQ0ZzYWdIaXEyaFBtcVljEhdmeDloYXFtT0xaVER2cjBQNGVpMTBROBoiQURzcjlmU0t4OGFLNnJCUXZzel83Yk0xQklxZ3MtU3htdxIEODEyNBoBMyoAMAA4AUAAGCogx5bmqg86AEoCEAE","Playwright batch opened Google Order flow and read visible pickup/delivery providers."
"macu-tw-245","高雄土庫店","南部","高雄市","楠梓區","高雄市楠梓區清豐二路146號","07-3558688","confirmed","confirmed","true","true","","foodpanda、Uber Eats","LINE、Uber Eats、foodpanda、食在麻吉 eathere","Uber Eats、foodpanda","https://www.google.com/search?q=%E9%BA%BB%E5%8F%A4%E8%8C%B6%E5%9D%8A%20%E9%AB%98%E9%9B%84%E5%9C%9F%E5%BA%AB%E5%BA%97%20%E9%AB%98%E9%9B%84%E5%B8%82%E6%A5%A0%E6%A2%93%E5%8D%80%E6%B8%85%E8%B1%90%E4%BA%8C%E8%B7%AF146%E8%99%9F&hl=zh-TW#sv=CAESzQEKuQEStgEKd0FKaVQ0dEk3U0R3cjZLakN3WE5kTV8wUXhnUFBoSEJNWHR2Y3hUWlktc0I1Y05odHRUVTcwM1Z4OXp5UEw0cldwMUZ5Wlo1VDZnYkljRzAyX0J2Vm9VU1lNSTNEaVJySk9JOUhVb2dWRVVtdEhlWHF5ZHAxWXVnEhdsUjloYXB2d0I1amQxZThQOFBfTjhBdxoiQURzcjlmVDNWSHFlOWlYRVFfYjFsX1pkX2dXX2F1Wk5LURIEODEyNBoBMyoAMAA4AUAAGCogvL-LlQU6AEoCEAE","https://www.google.com/search?q=%E9%BA%BB%E5%8F%A4%E8%8C%B6%E5%9D%8A+%E9%AB%98%E9%9B%84%E5%9C%9F%E5%BA%AB%E5%BA%97+%E9%AB%98%E9%9B%84%E5%B8%82%E6%A5%A0%E6%A2%93%E5%8D%80%E6%B8%85%E8%B1%90%E4%BA%8C%E8%B7%AF146%E8%99%9F&hl=zh-TW#sv=CAESzQEKuQEStgEKd0FKaVQ0dEk3U0R3cjZLakN3WE5kTV8wUXhnUFBoSEJNWHR2Y3hUWlktc0I1Y05odHRUVTcwM1Z4OXp5UEw0cldwMUZ5Wlo1VDZnYkljRzAyX0J2Vm9VU1lNSTNEaVJySk9JOUhVb2dWRVVtdEhlWHF5ZHAxWXVnEhdsUjloYXB2d0I1amQxZThQOFBfTjhBdxoiQURzcjlmVDNWSHFlOWlYRVFfYjFsX1pkX2dXX2F1Wk5LURIEODEyNBoBMyoAMAA4AUAAGCogvL-LlQU6AEoCEAE","Playwright batch opened Google Order flow and read visible pickup/delivery providers."
"macu-tw-277","高雄大寮鳳林店","南部","高雄市","大寮區","高雄市大寮區山頂里鳳林三路747號","07-7865698","confirmed","button_confirmed_provider_pending","true","true","","","LINE、食在麻吉 eathere","","https://goo.gl/maps/veP9F3TKzxJmFret9","https://www.google.com.tw/maps/place/%E9%BA%BB%E5%8F%A4%E8%8C%B6%E5%9D%8A+%E9%B3%B3%E6%9E%97%E5%BA%97/@22.6112713,120.3920379,17z/data=!4m7!3m6!1s0x346e1b9db043a2b3:0x734f1c9b8075bd51!8m2!3d22.6112713!4d120.3920379!10e1!16s%2Fg%2F11bxdvgg1z?hl=zh-TW&entry=ttu&g_ep=EgoyMDI2MDcxOS4wIKXMDSoASAFQAw%3D%3D","Google Order entry/panel opened, but provider rows were not parsed."
"macu-tw-294","高雄大昌大豐店","南部","高雄市","三民區","高雄市三民區大昌二路240號","07-3813366","confirmed","confirmed","true","true","","foodpanda、Uber Eats","LINE、Uber Eats、foodpanda、食在麻吉 eathere","Uber Eats、foodpanda","https://www.google.com/search?q=%E9%BA%BB%E5%8F%A4%E8%8C%B6%E5%9D%8A+%E9%AB%98%E9%9B%84%E5%A4%A7%E6%98%8C%E5%A4%A7%E8%B1%90%E5%BA%97+%E9%AB%98%E9%9B%84%E5%B8%82%E4%B8%89%E6%B0%91%E5%8D%80%E5%A4%A7%E6%98%8C%E4%BA%8C%E8%B7%AF240%E8%99%9F&hl=zh-TW#sv=CAESzQEKuQEStgEKd0FKaVQ0dEpQRjJDdHU2UkhnWHNsbXNVWk14Y3B2enlsMjhlY0ozNTVZWFNNal91c2xCakFzVDM3c0tWOFZ0RUR5dnNPdmlWREx3TnJ1Z1l1elFtXzFzZ2FnVmZsaVA0REhNM3haUEpZMWRQNGpTZGlkWFV6ZUs0Ehd3eDloYXRuS0JLVHAxZThQcXRHMThBbxoiQURzcjlmUzFzS0FzdmZpdWdFOFlKQ3BfMnJLdzNUZDdMQRIEODEyNBoBMyoAMAA4AUAAGCoglouIQjoASgIQAQ","https://www.google.com/search?q=%E9%BA%BB%E5%8F%A4%E8%8C%B6%E5%9D%8A+%E9%AB%98%E9%9B%84%E5%A4%A7%E6%98%8C%E5%A4%A7%E8%B1%90%E5%BA%97+%E9%AB%98%E9%9B%84%E5%B8%82%E4%B8%89%E6%B0%91%E5%8D%80%E5%A4%A7%E6%98%8C%E4%BA%8C%E8%B7%AF240%E8%99%9F&hl=zh-TW#sv=CAESzQEKuQEStgEKd0FKaVQ0dEpQRjJDdHU2UkhnWHNsbXNVWk14Y3B2enlsMjhlY0ozNTVZWFNNal91c2xCakFzVDM3c0tWOFZ0RUR5dnNPdmlWREx3TnJ1Z1l1elFtXzFzZ2FnVmZsaVA0REhNM3haUEpZMWRQNGpTZGlkWFV6ZUs0Ehd3eDloYXRuS0JLVHAxZThQcXRHMThBbxoiQURzcjlmUzFzS0FzdmZpdWdFOFlKQ3BfMnJLdzNUZDdMQRIEODEyNBoBMyoAMAA4AUAAGCoglouIQjoASgIQAQ","Playwright batch opened Google Order flow and read visible pickup/delivery providers."
"macu-tw-332","高雄大昌店","南部","高雄市","三民區","高雄市三民區寶珠里大昌二路553號1樓","07-3801122","confirmed","no_gmb_order_button","true","false","","","LINE、食在麻吉 eathere","","https://www.google.com/search?q=%E9%BA%BB%E5%8F%A4%E8%8C%B6%E5%9D%8A%20%E9%AB%98%E9%9B%84%E5%A4%A7%E6%98%8C%E5%BA%97%20%E9%AB%98%E9%9B%84%E5%B8%82%E4%B8%89%E6%B0%91%E5%8D%80%E5%AF%B6%E7%8F%A0%E9%87%8C%E5%A4%A7%E6%98%8C%E4%BA%8C%E8%B7%AF553%E8%99%9F1%E6%A8%93&hl=zh-TW","","Named GMB profile matched, but no Google Order entry was opened."
"macu-tw-227","高雄大發二店","南部","高雄市","大寮區","高雄市大寮區鳳林三路370號","07-7821777","confirmed","confirmed","true","true","","foodpanda、Uber Eats","LINE、Uber Eats、foodpanda、食在麻吉 eathere","Uber Eats、foodpanda","https://www.google.com/search?q=%E9%BA%BB%E5%8F%A4%E8%8C%B6%E5%9D%8A+%E9%AB%98%E9%9B%84%E5%A4%A7%E7%99%BC%E4%BA%8C%E5%BA%97+%E9%AB%98%E9%9B%84%E5%B8%82%E5%A4%A7%E5%AF%AE%E5%8D%80%E9%B3%B3%E6%9E%97%E4%B8%89%E8%B7%AF370%E8%99%9F&hl=zh-TW#sv=CAESzQEKuQEStgEKd0FKaVQ0dEpIdjRTdmVXVlpJQ3lUVXRyTnVYWVk4SDRsVWtKMWdTZFpoMkkwSVBmaElock1CaUxCUXlLQUE1Yi1wcFlzTHdKeVI4XzIzdjh4VHRTbUhMVkVKdHpFcm9yVElqZ0VFMWhiRldXcGNRanptUTdIUkNVEhc5aDloYW8tVk9LbV92cjBQdmRlR21BaxoiQURzcjlmVEpIQjBtQmxWNVE0VHRVU2h6dmNNbGJadC1VURIEODEyNBoBMyoAMAA4AUAAGCogv-i6HDoASgIQAQ","https://www.google.com/search?q=%E9%BA%BB%E5%8F%A4%E8%8C%B6%E5%9D%8A+%E9%AB%98%E9%9B%84%E5%A4%A7%E7%99%BC%E4%BA%8C%E5%BA%97+%E9%AB%98%E9%9B%84%E5%B8%82%E5%A4%A7%E5%AF%AE%E5%8D%80%E9%B3%B3%E6%9E%97%E4%B8%89%E8%B7%AF370%E8%99%9F&hl=zh-TW#sv=CAESzQEKuQEStgEKd0FKaVQ0dEpIdjRTdmVXVlpJQ3lUVXRyTnVYWVk4SDRsVWtKMWdTZFpoMkkwSVBmaElock1CaUxCUXlLQUE1Yi1wcFlzTHdKeVI4XzIzdjh4VHRTbUhMVkVKdHpFcm9yVElqZ0VFMWhiRldXcGNRanptUTdIUkNVEhc5aDloYW8tVk9LbV92cjBQdmRlR21BaxoiQURzcjlmVEpIQjBtQmxWNVE0VHRVU2h6dmNNbGJadC1VURIEODEyNBoBMyoAMAA4AUAAGCogv-i6HDoASgIQAQ","Playwright batch opened Google Order flow and read visible pickup/delivery providers."
"macu-tw-266","高雄大發店","南部","高雄市","大寮區","高雄市大寮區大寮路813號","07-7885869","confirmed","confirmed","true","true","","foodpanda、Uber Eats","LINE、Uber Eats、foodpanda、食在麻吉 eathere","Uber Eats、foodpanda","https://www.google.com/search?q=%E9%BA%BB%E5%8F%A4%E8%8C%B6%E5%9D%8A%20%E9%AB%98%E9%9B%84%E5%A4%A7%E7%99%BC%E5%BA%97%20%E9%AB%98%E9%9B%84%E5%B8%82%E5%A4%A7%E5%AF%AE%E5%8D%80%E5%A4%A7%E5%AF%AE%E8%B7%AF813%E8%99%9F&hl=zh-TW#sv=CAESzQEKuQEStgEKd0FKaVQ0dExSTzkxNjRxTzUtX0dJV21JTW9pbnN4eUNBUVlzYkFIMUJ6SkRUajUtM2RzVzJjUmhhVU5zVU4yZ1VHWWk0T1NHRTN6LU1rOVFLRWdYaTJSTHRDc1EtVmxPeDFDdG9zOUFHWU5hd0ZxLWJvMGxSV184EhdDeUJoYXJ5NEJhZWl2cjBQdGRqMDBRRRoiQURzcjlmUmNYSHVTRVg3dDIySWNFaGphRDlMMHFwaGpMQRIEODEyNBoBMyoAMAA4AUAAGCoglubuqgI6AEoCEAE","https://www.google.com/search?q=%E9%BA%BB%E5%8F%A4%E8%8C%B6%E5%9D%8A+%E9%AB%98%E9%9B%84%E5%A4%A7%E7%99%BC%E5%BA%97+%E9%AB%98%E9%9B%84%E5%B8%82%E5%A4%A7%E5%AF%AE%E5%8D%80%E5%A4%A7%E5%AF%AE%E8%B7%AF813%E8%99%9F&hl=zh-TW#sv=CAESzQEKuQEStgEKd0FKaVQ0dExSTzkxNjRxTzUtX0dJV21JTW9pbnN4eUNBUVlzYkFIMUJ6SkRUajUtM2RzVzJjUmhhVU5zVU4yZ1VHWWk0T1NHRTN6LU1rOVFLRWdYaTJSTHRDc1EtVmxPeDFDdG9zOUFHWU5hd0ZxLWJvMGxSV184EhdDeUJoYXJ5NEJhZWl2cjBQdGRqMDBRRRoiQURzcjlmUmNYSHVTRVg3dDIySWNFaGphRDlMMHFwaGpMQRIEODEyNBoBMyoAMAA4AUAAGCoglubuqgI6AEoCEAE","Playwright batch opened Google Order flow and read visible pickup/delivery providers."
"macu-tw-246","高雄大社店","南部","高雄市","大社區","高雄市大社區大社里7鄰中山路228號","07-3582001","confirmed","button_confirmed_provider_pending","true","true","","","LINE、食在麻吉 eathere","","https://goo.gl/maps/hCY3HGw9LLGmC9ft9","https://www.google.com.tw/maps/place/%E9%BA%BB%E5%8F%A4%E8%8C%B6%E5%9D%8A+%E5%A4%A7%E7%A4%BE%E5%BA%97/@22.7318024,120.3480985,17z/data=!4m7!3m6!1s0x346e102b990c4167:0x9f18cbc0ad2ff987!8m2!3d22.7318024!4d120.3480985!10e1!16s%2Fg%2F11fyzd9spm?hl=zh-TW&entry=ttu&g_ep=EgoyMDI2MDcxOS4wIKXMDSoASAFQAw%3D%3D","Google Order entry/panel opened, but provider rows were not parsed."
"macu-tw-264","高雄大順富國店","南部","高雄市","左營區","高雄市左營區富國路33號","07-5569556","confirmed","confirmed","true","true","","Uber Eats","LINE、Uber Eats、食在麻吉 eathere","Uber Eats","https://www.google.com/search?q=%E9%BA%BB%E5%8F%A4%E8%8C%B6%E5%9D%8A%20%E9%AB%98%E9%9B%84%E5%A4%A7%E9%A0%86%E5%AF%8C%E5%9C%8B%E5%BA%97%20%E9%AB%98%E9%9B%84%E5%B8%82%E5%B7%A6%E7%87%9F%E5%8D%80%E5%AF%8C%E5%9C%8B%E8%B7%AF33%E8%99%9F&hl=zh-TW#sv=CAESzQEKuQEStgEKd0FKaVQ0dEpuaXF5V2NDQkF1OEhVenVxVGJsUUhnUF9HS3VjS0VnMThjWXY5a2pfSWJQczA4MmhhWnBmYnlpQ0lRNWE2dGpkV21YQVJLOHhyY3UzcVdQbTlkOHU2S2poczRuS3duQWhzOEhyN0Q0VEpjYXZFcjZvEhdQaUJoYXVDbEpNdUJ2cjBQcjl6VnlBYxoiQURzcjlmUU1fTUtNWXBZYUZhOU1ZbzFJZEpuRzN2NFV3ZxIEODEyNBoBMyoAMAA4AUAAGCog6a_MtwI6AEoCEAE","https://www.google.com/search?q=%E9%BA%BB%E5%8F%A4%E8%8C%B6%E5%9D%8A+%E9%AB%98%E9%9B%84%E5%A4%A7%E9%A0%86%E5%AF%8C%E5%9C%8B%E5%BA%97+%E9%AB%98%E9%9B%84%E5%B8%82%E5%B7%A6%E7%87%9F%E5%8D%80%E5%AF%8C%E5%9C%8B%E8%B7%AF33%E8%99%9F&hl=zh-TW#sv=CAESzQEKuQEStgEKd0FKaVQ0dEpuaXF5V2NDQkF1OEhVenVxVGJsUUhnUF9HS3VjS0VnMThjWXY5a2pfSWJQczA4MmhhWnBmYnlpQ0lRNWE2dGpkV21YQVJLOHhyY3UzcVdQbTlkOHU2S2poczRuS3duQWhzOEhyN0Q0VEpjYXZFcjZvEhdQaUJoYXVDbEpNdUJ2cjBQcjl6VnlBYxoiQURzcjlmUU1fTUtNWXBZYUZhOU1ZbzFJZEpuRzN2NFV3ZxIEODEyNBoBMyoAMAA4AUAAGCog6a_MtwI6AEoCEAE","Playwright batch opened Google Order flow and read visible pickup/delivery providers."
"macu-tw-327","高雄天祥店","南部","高雄市","三民區","高雄市三民區天祥一路140號","07-3101866","confirmed","confirmed","true","true","","foodpanda、Uber Eats","LINE、Uber Eats、foodpanda、食在麻吉 eathere","Uber Eats、foodpanda","https://www.google.com/search?q=%E9%BA%BB%E5%8F%A4%E8%8C%B6%E5%9D%8A%20%E9%AB%98%E9%9B%84%E5%A4%A9%E7%A5%A5%E5%BA%97%20%E9%AB%98%E9%9B%84%E5%B8%82%E4%B8%89%E6%B0%91%E5%8D%80%E5%A4%A9%E7%A5%A5%E4%B8%80%E8%B7%AF140%E8%99%9F&hl=zh-TW#sv=CAESzAEKuAEStQEKd0FKaVQ0dEpDYnBJMnE1MGRZSHZaZUdyN2VTd3JiaUluRUM2S0tobTYyVVdDdUhKSm9FZEJWVDBZRnBxcjJSN2Y5dHVxUnFyckp2QU8wRE5PMllGWW13VWY4dDBOeGJweFc4VkJoblQ1TGMzMDVNMDJ6UVpQaS1NEhZVaUJoYXVQa0FaTFMxZThQNDltdU1BGiJBRHNyOWZSbWppaG5CQ3NVZEpBSWRyN1pjUUkzSmo0R2VBEgQ4MTI0GgEzKgAwADgBQAAYKiDPmPaOAzoASgIQAQ","https://www.google.com/search?q=%E9%BA%BB%E5%8F%A4%E8%8C%B6%E5%9D%8A+%E9%AB%98%E9%9B%84%E5%A4%A9%E7%A5%A5%E5%BA%97+%E9%AB%98%E9%9B%84%E5%B8%82%E4%B8%89%E6%B0%91%E5%8D%80%E5%A4%A9%E7%A5%A5%E4%B8%80%E8%B7%AF140%E8%99%9F&hl=zh-TW#sv=CAESzAEKuAEStQEKd0FKaVQ0dEpDYnBJMnE1MGRZSHZaZUdyN2VTd3JiaUluRUM2S0tobTYyVVdDdUhKSm9FZEJWVDBZRnBxcjJSN2Y5dHVxUnFyckp2QU8wRE5PMllGWW13VWY4dDBOeGJweFc4VkJoblQ1TGMzMDVNMDJ6UVpQaS1NEhZVaUJoYXVQa0FaTFMxZThQNDltdU1BGiJBRHNyOWZSbWppaG5CQ3NVZEpBSWRyN1pjUUkzSmo0R2VBEgQ4MTI0GgEzKgAwADgBQAAYKiDPmPaOAzoASgIQAQ","Playwright batch opened Google Order flow and read visible pickup/delivery providers."
"macu-tw-328","高雄嫩江店","南部","高雄市","三民區","高雄市三民區嫩江街80號","07-3130727","confirmed","confirmed","true","true","","foodpanda、Uber Eats","LINE、Uber Eats、foodpanda、食在麻吉 eathere","Uber Eats、foodpanda","https://www.google.com/search?q=%E9%BA%BB%E5%8F%A4%E8%8C%B6%E5%9D%8A%20%E9%AB%98%E9%9B%84%E5%AB%A9%E6%B1%9F%E5%BA%97%20%E9%AB%98%E9%9B%84%E5%B8%82%E4%B8%89%E6%B0%91%E5%8D%80%E5%AB%A9%E6%B1%9F%E8%A1%9780%E8%99%9F&hl=zh-TW#sv=CAESzQEKuQEStgEKd0FKaVQ0dEkxNTZhXzZwN0FQZUpGUXpwbmhXcmwxOUZ4OW5oNEhDM3lHMHFjRXdnVjFMNkpnWWlNWnp1d3BmYTJUSnhoVFBSd1RqclVmRFo4VEN6Y3k4bmxZZUNWYVNIdGx0RUl0Q2lTLWcyN2FEWnZaRVF3bmdREhdaaUJoYXN1S01lYW0xZThQNy1DOC1RcxoiQURzcjlmUlJnSGdkM1lfaVRKdFIyYVRubHNhamdjc2lzQRIEODEyNBoBMyoAMAA4AUAAGCogzPiZyAM6AEoCEAE","https://www.google.com/search?q=%E9%BA%BB%E5%8F%A4%E8%8C%B6%E5%9D%8A%20%E9%AB%98%E9%9B%84%E5%AB%A9%E6%B1%9F%E5%BA%97%20%E9%AB%98%E9%9B%84%E5%B8%82%E4%B8%89%E6%B0%91%E5%8D%80%E5%AB%A9%E6%B1%9F%E8%A1%9780%E8%99%9F&hl=zh-TW#sv=CAESzQEKuQEStgEKd0FKaVQ0dEkxNTZhXzZwN0FQZUpGUXpwbmhXcmwxOUZ4OW5oNEhDM3lHMHFjRXdnVjFMNkpnWWlNWnp1d3BmYTJUSnhoVFBSd1RqclVmRFo4VEN6Y3k4bmxZZUNWYVNIdGx0RUl0Q2lTLWcyN2FEWnZaRVF3bmdREhdaaUJoYXN1S01lYW0xZThQNy1DOC1RcxoiQURzcjlmUlJnSGdkM1lfaVRKdFIyYVRubHNhamdjc2lzQRIEODEyNBoBMyoAMAA4AUAAGCogzPiZyAM6AEoCEAE","Playwright batch opened Google Order flow and read visible pickup/delivery providers."
"macu-tw-286","高雄小港孔鳳店","南部","高雄市","小港區","高雄市小港區孔鳳路515號","07-7961330","confirmed","confirmed","true","true","","Uber Eats、foodpanda","LINE、Uber Eats、foodpanda、食在麻吉 eathere","Uber Eats、foodpanda","https://www.google.com/search?q=%E9%BA%BB%E5%8F%A4%E8%8C%B6%E5%9D%8A%20%E9%AB%98%E9%9B%84%E5%B0%8F%E6%B8%AF%E5%AD%94%E9%B3%B3%E5%BA%97%20%E9%AB%98%E9%9B%84%E5%B8%82%E5%B0%8F%E6%B8%AF%E5%8D%80%E5%AD%94%E9%B3%B3%E8%B7%AF515%E8%99%9F&hl=zh-TW#sv=CAESzQEKuQEStgEKd0FKaVQ0dExJWjdMb1B3YXNUVjN6UUJwaFZGR0FJd2F6aHc2NlpOUnZ6X1hiTWJnc2dzWnMzajB2cEVQNnJvMUM4MC1DOEQ1LUdFeHY1LVVMWFluajU2a2hrWkg1NjNYdDVzRGJqU3E5Mzhnc2w0QkxUMjRva1J3EhdleUJoYXJMYk5ZdVB2cjBQdF9EeHNBVRoiQURzcjlmUVlLLWV2YW1tSW55X3NqZF9BVzV5ZTM0MFdYQRIEODEyNBoBMyoAMAA4AUAAGCog2fzL5A86AEoCEAE","https://www.google.com/search?q=%E9%BA%BB%E5%8F%A4%E8%8C%B6%E5%9D%8A%20%E9%AB%98%E9%9B%84%E5%B0%8F%E6%B8%AF%E5%AD%94%E9%B3%B3%E5%BA%97%20%E9%AB%98%E9%9B%84%E5%B8%82%E5%B0%8F%E6%B8%AF%E5%8D%80%E5%AD%94%E9%B3%B3%E8%B7%AF515%E8%99%9F&hl=zh-TW#sv=CAESzQEKuQEStgEKd0FKaVQ0dExJWjdMb1B3YXNUVjN6UUJwaFZGR0FJd2F6aHc2NlpOUnZ6X1hiTWJnc2dzWnMzajB2cEVQNnJvMUM4MC1DOEQ1LUdFeHY1LVVMWFluajU2a2hrWkg1NjNYdDVzRGJqU3E5Mzhnc2w0QkxUMjRva1J3EhdleUJoYXJMYk5ZdVB2cjBQdF9EeHNBVRoiQURzcjlmUVlLLWV2YW1tSW55X3NqZF9BVzV5ZTM0MFdYQRIEODEyNBoBMyoAMAA4AUAAGCog2fzL5A86AEoCEAE","Playwright batch opened Google Order flow and read visible pickup/delivery providers."
"macu-tw-272","高雄小港平和店","南部","高雄市","小港區","高雄市小港區平和路41號一樓","07-831-1111","confirmed","button_confirmed_provider_pending","true","true","","","LINE、食在麻吉 eathere","","https://goo.gl/maps/VciPpp39eAUzasU1A","https://www.google.com/maps/place/%E9%BA%BB%E5%8F%A4%E8%8C%B6%E5%9D%8A%E5%B0%8F%E6%B8%AF%E5%B9%B3%E5%92%8C%E5%BA%97/@22.5640897,120.334182,1014m/data=!3m2!1e3!4b1!4m6!3m5!1s0x346e03f4bb9ca2ab:0x483822b01d8706e3!8m2!3d22.5640897!4d120.334182!16s%2Fg%2F11qpljv8w6?entry=ttu&g_ep=EgoyMDI2MDcyMC4wIKXMDSoASAFQAw%3D%3D","Google Order entry/panel opened, but provider rows were not parsed."
"macu-tw-254","高雄岡山前峰店","南部","高雄市","岡山區","高雄市岡山區前峰路109-2號","07-6257077","confirmed","confirmed","true","true","","foodpanda、Uber Eats","LINE、Uber Eats、foodpanda、食在麻吉 eathere","Uber Eats、foodpanda","https://www.google.com/search?q=%E9%BA%BB%E5%8F%A4%E8%8C%B6%E5%9D%8A%20%E9%AB%98%E9%9B%84%E5%B2%A1%E5%B1%B1%E5%89%8D%E5%B3%B0%E5%BA%97%20%E9%AB%98%E9%9B%84%E5%B8%82%E5%B2%A1%E5%B1%B1%E5%8D%80%E5%89%8D%E5%B3%B0%E8%B7%AF109-2%E8%99%9F&hl=zh-TW#sv=CAESzQEKuQEStgEKd0FKaVQ0dEpLaTVFRndFei1peGVmVkpHR3ZXZFNYX09oTUN3bGwtVl9FSUFsQ0FEMXhFd25EcWFXbXdyYmplWDF1TENpSjQxTnVUQmZReDlYbGJVSDRCcEM2NGphOTRCWWpOZEZVdHBKUkFlVXJLMHA1Qml5bXpBEhdyaUJoYXAyQUs5dTl2cjBQN1pyWjRRRRoiQURzcjlmU2w2MEN6Q1FkOW5GZEJZMXZTTzdET2Jlc2R3URIEODEyNBoBMyoAMAA4AUAAGCog-aOl0gE6AEoCEAE","https://www.google.com/search?q=%E9%BA%BB%E5%8F%A4%E8%8C%B6%E5%9D%8A%20%E9%AB%98%E9%9B%84%E5%B2%A1%E5%B1%B1%E5%89%8D%E5%B3%B0%E5%BA%97%20%E9%AB%98%E9%9B%84%E5%B8%82%E5%B2%A1%E5%B1%B1%E5%8D%80%E5%89%8D%E5%B3%B0%E8%B7%AF109-2%E8%99%9F&hl=zh-TW#sv=CAESzQEKuQEStgEKd0FKaVQ0dEpLaTVFRndFei1peGVmVkpHR3ZXZFNYX09oTUN3bGwtVl9FSUFsQ0FEMXhFd25EcWFXbXdyYmplWDF1TENpSjQxTnVUQmZReDlYbGJVSDRCcEM2NGphOTRCWWpOZEZVdHBKUkFlVXJLMHA1Qml5bXpBEhdyaUJoYXAyQUs5dTl2cjBQN1pyWjRRRRoiQURzcjlmU2w2MEN6Q1FkOW5GZEJZMXZTTzdET2Jlc2R3URIEODEyNBoBMyoAMAA4AUAAGCog-aOl0gE6AEoCEAE","Playwright batch opened Google Order flow and read visible pickup/delivery providers."
"macu-tw-279","高雄岡山壽天店","南部","高雄市","岡山區","高雄市岡山區壽天里6鄰壽天路63號1樓","07-6223015","confirmed","confirmed","true","true","","foodpanda","LINE、foodpanda、食在麻吉 eathere","foodpanda","https://www.google.com/search?q=%E9%BA%BB%E5%8F%A4%E8%8C%B6%E5%9D%8A%20%E9%AB%98%E9%9B%84%E5%B2%A1%E5%B1%B1%E5%A3%BD%E5%A4%A9%E5%BA%97%20%E9%AB%98%E9%9B%84%E5%B8%82%E5%B2%A1%E5%B1%B1%E5%8D%80%E5%A3%BD%E5%A4%A9%E9%87%8C6%E9%84%B0%E5%A3%BD%E5%A4%A9%E8%B7%AF63%E8%99%9F1%E6%A8%93&hl=zh-TW#sv=CAESzQEKuQEStgEKd0FKaVQ0dEtxSWZ2Ul9SY2F6SHVQVkdseF9DY011bndJYUlWaFh5MTk5TS1fdE5Gd0Flamp6RWRZQVhtTEdrZjg5Qjk0Q1BYM19EUkZQOEF6SXFqaC1jMVdUdTVMYk5LS2ozckhta2pGNDJaTDU4SHNNRk1haDhJEhd3eUJoYXJLLURQYmQxZThQMVBMUHVBcxoiQURzcjlmU1g0bExFMy1ydlhQRzFwMmRnNE9vVFl1WTZnQRIEODEyNBoBMyoAMAA4AUAAGCogqt_8mQ06AEoCEAE","https://www.google.com/search?q=%E9%BA%BB%E5%8F%A4%E8%8C%B6%E5%9D%8A%20%E9%AB%98%E9%9B%84%E5%B2%A1%E5%B1%B1%E5%A3%BD%E5%A4%A9%E5%BA%97%20%E9%AB%98%E9%9B%84%E5%B8%82%E5%B2%A1%E5%B1%B1%E5%8D%80%E5%A3%BD%E5%A4%A9%E9%87%8C6%E9%84%B0%E5%A3%BD%E5%A4%A9%E8%B7%AF63%E8%99%9F1%E6%A8%93&hl=zh-TW&sei=toRhaqDSK9DN1e8PpIKjsAs#sv=CAESzQEKuQEStgEKd0FKaVQ0dEtxSWZ2Ul9SY2F6SHVQVkdseF9DY011bndJYUlWaFh5MTk5TS1fdE5Gd0Flamp6RWRZQVhtTEdrZjg5Qjk0Q1BYM19EUkZQOEF6SXFqaC1jMVdUdTVMYk5LS2ozckhta2pGNDJaTDU4SHNNRk1haDhJEhd3eUJoYXJLLURQYmQxZThQMVBMUHVBcxoiQURzcjlmU1g0bExFMy1ydlhQRzFwMmRnNE9vVFl1WTZnQRIEODEyNBoBMyoAMAA4AUAAGCogqt_8mQ06AEoCEAE","Playwright batch opened Google Order flow and read visible pickup/delivery providers."
"macu-tw-270","高雄岡山大仁北店","南部","高雄市","岡山區","高雄市岡山區大仁北路158號","07-621-1027","confirmed","confirmed","true","true","","foodpanda、Uber Eats","LINE、Uber Eats、foodpanda、食在麻吉 eathere","Uber Eats、foodpanda","https://www.google.com/search?q=%E9%BA%BB%E5%8F%A4%E8%8C%B6%E5%9D%8A%20%E9%AB%98%E9%9B%84%E5%B2%A1%E5%B1%B1%E5%A4%A7%E4%BB%81%E5%8C%97%E5%BA%97%20%E9%AB%98%E9%9B%84%E5%B8%82%E5%B2%A1%E5%B1%B1%E5%8D%80%E5%A4%A7%E4%BB%81%E5%8C%97%E8%B7%AF158%E8%99%9F&hl=zh-TW#sv=CAESzQEKuQEStgEKd0FKaVQ0dEpRSkJqZ2tIWFBTaTRJQ3NLeW82RTRWbGxPZ3lDbmRqNnB0Nzlpd0JHVlA2N3NrSTFCWDN3c2ZQcGRGS2hXbldnZmJwcU0wY3RWRjRwRG1BMWl2SEhpNVF2ZTI2V2JMdTFNLWpEWmtKV2VNR3RJSklrEhcyQ0JoYXF2T0s5ZXF2cjBQZ0tuOTJBVRoiQURzcjlmUmpnb3B1M0tEZUlDc3ZLcUdSSTVVaVBxX2QwZxIEODEyNBoBMyoAMAA4AUAAGCog4Yqv6wM6AEoCEAE","https://www.google.com/search?q=%E9%BA%BB%E5%8F%A4%E8%8C%B6%E5%9D%8A%20%E9%AB%98%E9%9B%84%E5%B2%A1%E5%B1%B1%E5%A4%A7%E4%BB%81%E5%8C%97%E5%BA%97%20%E9%AB%98%E9%9B%84%E5%B8%82%E5%B2%A1%E5%B1%B1%E5%8D%80%E5%A4%A7%E4%BB%81%E5%8C%97%E8%B7%AF158%E8%99%9F&hl=zh-TW#sv=CAESzQEKuQEStgEKd0FKaVQ0dEpRSkJqZ2tIWFBTaTRJQ3NLeW82RTRWbGxPZ3lDbmRqNnB0Nzlpd0JHVlA2N3NrSTFCWDN3c2ZQcGRGS2hXbldnZmJwcU0wY3RWRjRwRG1BMWl2SEhpNVF2ZTI2V2JMdTFNLWpEWmtKV2VNR3RJSklrEhcyQ0JoYXF2T0s5ZXF2cjBQZ0tuOTJBVRoiQURzcjlmUmpnb3B1M0tEZUlDc3ZLcUdSSTVVaVBxX2QwZxIEODEyNBoBMyoAMAA4AUAAGCog4Yqv6wM6AEoCEAE","Playwright batch opened Google Order flow and read visible pickup/delivery providers."
"macu-tw-303","高雄崇德店","南部","高雄市","左營區","高雄市左營區新光里崇德路273號1樓","07-3431299","confirmed","confirmed","true","true","foodpanda、Uber Eats","foodpanda、Uber Eats","LINE、Uber Eats、foodpanda、食在麻吉 eathere","Uber Eats、foodpanda","https://www.google.com/search?q=%E9%BA%BB%E5%8F%A4%E8%8C%B6%E5%9D%8A+%E9%AB%98%E9%9B%84%E5%B4%87%E5%BE%B7%E5%BA%97+%E9%AB%98%E9%9B%84%E5%B8%82%E5%B7%A6%E7%87%9F%E5%8D%80%E6%96%B0%E5%85%89%E9%87%8C%E5%B4%87%E5%BE%B7%E8%B7%AF273%E8%99%9F1%E6%A8%93&hl=zh-TW#sv=CAESzQEKuQEStgEKd0FKaVQ0dEttallqV1MyRnQtNmNZMEdaYk1UaHNqNjB2VFluVXJsQ1N2WkduV2dQNGF0bUc0RFg3THQxaHgtMVJfN1hKRHVPTE9TM2Nla2tSbkxhbml4T3Z4Y3BfdDNaUEw0VmJUTUJiZUdQMGJwbFFkcE5BTzFVEhc3aUJoYXJEZEtvTGwxZThQdjgzUGdRaxoiQURzcjlmUzRWY0drX3JEUzlEWWlzX0xsYm16Wi1JVzZPZxIEODEyNBoBMyoAMAA4AUAAGCog0KiG7AE6AEoCEAE","https://www.google.com/search?q=%E9%BA%BB%E5%8F%A4%E8%8C%B6%E5%9D%8A+%E9%AB%98%E9%9B%84%E5%B4%87%E5%BE%B7%E5%BA%97+%E9%AB%98%E9%9B%84%E5%B8%82%E5%B7%A6%E7%87%9F%E5%8D%80%E6%96%B0%E5%85%89%E9%87%8C%E5%B4%87%E5%BE%B7%E8%B7%AF273%E8%99%9F1%E6%A8%93&hl=zh-TW#sv=CAESzQEKuQEStgEKd0FKaVQ0dEttallqV1MyRnQtNmNZMEdaYk1UaHNqNjB2VFluVXJsQ1N2WkduV2dQNGF0bUc0RFg3THQxaHgtMVJfN1hKRHVPTE9TM2Nla2tSbkxhbml4T3Z4Y3BfdDNaUEw0VmJUTUJiZUdQMGJwbFFkcE5BTzFVEhc3aUJoYXJEZEtvTGwxZThQdjgzUGdRaxoiQURzcjlmUzRWY0drX3JEUzlEWWlzX0xsYm16Wi1JVzZPZxIEODEyNBoBMyoAMAA4AUAAGCog0KiG7AE6AEoCEAE","Playwright batch opened Google Order flow and read visible pickup/delivery providers."
"macu-tw-261","高雄左大店","南部","高雄市","左營區","高雄市左營區左營大路142號","07-5886528","confirmed","confirmed","true","true","","foodpanda、Uber Eats","LINE、Uber Eats、foodpanda、食在麻吉 eathere","Uber Eats、foodpanda","https://www.google.com/search?q=%E9%BA%BB%E5%8F%A4%E8%8C%B6%E5%9D%8A%20%E9%AB%98%E9%9B%84%E5%B7%A6%E5%A4%A7%E5%BA%97%20%E9%AB%98%E9%9B%84%E5%B8%82%E5%B7%A6%E7%87%9F%E5%8D%80%E5%B7%A6%E7%87%9F%E5%A4%A7%E8%B7%AF142%E8%99%9F&hl=zh-TW#sv=CAESzQEKuQEStgEKd0FKaVQ0dEtpbnFFdHJ4VkJxVWxZYzJLYy1nRjBkRjhJZGE4Q3pWUzBGY0RJWEpodndheWV2Vl80WW1TVkM3NjQwdDJXMlVhTThFcGVibDRobm9zSFpDV0xFeTJ1TmFkZlZ5aTRvY19HYldGU0tHNmJCaUwzTllZEhdBaUZoYXZMeUhiR3AxZThQejVDTGtBVRoiQURzcjlmUnBVTDE1LV9Kejg0NkNBNzVadXNLWkxvSDZyZxIEODEyNBoBMyoAMAA4AUAAGCogmc68zQ46AEoCEAE","https://www.google.com/search?q=%E9%BA%BB%E5%8F%A4%E8%8C%B6%E5%9D%8A%20%E9%AB%98%E9%9B%84%E5%B7%A6%E5%A4%A7%E5%BA%97%20%E9%AB%98%E9%9B%84%E5%B8%82%E5%B7%A6%E7%87%9F%E5%8D%80%E5%B7%A6%E7%87%9F%E5%A4%A7%E8%B7%AF142%E8%99%9F&hl=zh-TW#sv=CAESzQEKuQEStgEKd0FKaVQ0dEtpbnFFdHJ4VkJxVWxZYzJLYy1nRjBkRjhJZGE4Q3pWUzBGY0RJWEpodndheWV2Vl80WW1TVkM3NjQwdDJXMlVhTThFcGVibDRobm9zSFpDV0xFeTJ1TmFkZlZ5aTRvY19HYldGU0tHNmJCaUwzTllZEhdBaUZoYXZMeUhiR3AxZThQejVDTGtBVRoiQURzcjlmUnBVTDE1LV9Kejg0NkNBNzVadXNLWkxvSDZyZxIEODEyNBoBMyoAMAA4AUAAGCogmc68zQ46AEoCEAE","Playwright batch opened Google Order flow and read visible pickup/delivery providers."
"macu-tw-275","高雄建國店","南部","高雄市","三民區","高雄市三民區建國三路81號","07-2855880","confirmed","confirmed","true","true","foodpanda","foodpanda、Uber Eats","LINE、Uber Eats、foodpanda、食在麻吉 eathere","Uber Eats、foodpanda","https://www.google.com/search?q=%E9%BA%BB%E5%8F%A4%E8%8C%B6%E5%9D%8A%20%E9%AB%98%E9%9B%84%E5%BB%BA%E5%9C%8B%E5%BA%97%20%E9%AB%98%E9%9B%84%E5%B8%82%E4%B8%89%E6%B0%91%E5%8D%80%E5%BB%BA%E5%9C%8B%E4%B8%89%E8%B7%AF81%E8%99%9F&hl=zh-TW#sv=CAESzQEKuQEStgEKd0FKaVQ0dEx6SjVUMGF1MEtaY1gxRmlfcnF2dGMtdi1HV2VmV1hPRjY5djN0TnVjcHdUV3UzY2psSEZqczlNaHR1RWhXWktQaXJwY1hqNUtlbElVQnV4UjJsaFJwUms0czN1S2ZmZ09uOEVRckk1U0xnZlNXRjFNEhdJRzVoYXJYMk5Jdk8xZThQeGR2ZzRRdxoiQURzcjlmUnpQa1F5NGRORWVYSy1lTDJncjRlQmJOZ2xtURIEODEyNBoBMyoAMAA4AUAAGCog2r38oQxKAhAB","https://www.google.com/search?q=%E9%BA%BB%E5%8F%A4%E8%8C%B6%E5%9D%8A%20%E9%AB%98%E9%9B%84%E5%BB%BA%E5%9C%8B%E5%BA%97%20%E9%AB%98%E9%9B%84%E5%B8%82%E4%B8%89%E6%B0%91%E5%8D%80%E5%BB%BA%E5%9C%8B%E4%B8%89%E8%B7%AF81%E8%99%9F&hl=zh-TW#sv=CAESzQEKuQEStgEKd0FKaVQ0dEx6SjVUMGF1MEtaY1gxRmlfcnF2dGMtdi1HV2VmV1hPRjY5djN0TnVjcHdUV3UzY2psSEZqczlNaHR1RWhXWktQaXJwY1hqNUtlbElVQnV4UjJsaFJwUms0czN1S2ZmZ09uOEVRckk1U0xnZlNXRjFNEhdJRzVoYXJYMk5Jdk8xZThQeGR2ZzRRdxoiQURzcjlmUnpQa1F5NGRORWVYSy1lTDJncjRlQmJOZ2xtURIEODEyNBoBMyoAMAA4AUAAGCogoPWNrQk6AEoCEAE","Playwright batch opened Google Order flow and read visible pickup/delivery providers."
"macu-tw-320","高雄建工店","南部","高雄市","三民區","高雄市三民區建工路722號","07-3904077","confirmed","confirmed","true","true","","foodpanda、Uber Eats","LINE、Uber Eats、foodpanda、食在麻吉 eathere","Uber Eats、foodpanda","https://www.google.com/search?q=%E9%BA%BB%E5%8F%A4%E8%8C%B6%E5%9D%8A+%E9%AB%98%E9%9B%84%E5%BB%BA%E5%B7%A5%E5%BA%97+%E9%AB%98%E9%9B%84%E5%B8%82%E4%B8%89%E6%B0%91%E5%8D%80%E5%BB%BA%E5%B7%A5%E8%B7%AF722%E8%99%9F&hl=zh-TW#sv=CAESzQEKuQEStgEKd0FKaVQ0dElkanN2YmZ4cUptd2F6OVh3Yzh4bzVKUUtFd0xqMEE1Z094UHU5WkpxREpaaUhVNzRTdHotWEhiSkR3WW5rbXBCR0JVUzJCTmNaekRRZ0V0cnZubVFobThVOWNNdVRHSERtckZvLW5MckRxQjBOdGN3EhdRQ0ZoYXJhZENOQ1Z2cjBQbTYzZXFBYxoiQURzcjlmUUJzU3RVU0l4Q1RQb3lpMDZKX3VEVElmaERxQRIEODEyNBoBMyoAMAA4AUAAGCogx6XBhAg6AEoCEAE","https://www.google.com/search?q=%E9%BA%BB%E5%8F%A4%E8%8C%B6%E5%9D%8A+%E9%AB%98%E9%9B%84%E5%BB%BA%E5%B7%A5%E5%BA%97+%E9%AB%98%E9%9B%84%E5%B8%82%E4%B8%89%E6%B0%91%E5%8D%80%E5%BB%BA%E5%B7%A5%E8%B7%AF722%E8%99%9F&hl=zh-TW#sv=CAESzQEKuQEStgEKd0FKaVQ0dElkanN2YmZ4cUptd2F6OVh3Yzh4bzVKUUtFd0xqMEE1Z094UHU5WkpxREpaaUhVNzRTdHotWEhiSkR3WW5rbXBCR0JVUzJCTmNaekRRZ0V0cnZubVFobThVOWNNdVRHSERtckZvLW5MckRxQjBOdGN3EhdRQ0ZoYXJhZENOQ1Z2cjBQbTYzZXFBYxoiQURzcjlmUUJzU3RVU0l4Q1RQb3lpMDZKX3VEVElmaERxQRIEODEyNBoBMyoAMAA4AUAAGCogx6XBhAg6AEoCEAE","Playwright batch opened Google Order flow and read visible pickup/delivery providers."
"macu-tw-325","高雄建興店","南部","高雄市","三民區","高雄市三民區建興路229號","07-3926909","confirmed","no_gmb_order_button","true","false","","","LINE、食在麻吉 eathere","","https://www.google.com/search?q=%E9%BA%BB%E5%8F%A4%E8%8C%B6%E5%9D%8A%20%E9%AB%98%E9%9B%84%E5%BB%BA%E8%88%88%E5%BA%97%20%E9%AB%98%E9%9B%84%E5%B8%82%E4%B8%89%E6%B0%91%E5%8D%80%E5%BB%BA%E8%88%88%E8%B7%AF229%E8%99%9F&hl=zh-TW","","Named GMB profile matched, but no Google Order entry was opened."
"macu-tw-230","高雄彌陀店","南部","高雄市","彌陀區","高雄市彌陀區中正路155號","07-6109797","confirmed","confirmed","true","true","","foodpanda","LINE、foodpanda、食在麻吉 eathere","foodpanda","https://www.google.com/search?q=%E9%BA%BB%E5%8F%A4%E8%8C%B6%E5%9D%8A%20%E9%AB%98%E9%9B%84%E5%BD%8C%E9%99%80%E5%BA%97%20%E9%AB%98%E9%9B%84%E5%B8%82%E5%BD%8C%E9%99%80%E5%8D%80%E4%B8%AD%E6%AD%A3%E8%B7%AF155%E8%99%9F&hl=zh-TW#sv=CAESzQEKuQEStgEKd0FKaVQ0dExJaHBHdG5lTU43ZFg4bEJkRVZuTTBXakM5VjFxT0pOV19Xc0gwV1hlYzR5X1R6d1lrRFlnTy1jTzE3b2ZtQVZZS19mcHFKaTVTWkxlUDlkMVZsOXJraFJleTM4R1dONGdPSXZBWTYxQWpfN3FWbnpzEhdhQ0ZoYXFPekZiRGkxZThQcHRtYm1BSRoiQURzcjlmUjcxbFoySEZjYmlCVXFMRzREa2tmXy04cHBWURIEODEyNBoBMyoAMAA4AUAAGCogj7jitgI6AEoCEAE","https://www.google.com/search?q=%E9%BA%BB%E5%8F%A4%E8%8C%B6%E5%9D%8A%20%E9%AB%98%E9%9B%84%E5%BD%8C%E9%99%80%E5%BA%97%20%E9%AB%98%E9%9B%84%E5%B8%82%E5%BD%8C%E9%99%80%E5%8D%80%E4%B8%AD%E6%AD%A3%E8%B7%AF155%E8%99%9F&hl=zh-TW#sv=CAESzQEKuQEStgEKd0FKaVQ0dExJaHBHdG5lTU43ZFg4bEJkRVZuTTBXakM5VjFxT0pOV19Xc0gwV1hlYzR5X1R6d1lrRFlnTy1jTzE3b2ZtQVZZS19mcHFKaTVTWkxlUDlkMVZsOXJraFJleTM4R1dONGdPSXZBWTYxQWpfN3FWbnpzEhdhQ0ZoYXFPekZiRGkxZThQcHRtYm1BSRoiQURzcjlmUjcxbFoySEZjYmlCVXFMRzREa2tmXy04cHBWURIEODEyNBoBMyoAMAA4AUAAGCogj7jitgI6AEoCEAE","Playwright batch opened Google Order flow and read visible pickup/delivery providers."
"macu-tw-295","高雄後勁店","南部","高雄市","楠梓區","高雄市楠梓區後昌路23號","07-3612799","confirmed","confirmed","true","true","","foodpanda、Uber Eats","LINE、Uber Eats、foodpanda、食在麻吉 eathere","Uber Eats、foodpanda","https://www.google.com/search?q=%E9%BA%BB%E5%8F%A4%E8%8C%B6%E5%9D%8A%20%E9%AB%98%E9%9B%84%E5%BE%8C%E5%8B%81%E5%BA%97%20%E9%AB%98%E9%9B%84%E5%B8%82%E6%A5%A0%E6%A2%93%E5%8D%80%E5%BE%8C%E6%98%8C%E8%B7%AF23%E8%99%9F&hl=zh-TW#sv=CAESzQEKuQEStgEKd0FKaVQ0dEx5REtHQlFtTnYzZENxNlJXb1dwVzRCbG5wZ3pCYlM3SmRnWGRpU1lWeW01dGpsSThua1V6REFNUzQ5ZDVGTmladXF2cmV4UGJhWXVFekRyZTdGZm1PYnd2bktKUVNqRE9OOTJMLXhMeUhJVFJzUi1nEhdmQ0ZoYXRUMktOemgxZThQcDV6Wm9BYxoiQURzcjlmUUVjaXZndjU5RFZ1cGZJaXVzT21BTmU3cmNwdxIEODEyNBoBMyoAMAA4AUAAGCog2Y2Mngk6AEoCEAE","https://www.google.com/search?q=%E9%BA%BB%E5%8F%A4%E8%8C%B6%E5%9D%8A%20%E9%AB%98%E9%9B%84%E5%BE%8C%E5%8B%81%E5%BA%97%20%E9%AB%98%E9%9B%84%E5%B8%82%E6%A5%A0%E6%A2%93%E5%8D%80%E5%BE%8C%E6%98%8C%E8%B7%AF23%E8%99%9F&hl=zh-TW#sv=CAESzQEKuQEStgEKd0FKaVQ0dEx5REtHQlFtTnYzZENxNlJXb1dwVzRCbG5wZ3pCYlM3SmRnWGRpU1lWeW01dGpsSThua1V6REFNUzQ5ZDVGTmladXF2cmV4UGJhWXVFekRyZTdGZm1PYnd2bktKUVNqRE9OOTJMLXhMeUhJVFJzUi1nEhdmQ0ZoYXRUMktOemgxZThQcDV6Wm9BYxoiQURzcjlmUUVjaXZndjU5RFZ1cGZJaXVzT21BTmU3cmNwdxIEODEyNBoBMyoAMAA4AUAAGCog2Y2Mngk6AEoCEAE","Playwright batch opened Google Order flow and read visible pickup/delivery providers."
"macu-tw-300","高雄復興一心店","南部","高雄市","前鎮區","高雄市前鎮區復興三路319號","07-3347292","confirmed","confirmed","true","true","","foodpanda、Uber Eats","LINE、Uber Eats、foodpanda、食在麻吉 eathere","Uber Eats、foodpanda","https://www.google.com/search?q=%E9%BA%BB%E5%8F%A4%E8%8C%B6%E5%9D%8A+%E9%AB%98%E9%9B%84%E5%BE%A9%E8%88%88%E4%B8%80%E5%BF%83%E5%BA%97+%E9%AB%98%E9%9B%84%E5%B8%82%E5%89%8D%E9%8E%AE%E5%8D%80%E5%BE%A9%E8%88%88%E4%B8%89%E8%B7%AF319%E8%99%9F&hl=zh-TW#sv=CAESzQEKuQEStgEKd0FKaVQ0dExDeU1RTlVFLXdwWUNfaVFWYnNIOGRfeTRKb0VwelMzVFdDYXJSNWFYR1ZmZ2w5b3hfNGpfUGl3Zk84SUFqZEZ0ZEV3NVQzX3U0Y1VLQ1JnQ285Q01ZdFljQzNncGNQX3NpUllIemx1Y0RmV2VHVWlnEhdraUZoYXN2bkthanAxZThQaWZQRDhRbxoiQURzcjlmVGNrYkZDajMzU0lRMloxQ2FnR2NrRS13VVY0QRIEODEyNBoBMyoAMAA4AUAAGCogpo7_7Ac6AEoCEAE","https://www.google.com/search?q=%E9%BA%BB%E5%8F%A4%E8%8C%B6%E5%9D%8A+%E9%AB%98%E9%9B%84%E5%BE%A9%E8%88%88%E4%B8%80%E5%BF%83%E5%BA%97+%E9%AB%98%E9%9B%84%E5%B8%82%E5%89%8D%E9%8E%AE%E5%8D%80%E5%BE%A9%E8%88%88%E4%B8%89%E8%B7%AF319%E8%99%9F&hl=zh-TW#sv=CAESzQEKuQEStgEKd0FKaVQ0dExDeU1RTlVFLXdwWUNfaVFWYnNIOGRfeTRKb0VwelMzVFdDYXJSNWFYR1ZmZ2w5b3hfNGpfUGl3Zk84SUFqZEZ0ZEV3NVQzX3U0Y1VLQ1JnQ285Q01ZdFljQzNncGNQX3NpUllIemx1Y0RmV2VHVWlnEhdraUZoYXN2bkthanAxZThQaWZQRDhRbxoiQURzcjlmVGNrYkZDajMzU0lRMloxQ2FnR2NrRS13VVY0QRIEODEyNBoBMyoAMAA4AUAAGCogpo7_7Ac6AEoCEAE","Playwright batch opened Google Order flow and read visible pickup/delivery providers."
"macu-tw-316","高雄忠孝店","南部","高雄市","苓雅區","高雄市苓雅區和煦里忠孝二路106號1樓","07-3355559","confirmed","confirmed","true","true","","Uber Eats","LINE、Uber Eats、食在麻吉 eathere","Uber Eats","https://www.google.com/search?q=%E9%BA%BB%E5%8F%A4%E8%8C%B6%E5%9D%8A+%E9%AB%98%E9%9B%84%E5%BF%A0%E5%AD%9D%E5%BA%97+%E9%AB%98%E9%9B%84%E5%B8%82%E8%8B%93%E9%9B%85%E5%8D%80%E5%92%8C%E7%85%A6%E9%87%8C%E5%BF%A0%E5%AD%9D%E4%BA%8C%E8%B7%AF106%E8%99%9F1%E6%A8%93&hl=zh-TW#sv=CAESzQEKuQEStgEKd0FKaVQ0dEt3NlZ1UVVIX2pnSXdLQlVZbXpGVVdBelJHNlpZVEExbjI0REoxVVhBM0xlVEJEejMtVldBV3lKV1VkQnFoZVdSYnh6VXpFMjhUcVhWQ2VMM2tONG1mNG5LZFhwbFRTRVpuc2RyRDRVbHN5Y21CNkY4EhdxQ0ZoYXVINEpxR1V2cjBQM2NuMjRRVRoiQURzcjlmVHZpWTI3UldKeVJXTU1meXZtTkZaRXViem5yQRIEODEyNBoBMyoAMAA4AUAAGCog2PysBzoASgIQAQ","https://www.google.com/search?q=%E9%BA%BB%E5%8F%A4%E8%8C%B6%E5%9D%8A+%E9%AB%98%E9%9B%84%E5%BF%A0%E5%AD%9D%E5%BA%97+%E9%AB%98%E9%9B%84%E5%B8%82%E8%8B%93%E9%9B%85%E5%8D%80%E5%92%8C%E7%85%A6%E9%87%8C%E5%BF%A0%E5%AD%9D%E4%BA%8C%E8%B7%AF106%E8%99%9F1%E6%A8%93&hl=zh-TW#sv=CAESzQEKuQEStgEKd0FKaVQ0dEt3NlZ1UVVIX2pnSXdLQlVZbXpGVVdBelJHNlpZVEExbjI0REoxVVhBM0xlVEJEejMtVldBV3lKV1VkQnFoZVdSYnh6VXpFMjhUcVhWQ2VMM2tONG1mNG5LZFhwbFRTRVpuc2RyRDRVbHN5Y21CNkY4EhdxQ0ZoYXVINEpxR1V2cjBQM2NuMjRRVRoiQURzcjlmVHZpWTI3UldKeVJXTU1meXZtTkZaRXViem5yQRIEODEyNBoBMyoAMAA4AUAAGCog2PysBzoASgIQAQ","Playwright batch opened Google Order flow and read visible pickup/delivery providers."
"macu-tw-267","高雄慶豐店","南部","高雄市","鼓山區","高雄市鼓山區慶豐街12號","07-5525509","confirmed","confirmed","true","true","","foodpanda、Uber Eats","LINE、Uber Eats、foodpanda、食在麻吉 eathere","Uber Eats、foodpanda","https://www.google.com/search?q=%E9%BA%BB%E5%8F%A4%E8%8C%B6%E5%9D%8A%20%E9%AB%98%E9%9B%84%E6%85%B6%E8%B1%90%E5%BA%97%20%E9%AB%98%E9%9B%84%E5%B8%82%E9%BC%93%E5%B1%B1%E5%8D%80%E6%85%B6%E8%B1%90%E8%A1%9712%E8%99%9F&hl=zh-TW&sei=QnNhauOlF_TZ1e8P8_b0sAg#sv=CAESzQEKuQEStgEKd0FKaVQ0dEpaMkx3Y1BvZ2k4UzE0N0syMXEzTFVnc0Z3anFKRW50azRyck9MQ0g4OUNvd1FaV3RWNWNJY2FLYXRrRFNkc3JQX0dpSFJ4eDkzR1d3TFRLcHVvYTd0aExtMGZFcURjWjdGalNIUTRlazFWcENGN3lBEhd2U0ZoYXN2QUZkQ1Z2cjBQbTYzZXFBYxoiQURzcjlmUUp0bjVOdXRIRTFtRkJHZmRsdHN2RWtwcDhnZxIEODEyNBoBMyoAMAA4AUAAGCog0PChzg06AEoCEAE","https://www.google.com/search?q=%E9%BA%BB%E5%8F%A4%E8%8C%B6%E5%9D%8A%20%E9%AB%98%E9%9B%84%E6%85%B6%E8%B1%90%E5%BA%97%20%E9%AB%98%E9%9B%84%E5%B8%82%E9%BC%93%E5%B1%B1%E5%8D%80%E6%85%B6%E8%B1%90%E8%A1%9712%E8%99%9F&hl=zh-TW&sei=QnNhauOlF_TZ1e8P8_b0sAg#sv=CAESzQEKuQEStgEKd0FKaVQ0dEpaMkx3Y1BvZ2k4UzE0N0syMXEzTFVnc0Z3anFKRW50azRyck9MQ0g4OUNvd1FaV3RWNWNJY2FLYXRrRFNkc3JQX0dpSFJ4eDkzR1d3TFRLcHVvYTd0aExtMGZFcURjWjdGalNIUTRlazFWcENGN3lBEhd2U0ZoYXN2QUZkQ1Z2cjBQbTYzZXFBYxoiQURzcjlmUUp0bjVOdXRIRTFtRkJHZmRsdHN2RWtwcDhnZxIEODEyNBoBMyoAMAA4AUAAGCog0PChzg06AEoCEAE","Playwright batch opened Google Order flow and read visible pickup/delivery providers."
"macu-tw-284","高雄文化店","南部","高雄市","苓雅區","高雄市苓雅區廣州一路141-1號","07-7150181","confirmed","confirmed","true","true","","foodpanda、Uber Eats","LINE、Uber Eats、foodpanda、食在麻吉 eathere","Uber Eats、foodpanda","https://www.google.com/search?q=%E9%BA%BB%E5%8F%A4%E8%8C%B6%E5%9D%8A+%E9%AB%98%E9%9B%84%E6%96%87%E5%8C%96%E5%BA%97+%E9%AB%98%E9%9B%84%E5%B8%82%E8%8B%93%E9%9B%85%E5%8D%80%E5%BB%A3%E5%B7%9E%E4%B8%80%E8%B7%AF141-1%E8%99%9F&hl=zh-TW#sv=CAESzQEKuQEStgEKd0FKaVQ0dElDMEVkM1EyQ2VqQkpBUUdKdm5XYmVXSDN5aWJsRDNlWXk4clJjdDBKd1VPOGdaU0RIQ2pDaGRIbXU0RU1wSGN2bzAxckFySGJsUkdsQjJqY2h4aHNUNWlOQWI5aThPcGllcFBKdHBGODRNTkY2UjNzEhcwaUZoYXJQNk5hWER2cjBQZ3JDajJRWRoiQURzcjlmU0F1UDhhZXpUT1ozNFFnOFlVMDdyeGJQNHR3dxIEODEyNBoBMyoAMAA4AUAAGCog_-6U5QQ6AEoCEAE","https://www.google.com/search?q=%E9%BA%BB%E5%8F%A4%E8%8C%B6%E5%9D%8A+%E9%AB%98%E9%9B%84%E6%96%87%E5%8C%96%E5%BA%97+%E9%AB%98%E9%9B%84%E5%B8%82%E8%8B%93%E9%9B%85%E5%8D%80%E5%BB%A3%E5%B7%9E%E4%B8%80%E8%B7%AF141-1%E8%99%9F&hl=zh-TW#sv=CAESzQEKuQEStgEKd0FKaVQ0dElDMEVkM1EyQ2VqQkpBUUdKdm5XYmVXSDN5aWJsRDNlWXk4clJjdDBKd1VPOGdaU0RIQ2pDaGRIbXU0RU1wSGN2bzAxckFySGJsUkdsQjJqY2h4aHNUNWlOQWI5aThPcGllcFBKdHBGODRNTkY2UjNzEhcwaUZoYXJQNk5hWER2cjBQZ3JDajJRWRoiQURzcjlmU0F1UDhhZXpUT1ozNFFnOFlVMDdyeGJQNHR3dxIEODEyNBoBMyoAMAA4AUAAGCog_-6U5QQ6AEoCEAE","Playwright batch opened Google Order flow and read visible pickup/delivery providers."
"macu-tw-331","高雄文山店","南部","高雄市","鳳山區","高雄市鳳山區文德里濱山街6-3號","07-7676988","confirmed","no_gmb_order_button","true","false","","","LINE、食在麻吉 eathere","","https://www.google.com/search?q=%E9%BA%BB%E5%8F%A4%E8%8C%B6%E5%9D%8A%20%E9%AB%98%E9%9B%84%E6%96%87%E5%B1%B1%E5%BA%97%20%E9%AB%98%E9%9B%84%E5%B8%82%E9%B3%B3%E5%B1%B1%E5%8D%80%E6%96%87%E5%BE%B7%E9%87%8C%E6%BF%B1%E5%B1%B1%E8%A1%976-3%E8%99%9F&hl=zh-TW","","Named GMB profile matched, but no Google Order entry was opened."
"macu-tw-299","高雄文橫興中店","南部","高雄市","苓雅區","高雄市苓雅區文橫二路52號","07-3385669","confirmed","confirmed","true","true","","foodpanda、Uber Eats","LINE、Uber Eats、foodpanda、食在麻吉 eathere","Uber Eats、foodpanda","https://www.google.com/search?q=%E9%BA%BB%E5%8F%A4%E8%8C%B6%E5%9D%8A+%E9%AB%98%E9%9B%84%E6%96%87%E6%A9%AB%E8%88%88%E4%B8%AD%E5%BA%97+%E9%AB%98%E9%9B%84%E5%B8%82%E8%8B%93%E9%9B%85%E5%8D%80%E6%96%87%E6%A9%AB%E4%BA%8C%E8%B7%AF52%E8%99%9F&hl=zh-TW#sv=CAESzQEKuQEStgEKd0FKaVQ0dEpWN18xcTIzOHRHTE83dVVFZUZ6RlNoVmlzUWFkSVI5OUxmUEJnbnlzSlJnNXR6SDgwLTBLZkMwVlFWTkY2QWxXaWN5OXJxeXJTZlN6SXRVbFBZdURYeWx4TUFMQW1fRlVBRHBsZW1CRUZtVXdpMGMwEhd3eXRoYXRtMUNhTFYxZThQd1lqZHFRURoiQURzcjlmVGZSVHhBNTlYV3prczQ3X3BtTW9DUXJtUHl3URIEODEyNBoBMyoAMAA4AUAAGCogvoWv2wo6AEoCEAE","https://www.google.com/search?q=%E9%BA%BB%E5%8F%A4%E8%8C%B6%E5%9D%8A+%E9%AB%98%E9%9B%84%E6%96%87%E6%A9%AB%E8%88%88%E4%B8%AD%E5%BA%97+%E9%AB%98%E9%9B%84%E5%B8%82%E8%8B%93%E9%9B%85%E5%8D%80%E6%96%87%E6%A9%AB%E4%BA%8C%E8%B7%AF52%E8%99%9F&hl=zh-TW#sv=CAESzQEKuQEStgEKd0FKaVQ0dEpWN18xcTIzOHRHTE83dVVFZUZ6RlNoVmlzUWFkSVI5OUxmUEJnbnlzSlJnNXR6SDgwLTBLZkMwVlFWTkY2QWxXaWN5OXJxeXJTZlN6SXRVbFBZdURYeWx4TUFMQW1fRlVBRHBsZW1CRUZtVXdpMGMwEhd3eXRoYXRtMUNhTFYxZThQd1lqZHFRURoiQURzcjlmVGZSVHhBNTlYV3prczQ3X3BtTW9DUXJtUHl3URIEODEyNBoBMyoAMAA4AUAAGCogvoWv2wo6AEoCEAE","Playwright batch opened Google Order flow and read visible pickup/delivery providers."
"macu-tw-265","高雄新堀江店","南部","高雄市","新興區","高雄市新興區文橫二路144號","07-2820368","confirmed","confirmed","true","true","","foodpanda、Uber Eats","LINE、Uber Eats、foodpanda、食在麻吉 eathere","Uber Eats、foodpanda","https://www.google.com/search?q=%E9%BA%BB%E5%8F%A4%E8%8C%B6%E5%9D%8A%20%E9%AB%98%E9%9B%84%E6%96%B0%E5%A0%80%E6%B1%9F%E5%BA%97%20%E9%AB%98%E9%9B%84%E5%B8%82%E6%96%B0%E8%88%88%E5%8D%80%E6%96%87%E6%A9%AB%E4%BA%8C%E8%B7%AF144%E8%99%9F&hl=zh-TW#sv=CAESzQEKuQEStgEKd0FKaVQ0dEo2RGsxX2VCSzF2QWg4RkVVYmU4cFFSaGlmUDJNN19JUlZuT3lqUGdYdlhhdWlmLVZGLWlNVmNrdnJIaEFyQk9reTlCbDBnMVFKWFRyemltSzFiZWh1SlRSZnZwejhWVWdpWnN6cmVMR21Yd25zaE9ZEhdJaUpoYXA2M0dfZWt2cjBQOEllVWdBMBoiQURzcjlmVDNZYklnZ2pFTnZiMXBabFBzSm9tamNKZERyQRIEODEyNBoBMyoAMAA4AUAAGCog6Lb23wk6AEoCEAE","https://www.google.com/search?q=%E9%BA%BB%E5%8F%A4%E8%8C%B6%E5%9D%8A%20%E9%AB%98%E9%9B%84%E6%96%B0%E5%A0%80%E6%B1%9F%E5%BA%97%20%E9%AB%98%E9%9B%84%E5%B8%82%E6%96%B0%E8%88%88%E5%8D%80%E6%96%87%E6%A9%AB%E4%BA%8C%E8%B7%AF144%E8%99%9F&hl=zh-TW#sv=CAESzQEKuQEStgEKd0FKaVQ0dEo2RGsxX2VCSzF2QWg4RkVVYmU4cFFSaGlmUDJNN19JUlZuT3lqUGdYdlhhdWlmLVZGLWlNVmNrdnJIaEFyQk9reTlCbDBnMVFKWFRyemltSzFiZWh1SlRSZnZwejhWVWdpWnN6cmVMR21Yd25zaE9ZEhdJaUpoYXA2M0dfZWt2cjBQOEllVWdBMBoiQURzcjlmVDNZYklnZ2pFTnZiMXBabFBzSm9tamNKZERyQRIEODEyNBoBMyoAMAA4AUAAGCog6Lb23wk6AEoCEAE","Playwright batch opened Google Order flow and read visible pickup/delivery providers."
"macu-tw-216","高雄旗山店","南部","高雄市","旗山區","高雄市旗山區延平一路683號","07-6629225","confirmed","confirmed","true","true","","foodpanda、Uber Eats","LINE、Uber Eats、foodpanda、食在麻吉 eathere","Uber Eats、foodpanda","https://www.google.com/search?q=%E9%BA%BB%E5%8F%A4%E8%8C%B6%E5%9D%8A%20%E9%AB%98%E9%9B%84%E6%97%97%E5%B1%B1%E5%BA%97%20%E9%AB%98%E9%9B%84%E5%B8%82%E6%97%97%E5%B1%B1%E5%8D%80%E5%BB%B6%E5%B9%B3%E4%B8%80%E8%B7%AF683%E8%99%9F&hl=zh-TW#sv=CAESzAEKuAEStQEKd0FKaVQ0dEp1SkQ1bUhHZXltaXVORF80TnhLRnQ1VlY5eHZKazVNS042SHJyWlBZS25Oc0hsYUMxZllDT1VjUS1XLUxYcnZHUGN5U0hRQk9GVGVvRzQyV05ON1hoQmZVSGZaSWxfT1BLSW1hZ2taSlBkRUFKNTJVEhZPQ0poYXVTZUd1SGxvc1VQNDRxY09BGiJBRHNyOWZSV3dSUURhdFVYUWZkek45RE9QV2JlYm5UQlRnEgQ4MTI0GgEzKgAwADgBQAAYKiDbiIyQAjoASgIQAQ","https://www.google.com/search?q=%E9%BA%BB%E5%8F%A4%E8%8C%B6%E5%9D%8A%20%E9%AB%98%E9%9B%84%E6%97%97%E5%B1%B1%E5%BA%97%20%E9%AB%98%E9%9B%84%E5%B8%82%E6%97%97%E5%B1%B1%E5%8D%80%E5%BB%B6%E5%B9%B3%E4%B8%80%E8%B7%AF683%E8%99%9F&hl=zh-TW#sv=CAESzAEKuAEStQEKd0FKaVQ0dEp1SkQ1bUhHZXltaXVORF80TnhLRnQ1VlY5eHZKazVNS042SHJyWlBZS25Oc0hsYUMxZllDT1VjUS1XLUxYcnZHUGN5U0hRQk9GVGVvRzQyV05ON1hoQmZVSGZaSWxfT1BLSW1hZ2taSlBkRUFKNTJVEhZPQ0poYXVTZUd1SGxvc1VQNDRxY09BGiJBRHNyOWZSV3dSUURhdFVYUWZkek45RE9QV2JlYm5UQlRnEgQ4MTI0GgEzKgAwADgBQAAYKiDbiIyQAjoASgIQAQ","Playwright batch opened Google Order flow and read visible pickup/delivery providers."
"macu-tw-224","高雄旗津店","南部","高雄市","旗津區","高雄市旗津區廟前路111號","07-5712700","confirmed","no_gmb_order_button","true","false","","","LINE、食在麻吉 eathere","","https://www.google.com/search?q=%E9%BA%BB%E5%8F%A4%E8%8C%B6%E5%9D%8A%20%E9%AB%98%E9%9B%84%E6%97%97%E6%B4%A5%E5%BA%97%20%E9%AB%98%E9%9B%84%E5%B8%82%E6%97%97%E6%B4%A5%E5%8D%80%E5%BB%9F%E5%89%8D%E8%B7%AF111%E8%99%9F&hl=zh-TW","","Named GMB profile matched, but no Google Order entry was opened."
"macu-tw-296","高雄明誠店","南部","高雄市","鼓山區","高雄市鼓山區明誠三路712號","07-5525775","confirmed","confirmed","true","true","","foodpanda、Uber Eats","LINE、Uber Eats、foodpanda、食在麻吉 eathere","Uber Eats、foodpanda","https://www.google.com/search?q=%E9%BA%BB%E5%8F%A4%E8%8C%B6%E5%9D%8A+%E9%AB%98%E9%9B%84%E6%98%8E%E8%AA%A0%E5%BA%97+%E9%AB%98%E9%9B%84%E5%B8%82%E9%BC%93%E5%B1%B1%E5%8D%80%E6%98%8E%E8%AA%A0%E4%B8%89%E8%B7%AF712%E8%99%9F&hl=zh-TW#sv=CAESzQEKuQEStgEKd0FKaVQ0dElwenVDeFJtU3ZmaGR0WW01U2JrUFljWFF3OG9Qc0JDMVRHLW1sRmVXWHg4MHd4VTBQcjNPc0F4WDhZalpzNTVXMEZiWmlFN2tyVEtFbXI4X0FYNlFzdml0ZGQzb2NiRTFyREJPLU9nc0RwMW0wXy1nEhdZQ0poYXRMME1vZnExZThQNmMycnNBcxoiQURzcjlmUm12NXpYOWpjYkpnNkZCbUxFdHFVcU1VRFBlZxIEODEyNBoBMyoAMAA4AUAAGCogwK6a6QY6AEoCEAE","https://www.google.com/search?q=%E9%BA%BB%E5%8F%A4%E8%8C%B6%E5%9D%8A+%E9%AB%98%E9%9B%84%E6%98%8E%E8%AA%A0%E5%BA%97+%E9%AB%98%E9%9B%84%E5%B8%82%E9%BC%93%E5%B1%B1%E5%8D%80%E6%98%8E%E8%AA%A0%E4%B8%89%E8%B7%AF712%E8%99%9F&hl=zh-TW#sv=CAESzQEKuQEStgEKd0FKaVQ0dElwenVDeFJtU3ZmaGR0WW01U2JrUFljWFF3OG9Qc0JDMVRHLW1sRmVXWHg4MHd4VTBQcjNPc0F4WDhZalpzNTVXMEZiWmlFN2tyVEtFbXI4X0FYNlFzdml0ZGQzb2NiRTFyREJPLU9nc0RwMW0wXy1nEhdZQ0poYXRMME1vZnExZThQNmMycnNBcxoiQURzcjlmUm12NXpYOWpjYkpnNkZCbUxFdHFVcU1VRFBlZxIEODEyNBoBMyoAMAA4AUAAGCogwK6a6QY6AEoCEAE","Playwright batch opened Google Order flow and read visible pickup/delivery providers."
"macu-tw-268","高雄本館店","南部","高雄市","鳥松區","高雄市鳥松區本館路196號","07-3701921","confirmed","confirmed","true","true","foodpanda、Uber Eats","foodpanda、Uber Eats","LINE、Uber Eats、foodpanda、食在麻吉 eathere","Uber Eats、foodpanda","https://www.google.com/search?q=%E9%BA%BB%E5%8F%A4%E8%8C%B6%E5%9D%8A+%E9%AB%98%E9%9B%84%E6%9C%AC%E9%A4%A8%E5%BA%97+%E9%AB%98%E9%9B%84%E5%B8%82%E9%B3%A5%E6%9D%BE%E5%8D%80%E6%9C%AC%E9%A4%A8%E8%B7%AF196%E8%99%9F&hl=zh-TW#sv=CAESzQEKuQEStgEKd0FKaVQ0dEtxRTEzMnVxUWNPNTItM2tleE13X1pBNEpDVU5xeV82X1ZRNVF5SXAxVFJNMk53VXd0ZFNuMjZiakxUNWZyYVV4eU1sZmpHc3hmakNzaUtyREFDclVtZWR6VDVfZ3l0LWdrQzVzY3FVN0xUS3ZHai00EhdkQ0poYXItQkZkSE0xZThQeEpmYm9RURoiQURzcjlmU1V1Z0ZVY3FUa1dPZWhsR2J0WFV1OTlwTjVhURIEODEyNBoBMyoAMAA4AUAAGCogpOjE7Q86AEoCEAE","https://www.google.com/search?q=%E9%BA%BB%E5%8F%A4%E8%8C%B6%E5%9D%8A+%E9%AB%98%E9%9B%84%E6%9C%AC%E9%A4%A8%E5%BA%97+%E9%AB%98%E9%9B%84%E5%B8%82%E9%B3%A5%E6%9D%BE%E5%8D%80%E6%9C%AC%E9%A4%A8%E8%B7%AF196%E8%99%9F&hl=zh-TW#sv=CAESzQEKuQEStgEKd0FKaVQ0dEtxRTEzMnVxUWNPNTItM2tleE13X1pBNEpDVU5xeV82X1ZRNVF5SXAxVFJNMk53VXd0ZFNuMjZiakxUNWZyYVV4eU1sZmpHc3hmakNzaUtyREFDclVtZWR6VDVfZ3l0LWdrQzVzY3FVN0xUS3ZHai00EhdkQ0poYXItQkZkSE0xZThQeEpmYm9RURoiQURzcjlmU1V1Z0ZVY3FUa1dPZWhsR2J0WFV1OTlwTjVhURIEODEyNBoBMyoAMAA4AUAAGCogpOjE7Q86AEoCEAE","Playwright batch opened Google Order flow and read visible pickup/delivery providers."
"macu-tw-249","高雄梓官店","南部","高雄市","梓官區","高雄市梓官區中崙路303號","07-6109053","confirmed","no_gmb_order_button","true","false","","","LINE、食在麻吉 eathere","","https://www.google.com/search?q=%E9%BA%BB%E5%8F%A4%E8%8C%B6%E5%9D%8A%20%E9%AB%98%E9%9B%84%E6%A2%93%E5%AE%98%E5%BA%97%20%E9%AB%98%E9%9B%84%E5%B8%82%E6%A2%93%E5%AE%98%E5%8D%80%E4%B8%AD%E5%B4%99%E8%B7%AF303%E8%99%9F&hl=zh-TW","","Named GMB profile matched, but no Google Order entry was opened."
"macu-tw-288","高雄榮總店","南部","高雄市","左營區","高雄市左營區榮總路7號","07-3595536","confirmed","confirmed","true","true","foodpanda、Uber Eats","foodpanda、Uber Eats","LINE、Uber Eats、foodpanda、食在麻吉 eathere","Uber Eats、foodpanda","https://www.google.com/search?q=%E9%BA%BB%E5%8F%A4%E8%8C%B6%E5%9D%8A+%E9%AB%98%E9%9B%84%E6%A6%AE%E7%B8%BD%E5%BA%97+%E9%AB%98%E9%9B%84%E5%B8%82%E5%B7%A6%E7%87%9F%E5%8D%80%E6%A6%AE%E7%B8%BD%E8%B7%AF7%E8%99%9F&hl=zh-TW&sei=IXRhatGQM_DC1e8Py-7FyQE#sv=CAESzQEKuQEStgEKd0FKaVQ0dElFU21CUnppUGZYdGJnQzMta3dTbmNDWkRySzZrT29OQk9WcU5ITjVWaks4aC1OSVBUajlvQXowa0RkWmV0cjJzNkJDd0hfb1NzMGc5YzF0eTBERG1YdXdvRmRiVURDbXdxSlhHQ3Z4cHpqN3UybFNJEhduQ0poYXNUSkV0N1oxZThQM0lXOTBRNBoiQURzcjlmVGx5SkVTdGVnVVZQT0lxSXBvVHBHZkFZRUhPZxIEODEyNBoBMyoAMAA4AUAAGCog76Ts3AE6AEoCEAE","https://www.google.com/search?q=%E9%BA%BB%E5%8F%A4%E8%8C%B6%E5%9D%8A+%E9%AB%98%E9%9B%84%E6%A6%AE%E7%B8%BD%E5%BA%97+%E9%AB%98%E9%9B%84%E5%B8%82%E5%B7%A6%E7%87%9F%E5%8D%80%E6%A6%AE%E7%B8%BD%E8%B7%AF7%E8%99%9F&hl=zh-TW&sei=IXRhatGQM_DC1e8Py-7FyQE#sv=CAESzQEKuQEStgEKd0FKaVQ0dElFU21CUnppUGZYdGJnQzMta3dTbmNDWkRySzZrT29OQk9WcU5ITjVWaks4aC1OSVBUajlvQXowa0RkWmV0cjJzNkJDd0hfb1NzMGc5YzF0eTBERG1YdXdvRmRiVURDbXdxSlhHQ3Z4cHpqN3UybFNJEhduQ0poYXNUSkV0N1oxZThQM0lXOTBRNBoiQURzcjlmVGx5SkVTdGVnVVZQT0lxSXBvVHBHZkFZRUhPZxIEODEyNBoBMyoAMAA4AUAAGCog76Ts3AE6AEoCEAE","Playwright batch opened Google Order flow and read visible pickup/delivery providers."
"macu-tw-248","高雄橋頭店","南部","高雄市","橋頭區","高雄市橋頭區隆豐路141號","07-611-0555","confirmed","confirmed","true","true","","foodpanda、Uber Eats","LINE、Uber Eats、foodpanda、食在麻吉 eathere","Uber Eats、foodpanda","https://www.google.com/search?q=%E9%BA%BB%E5%8F%A4%E8%8C%B6%E5%9D%8A%20%E9%AB%98%E9%9B%84%E6%A9%8B%E9%A0%AD%E5%BA%97%20%E9%AB%98%E9%9B%84%E5%B8%82%E6%A9%8B%E9%A0%AD%E5%8D%80%E9%9A%86%E8%B1%90%E8%B7%AF141%E8%99%9F&hl=zh-TW#sv=CAESzQEKuQEStgEKd0FKaVQ0dEo2VWJOdmQ2TTZkbjlCZnNld2JoQmpwdjJ4YTRaTHd3YlNnLUFQa0g3enI3VTJjZXNkeDBpSnQ4MTVUWHBPMi11eHdvclNuVEZlZWlHWS1iLUVZVUVzX3QyLWRXbzYxU0JTRHZqN3lRVjRRV0I5YnRvEhcyeXRoYXVUZkZOR1p2cjBQbllQSTZRZxoiQURzcjlmUlNuNDVHVzVUN3VkUDJZX1h2Z0lDV0hGRjhUQRIEODEyNBoBMyoAMAA4AUAAGCog_8ah3gQ6AEoCEAE","https://www.google.com/search?q=%E9%BA%BB%E5%8F%A4%E8%8C%B6%E5%9D%8A%20%E9%AB%98%E9%9B%84%E6%A9%8B%E9%A0%AD%E5%BA%97%20%E9%AB%98%E9%9B%84%E5%B8%82%E6%A9%8B%E9%A0%AD%E5%8D%80%E9%9A%86%E8%B1%90%E8%B7%AF141%E8%99%9F&hl=zh-TW#sv=CAESzQEKuQEStgEKd0FKaVQ0dEo2VWJOdmQ2TTZkbjlCZnNld2JoQmpwdjJ4YTRaTHd3YlNnLUFQa0g3enI3VTJjZXNkeDBpSnQ4MTVUWHBPMi11eHdvclNuVEZlZWlHWS1iLUVZVUVzX3QyLWRXbzYxU0JTRHZqN3lRVjRRV0I5YnRvEhcyeXRoYXVUZkZOR1p2cjBQbllQSTZRZxoiQURzcjlmUlNuNDVHVzVUN3VkUDJZX1h2Z0lDV0hGRjhUQRIEODEyNBoBMyoAMAA4AUAAGCog_8ah3gQ6AEoCEAE","Playwright batch opened Google Order flow and read visible pickup/delivery providers."
"macu-tw-313","高雄正義店","南部","高雄市","苓雅區","高雄市苓雅區正義路138號","07-7406210","confirmed","no_gmb_order_button","true","false","","","LINE、食在麻吉 eathere","","https://www.google.com/search?q=%E9%BA%BB%E5%8F%A4%E8%8C%B6%E5%9D%8A%20%E9%AB%98%E9%9B%84%E6%AD%A3%E7%BE%A9%E5%BA%97%20%E9%AB%98%E9%9B%84%E5%B8%82%E8%8B%93%E9%9B%85%E5%8D%80%E6%AD%A3%E7%BE%A9%E8%B7%AF138%E8%99%9F&hl=zh-TW","","Named GMB profile matched, but no Google Order entry was opened."
"macu-tw-232","高雄民生民權店","南部","高雄市","新興區","高雄市新興區民生一路158號","07-2225798","confirmed","confirmed","true","true","","Uber Eats","LINE、Uber Eats、食在麻吉 eathere","Uber Eats","https://www.google.com/search?q=%E9%BA%BB%E5%8F%A4%E8%8C%B6%E5%9D%8A+%E9%AB%98%E9%9B%84%E6%B0%91%E7%94%9F%E6%B0%91%E6%AC%8A%E5%BA%97+%E9%AB%98%E9%9B%84%E5%B8%82%E6%96%B0%E8%88%88%E5%8D%80%E6%B0%91%E7%94%9F%E4%B8%80%E8%B7%AF158%E8%99%9F&hl=zh-TW#sv=CAESzQEKuQEStgEKd0FKaVQ0dEpidTlOQmpVTlQ5UG5pdzBhdHdScEw4RUhfUlZsaktyeGs3V29WT3l6OXBXRXg1YWtPRlAxMjByY3hBcU9YbEY2dlVGTEJXY2NVb2FsbkZXdmgwRFZGTExvUEtKZHNVSzVmdGo0LVNZeFE1Z05MekxJEhc2eUpoYW9fRkFlbV92cjBQcU51RG1BURoiQURzcjlmUzNJY0VSRk1aQXRwT0lvay1MQmxTZ0hfbWhxdxIEODEyNBoBMyoAMAA4AUAAGCoglom-7wc6AEoCEAE","https://www.google.com/search?q=%E9%BA%BB%E5%8F%A4%E8%8C%B6%E5%9D%8A+%E9%AB%98%E9%9B%84%E6%B0%91%E7%94%9F%E6%B0%91%E6%AC%8A%E5%BA%97+%E9%AB%98%E9%9B%84%E5%B8%82%E6%96%B0%E8%88%88%E5%8D%80%E6%B0%91%E7%94%9F%E4%B8%80%E8%B7%AF158%E8%99%9F&hl=zh-TW#sv=CAESzQEKuQEStgEKd0FKaVQ0dEpidTlOQmpVTlQ5UG5pdzBhdHdScEw4RUhfUlZsaktyeGs3V29WT3l6OXBXRXg1YWtPRlAxMjByY3hBcU9YbEY2dlVGTEJXY2NVb2FsbkZXdmgwRFZGTExvUEtKZHNVSzVmdGo0LVNZeFE1Z05MekxJEhc2eUpoYW9fRkFlbV92cjBQcU51RG1BURoiQURzcjlmUzNJY0VSRk1aQXRwT0lvay1MQmxTZ0hfbWhxdxIEODEyNBoBMyoAMAA4AUAAGCoglom-7wc6AEoCEAE","Playwright batch opened Google Order flow and read visible pickup/delivery providers."
"macu-tw-282","高雄永豐店","南部","高雄市","前鎮區","高雄市前鎮區永豐路248號1樓","07-7133199","confirmed","confirmed","true","true","","Uber Eats","LINE、Uber Eats、食在麻吉 eathere","Uber Eats","https://www.google.com/search?q=%E9%BA%BB%E5%8F%A4%E8%8C%B6%E5%9D%8A+%E9%AB%98%E9%9B%84%E6%B0%B8%E8%B1%90%E5%BA%97+%E9%AB%98%E9%9B%84%E5%B8%82%E5%89%8D%E9%8E%AE%E5%8D%80%E6%B0%B8%E8%B1%90%E8%B7%AF248%E8%99%9F1%E6%A8%93&hl=zh-TW#sv=CAESzQEKuQEStgEKd0FKaVQ0dExXWXVjQXJyYUhHbGowOTZOWHhrT1dSVURIdENmdVZRWWZ4dVZ5eVYteGxNb3JycUxvdksxd3RwMkpuYXRQN3hoUzdFTkFSU0dRRDdMNVJvLTBMc2xhS2dlUGUyR01aM3ZDUkRMZVE1XzJhdWdkZDEwEhdfeUpoYXNtMEgtYk4xZThQaHVlVWdRdxoiQURzcjlmU1lSQmo4YldLbUFFQ2VnbTdqU2N3d3VYZXhhQRIEODEyNBoBMyoAMAA4AUAAGCog9bKlpgg6AEoCEAE","https://www.google.com/search?q=%E9%BA%BB%E5%8F%A4%E8%8C%B6%E5%9D%8A+%E9%AB%98%E9%9B%84%E6%B0%B8%E8%B1%90%E5%BA%97+%E9%AB%98%E9%9B%84%E5%B8%82%E5%89%8D%E9%8E%AE%E5%8D%80%E6%B0%B8%E8%B1%90%E8%B7%AF248%E8%99%9F1%E6%A8%93&hl=zh-TW#sv=CAESzQEKuQEStgEKd0FKaVQ0dExXWXVjQXJyYUhHbGowOTZOWHhrT1dSVURIdENmdVZRWWZ4dVZ5eVYteGxNb3JycUxvdksxd3RwMkpuYXRQN3hoUzdFTkFSU0dRRDdMNVJvLTBMc2xhS2dlUGUyR01aM3ZDUkRMZVE1XzJhdWdkZDEwEhdfeUpoYXNtMEgtYk4xZThQaHVlVWdRdxoiQURzcjlmU1lSQmo4YldLbUFFQ2VnbTdqU2N3d3VYZXhhQRIEODEyNBoBMyoAMAA4AUAAGCog9bKlpgg6AEoCEAE","Playwright batch opened Google Order flow and read visible pickup/delivery providers."
"macu-tw-225","高雄湖內店","南部","高雄市","湖內區","高雄市湖內區保生路338號","07-6995159","confirmed","confirmed","true","true","","foodpanda","LINE、foodpanda、食在麻吉 eathere","foodpanda","https://www.google.com/search?q=%E9%BA%BB%E5%8F%A4%E8%8C%B6%E5%9D%8A%20%E9%AB%98%E9%9B%84%E6%B9%96%E5%85%A7%E5%BA%97%20%E9%AB%98%E9%9B%84%E5%B8%82%E6%B9%96%E5%85%A7%E5%8D%80%E4%BF%9D%E7%94%9F%E8%B7%AF338%E8%99%9F&hl=zh-TW#sv=CAESzQEKuQEStgEKd0FKaVQ0dEw3bnZDcnFycmdqMlZLc3hVMlp2OVlZemcweUJjdHR6bnYzb2NSekJDcmF2elcyb25weEJ5dkNiM2tKMXV0N2l5bFhobmNuVXJ1NXVmWWl4cHEyQ2d5UDFFMjI3ZnBGM2RzczhveEoxX0dTWTJlQnowEhdFU05oYXJPdUJxanAxZThQbV8zQzBRbxoiQURzcjlmUzlYdElzRThFN29qajh0Q0xBSVlPX2ZjV2I1QRIEODEyNBoBMyoAMAA4AUAAGCog69W-2g06AEoCEAE","https://www.google.com/search?q=%E9%BA%BB%E5%8F%A4%E8%8C%B6%E5%9D%8A%20%E9%AB%98%E9%9B%84%E6%B9%96%E5%85%A7%E5%BA%97%20%E9%AB%98%E9%9B%84%E5%B8%82%E6%B9%96%E5%85%A7%E5%8D%80%E4%BF%9D%E7%94%9F%E8%B7%AF338%E8%99%9F&hl=zh-TW#sv=CAESzQEKuQEStgEKd0FKaVQ0dEw3bnZDcnFycmdqMlZLc3hVMlp2OVlZemcweUJjdHR6bnYzb2NSekJDcmF2elcyb25weEJ5dkNiM2tKMXV0N2l5bFhobmNuVXJ1NXVmWWl4cHEyQ2d5UDFFMjI3ZnBGM2RzczhveEoxX0dTWTJlQnowEhdFU05oYXJPdUJxanAxZThQbV8zQzBRbxoiQURzcjlmUzlYdElzRThFN29qajh0Q0xBSVlPX2ZjV2I1QRIEODEyNBoBMyoAMAA4AUAAGCog69W-2g06AEoCEAE","Playwright batch opened Google Order flow and read visible pickup/delivery providers."
"macu-tw-281","高雄漢民店","南部","高雄市","小港區","高雄市小港區漢民路425號","07-8071555","confirmed","confirmed","true","true","","foodpanda、Uber Eats","LINE、Uber Eats、foodpanda、食在麻吉 eathere","Uber Eats、foodpanda","https://www.google.com/search?q=%E9%BA%BB%E5%8F%A4%E8%8C%B6%E5%9D%8A%20%E9%AB%98%E9%9B%84%E6%BC%A2%E6%B0%91%E5%BA%97%20%E9%AB%98%E9%9B%84%E5%B8%82%E5%B0%8F%E6%B8%AF%E5%8D%80%E6%BC%A2%E6%B0%91%E8%B7%AF425%E8%99%9F&hl=zh-TW#sv=CAESzQEKuQEStgEKd0FKaVQ0dElBVnpVUDJjMVRQT1NMMkUxRlZqekZsdDJlZE1JS0dRenR5UTllWXFZR2tBQXBuZ1dNRkU1UTVFMXdKeDR3cU95UHVmcG9QeVdoYnpqN3Nhb2dlSXRzMUxsM3VobWJYa3BoeGU0S3o5ME1wd3VvOGRNEhdvWFJoYXUtRUw0TGsxZThQMjhhV29BZxoiQURzcjlmUXZGOWxFQTk2YnBiWE96N21Eb1dyb01SMlhxQRIEODEyNBoBMyoAMAA4AUAAGCog0f7nrw5KAhAB","https://www.google.com/search?q=%E9%BA%BB%E5%8F%A4%E8%8C%B6%E5%9D%8A%20%E9%AB%98%E9%9B%84%E6%BC%A2%E6%B0%91%E5%BA%97%20%E9%AB%98%E9%9B%84%E5%B8%82%E5%B0%8F%E6%B8%AF%E5%8D%80%E6%BC%A2%E6%B0%91%E8%B7%AF425%E8%99%9F&hl=zh-TW#sv=CAESzQEKuQEStgEKd0FKaVQ0dElBVnpVUDJjMVRQT1NMMkUxRlZqekZsdDJlZE1JS0dRenR5UTllWXFZR2tBQXBuZ1dNRkU1UTVFMXdKeDR3cU95UHVmcG9QeVdoYnpqN3Nhb2dlSXRzMUxsM3VobWJYa3BoeGU0S3o5ME1wd3VvOGRNEhdvWFJoYXUtRUw0TGsxZThQMjhhV29BZxoiQURzcjlmUXZGOWxFQTk2YnBiWE96N21Eb1dyb01SMlhxQRIEODEyNBoBMyoAMAA4AUAAGCog17KgoQM6AEoCEAE","Playwright batch opened Google Order flow and read visible pickup/delivery providers."
"macu-tw-238","高雄熱河店","南部","高雄市","三民區","高雄市三民區熱河一街291號","07-3116111、0955267665","confirmed","confirmed","true","true","","foodpanda、Uber Eats","LINE、Uber Eats、foodpanda、食在麻吉 eathere","Uber Eats、foodpanda","https://www.google.com/search?q=%E9%BA%BB%E5%8F%A4%E8%8C%B6%E5%9D%8A%20%E9%AB%98%E9%9B%84%E7%86%B1%E6%B2%B3%E5%BA%97%20%E9%AB%98%E9%9B%84%E5%B8%82%E4%B8%89%E6%B0%91%E5%8D%80%E7%86%B1%E6%B2%B3%E4%B8%80%E8%A1%97291%E8%99%9F&hl=zh-TW&sei=w3Rhau-_Ds7l1e8P5ovW6Qg#sv=CAESzQEKuQEStgEKd0FKaVQ0dEppN1V2aXI0bmFNdEs1WUo3TUJVQV9Ka3J5N0huaVU3VGlwSm1ETGh6Z3owNUNDc0ZnU0t1WlMzNkJJMnROOVRHSGJzdF9UQWdEZGVUNmRGd1owVjJLaUlRaUtOTmF1QWJmZXAtSHAxTXF4ODA2MmNBEhd5Q05oYXVHVEJmZmwxZThQX2VIZ2dRbxoiQURzcjlmVHR6R0ZKUFlWWm5wN0Y0MGVwc2VkY2VjQlJHZxIEODEyNBoBMyoAMAA4AUAAGCogmNTI9go6AEoCEAE","https://www.google.com/search?q=%E9%BA%BB%E5%8F%A4%E8%8C%B6%E5%9D%8A%20%E9%AB%98%E9%9B%84%E7%86%B1%E6%B2%B3%E5%BA%97%20%E9%AB%98%E9%9B%84%E5%B8%82%E4%B8%89%E6%B0%91%E5%8D%80%E7%86%B1%E6%B2%B3%E4%B8%80%E8%A1%97291%E8%99%9F&hl=zh-TW&sei=w3Rhau-_Ds7l1e8P5ovW6Qg#sv=CAESzQEKuQEStgEKd0FKaVQ0dEppN1V2aXI0bmFNdEs1WUo3TUJVQV9Ka3J5N0huaVU3VGlwSm1ETGh6Z3owNUNDc0ZnU0t1WlMzNkJJMnROOVRHSGJzdF9UQWdEZGVUNmRGd1owVjJLaUlRaUtOTmF1QWJmZXAtSHAxTXF4ODA2MmNBEhd5Q05oYXVHVEJmZmwxZThQX2VIZ2dRbxoiQURzcjlmVHR6R0ZKUFlWWm5wN0Y0MGVwc2VkY2VjQlJHZxIEODEyNBoBMyoAMAA4AUAAGCogmNTI9go6AEoCEAE","Playwright batch opened Google Order flow and read visible pickup/delivery providers."
"macu-tw-243","高雄燕巢店","南部","高雄市","燕巢區","高雄市燕巢區中民路666號","07-6142220","confirmed","confirmed","true","true","","foodpanda、Uber Eats","LINE、Uber Eats、foodpanda、食在麻吉 eathere","Uber Eats、foodpanda","https://www.google.com/search?q=%E9%BA%BB%E5%8F%A4%E8%8C%B6%E5%9D%8A%20%E9%AB%98%E9%9B%84%E7%87%95%E5%B7%A2%E5%BA%97%20%E9%AB%98%E9%9B%84%E5%B8%82%E7%87%95%E5%B7%A2%E5%8D%80%E4%B8%AD%E6%B0%91%E8%B7%AF666%E8%99%9F&hl=zh-TW#sv=CAESzQEKuQEStgEKd0FKaVQ0dEx5a0pPVDNfdlJaMFEwN0dXeW9QRC1UZTIzVk1wb1E3a1NpLUdrcFppcWhCT1E0RUs5aHQ3WWxGS3F0WFd4dV9WNUtFQ25ST0tkTWJQdlFXLU9jQ0lzaWVmeWRzZnJ3TVFmQ1I3dGo2UWQwR21nbm9ZEhc0aU5oYXJ1MUN1V2oxZThQeXNubDhBTRoiQURzcjlmVHNzVjhidWRUUHNtemRqaVV3eWZmTkc5Y0JWdxIEODEyNBoBMyoAMAA4AUAAGCog4pn44Ao6AEoCEAE","https://www.google.com/search?q=%E9%BA%BB%E5%8F%A4%E8%8C%B6%E5%9D%8A%20%E9%AB%98%E9%9B%84%E7%87%95%E5%B7%A2%E5%BA%97%20%E9%AB%98%E9%9B%84%E5%B8%82%E7%87%95%E5%B7%A2%E5%8D%80%E4%B8%AD%E6%B0%91%E8%B7%AF666%E8%99%9F&hl=zh-TW#sv=CAESzQEKuQEStgEKd0FKaVQ0dEx5a0pPVDNfdlJaMFEwN0dXeW9QRC1UZTIzVk1wb1E3a1NpLUdrcFppcWhCT1E0RUs5aHQ3WWxGS3F0WFd4dV9WNUtFQ25ST0tkTWJQdlFXLU9jQ0lzaWVmeWRzZnJ3TVFmQ1I3dGo2UWQwR21nbm9ZEhc0aU5oYXJ1MUN1V2oxZThQeXNubDhBTRoiQURzcjlmVHNzVjhidWRUUHNtemRqaVV3eWZmTkc5Y0JWdxIEODEyNBoBMyoAMAA4AUAAGCog4pn44Ao6AEoCEAE","Playwright batch opened Google Order flow and read visible pickup/delivery providers."
"macu-tw-287","高雄瑞豐店","南部","高雄市","鼓山區","高雄市鼓山區裕誠路1146號","07-5527888","confirmed","confirmed","true","true","","foodpanda、Uber Eats","LINE、Uber Eats、foodpanda、食在麻吉 eathere","Uber Eats、foodpanda","https://www.google.com/search?q=%E9%BA%BB%E5%8F%A4%E8%8C%B6%E5%9D%8A+%E9%AB%98%E9%9B%84%E7%91%9E%E8%B1%90%E5%BA%97+%E9%AB%98%E9%9B%84%E5%B8%82%E9%BC%93%E5%B1%B1%E5%8D%80%E8%A3%95%E8%AA%A0%E8%B7%AF1146%E8%99%9F&hl=zh-TW#sv=CAESzQEKuQEStgEKd0FKaVQ0dEt1aTR6NmFSc1pQM3JxRENQczM1MjBjZGxvUmJ4VEV4cmN2ODROUVZUWjVTQ0ZvY09VajZrNlFKYlZ4SGdjS2lQQ3VLWFR6UnNPU2NBSGpfbHpEbXNNNndEU1FuVmVxSlpZcGNGbjJ5VEVtU0Z0Tk5zEhcteU5oYXNDbk0tVEJ2cjBQdHEzaTJRRRoiQURzcjlmU2Vzdi1peW1jLXFzckpmaDMtb2xKNHY5Y3JEdxIEODEyNBoBMyoAMAA4AUAAGCog7eT2yg06AEoCEAE","https://www.google.com/search?q=%E9%BA%BB%E5%8F%A4%E8%8C%B6%E5%9D%8A+%E9%AB%98%E9%9B%84%E7%91%9E%E8%B1%90%E5%BA%97+%E9%AB%98%E9%9B%84%E5%B8%82%E9%BC%93%E5%B1%B1%E5%8D%80%E8%A3%95%E8%AA%A0%E8%B7%AF1146%E8%99%9F&hl=zh-TW#sv=CAESzQEKuQEStgEKd0FKaVQ0dEt1aTR6NmFSc1pQM3JxRENQczM1MjBjZGxvUmJ4VEV4cmN2ODROUVZUWjVTQ0ZvY09VajZrNlFKYlZ4SGdjS2lQQ3VLWFR6UnNPU2NBSGpfbHpEbXNNNndEU1FuVmVxSlpZcGNGbjJ5VEVtU0Z0Tk5zEhcteU5oYXNDbk0tVEJ2cjBQdHEzaTJRRRoiQURzcjlmU2Vzdi1peW1jLXFzckpmaDMtb2xKNHY5Y3JEdxIEODEyNBoBMyoAMAA4AUAAGCog7eT2yg06AEoCEAE","Playwright batch opened Google Order flow and read visible pickup/delivery providers."
"macu-tw-311","高雄瑞隆店","南部","高雄市","前鎮區","高雄市前鎮區瑞隆路369號","07-7215392","confirmed","confirmed","true","true","","Uber Eats","LINE、Uber Eats、食在麻吉 eathere","Uber Eats","https://www.google.com/search?q=%E9%BA%BB%E5%8F%A4%E8%8C%B6%E5%9D%8A%20%E9%AB%98%E9%9B%84%E7%91%9E%E9%9A%86%E5%BA%97%20%E9%AB%98%E9%9B%84%E5%B8%82%E5%89%8D%E9%8E%AE%E5%8D%80%E7%91%9E%E9%9A%86%E8%B7%AF369%E8%99%9F&hl=zh-TW#sv=CAESzQEKuQEStgEKd0FKaVQ0dEt6U3lQSkpzdDFCTmFWbEVwSXpVaTE5YUlIeG8ybGxDdDNfdTlZbzFTTUpCN2hNZGZkYm9sUWhfaG9sY21uYzVkbFFJTVJLczA2REMyTDBKU2pldGdnTmVDdUtfNEZpRWVCWEtOSkJhdDlUT2Noam1nEhdFQ1JoYW9MV0lKLWp2cjBQZzY2NWdRZxoiQURzcjlmVFNTQ185T3NrMXp4NXpTTVVBeml5S3g5dy10QRIEODEyNBoBMyoAMAA4AUAAGCognMHl0go6AEoCEAE","https://www.google.com/search?q=%E9%BA%BB%E5%8F%A4%E8%8C%B6%E5%9D%8A%20%E9%AB%98%E9%9B%84%E7%91%9E%E9%9A%86%E5%BA%97%20%E9%AB%98%E9%9B%84%E5%B8%82%E5%89%8D%E9%8E%AE%E5%8D%80%E7%91%9E%E9%9A%86%E8%B7%AF369%E8%99%9F&hl=zh-TW#sv=CAESzQEKuQEStgEKd0FKaVQ0dEt6U3lQSkpzdDFCTmFWbEVwSXpVaTE5YUlIeG8ybGxDdDNfdTlZbzFTTUpCN2hNZGZkYm9sUWhfaG9sY21uYzVkbFFJTVJLczA2REMyTDBKU2pldGdnTmVDdUtfNEZpRWVCWEtOSkJhdDlUT2Noam1nEhdFQ1JoYW9MV0lKLWp2cjBQZzY2NWdRZxoiQURzcjlmVFNTQ185T3NrMXp4NXpTTVVBeml5S3g5dy10QRIEODEyNBoBMyoAMAA4AUAAGCognMHl0go6AEoCEAE","Playwright batch opened Google Order flow and read visible pickup/delivery providers."
"macu-tw-273","高雄福德店","南部","高雄市","苓雅區","高雄市苓雅區福德二路10號","07-7226565","confirmed","confirmed","true","true","","Uber Eats","LINE、Uber Eats、食在麻吉 eathere","Uber Eats","https://www.google.com/search?q=%E9%BA%BB%E5%8F%A4%E8%8C%B6%E5%9D%8A%20%E9%AB%98%E9%9B%84%E7%A6%8F%E5%BE%B7%E5%BA%97%20%E9%AB%98%E9%9B%84%E5%B8%82%E8%8B%93%E9%9B%85%E5%8D%80%E7%A6%8F%E5%BE%B7%E4%BA%8C%E8%B7%AF10%E8%99%9F&hl=zh-TW#sv=CAESzQEKuQEStgEKd0FKaVQ0dExsNUoxWFdRMmZGS3pqS1FTcm83YUlPNFVuMEc0RlpBM1puZ1ZNLVpiQS1YMm9SYnBLNm9sODkwSVl2RGRMN2haZ201b3dWQTkyUFRhWFcyZW8xTWx2dGpRY3dpaWZ6WFhmODlhNDd3WXpaZVhiNlZBEhdJeVJoYW9LakxQV3B2cjBQcUxueDBRbxoiQURzcjlmVEkyLWh5dk5ud01LSDFQNWJFam5xdFExSGkzQRIEODEyNBoBMyoAMAA4AUAAGCog34P9tgQ6AEoCEAE","https://www.google.com/search?q=%E9%BA%BB%E5%8F%A4%E8%8C%B6%E5%9D%8A%20%E9%AB%98%E9%9B%84%E7%A6%8F%E5%BE%B7%E5%BA%97%20%E9%AB%98%E9%9B%84%E5%B8%82%E8%8B%93%E9%9B%85%E5%8D%80%E7%A6%8F%E5%BE%B7%E4%BA%8C%E8%B7%AF10%E8%99%9F&hl=zh-TW#sv=CAESzQEKuQEStgEKd0FKaVQ0dExsNUoxWFdRMmZGS3pqS1FTcm83YUlPNFVuMEc0RlpBM1puZ1ZNLVpiQS1YMm9SYnBLNm9sODkwSVl2RGRMN2haZ201b3dWQTkyUFRhWFcyZW8xTWx2dGpRY3dpaWZ6WFhmODlhNDd3WXpaZVhiNlZBEhdJeVJoYW9LakxQV3B2cjBQcUxueDBRbxoiQURzcjlmVEkyLWh5dk5ud01LSDFQNWJFam5xdFExSGkzQRIEODEyNBoBMyoAMAA4AUAAGCog34P9tgQ6AEoCEAE","Playwright batch opened Google Order flow and read visible pickup/delivery providers."
"macu-tw-237","高雄美濃店","南部","高雄市","美濃區","高雄市美濃區中正路一段8號","07-6811880","confirmed","no_gmb_order_button","true","false","","","LINE、食在麻吉 eathere","","https://www.google.com/search?q=%E9%BA%BB%E5%8F%A4%E8%8C%B6%E5%9D%8A%20%E9%AB%98%E9%9B%84%E7%BE%8E%E6%BF%83%E5%BA%97%20%E9%AB%98%E9%9B%84%E5%B8%82%E7%BE%8E%E6%BF%83%E5%8D%80%E4%B8%AD%E6%AD%A3%E8%B7%AF%E4%B8%80%E6%AE%B58%E8%99%9F&hl=zh-TW","","Named GMB profile matched, but no Google Order entry was opened."
"macu-tw-280","高雄美術館店","南部","高雄市","鼓山區","高雄市鼓山區青海路149號","07-5530858","confirmed","no_gmb_order_button","true","false","","","LINE、食在麻吉 eathere","","https://www.google.com/search?q=%E9%BA%BB%E5%8F%A4%E8%8C%B6%E5%9D%8A%20%E9%AB%98%E9%9B%84%E7%BE%8E%E8%A1%93%E9%A4%A8%E5%BA%97%20%E9%AB%98%E9%9B%84%E5%B8%82%E9%BC%93%E5%B1%B1%E5%8D%80%E9%9D%92%E6%B5%B7%E8%B7%AF149%E8%99%9F&hl=zh-TW","","Named GMB profile matched, but no Google Order entry was opened."
"macu-tw-323","高雄義華店","南部","高雄市","三民區","高雄市三民區義華路334號","07-392-1100","confirmed","confirmed","true","true","","foodpanda、Uber Eats","LINE、Uber Eats、foodpanda、食在麻吉 eathere","Uber Eats、foodpanda","https://www.google.com/search?q=%E9%BA%BB%E5%8F%A4%E8%8C%B6%E5%9D%8A%20%E9%AB%98%E9%9B%84%E7%BE%A9%E8%8F%AF%E5%BA%97%20%E9%AB%98%E9%9B%84%E5%B8%82%E4%B8%89%E6%B0%91%E5%8D%80%E7%BE%A9%E8%8F%AF%E8%B7%AF334%E8%99%9F&hl=zh-TW#sv=CAESzQEKuQEStgEKd0FKaVQ0dEw0X3VIcWlmMDFIZUNNUnp3d0s2MXp1R2V2bm9MVVFfUmJxVUJ5OFhoQWVfR1Q1QW1RTVBzQUFyZHBfS25CRXVIaHdQcllTWlk4V091a3A0bkFiMTdmX05qX0w2bHhOTTFiTFBwaUhWNGJUTWRBV3JREhdYaVJoYXFUckpmUHMxZThQaXJPdndRbxoiQURzcjlmU05feENNdEdyNUZuUzM5cUR1YzFDNnFxa21CZxIEODEyNBoBMyoAMAA4AUAAGCogvoXuug46AEoCEAE","https://www.google.com/search?q=%E9%BA%BB%E5%8F%A4%E8%8C%B6%E5%9D%8A%20%E9%AB%98%E9%9B%84%E7%BE%A9%E8%8F%AF%E5%BA%97%20%E9%AB%98%E9%9B%84%E5%B8%82%E4%B8%89%E6%B0%91%E5%8D%80%E7%BE%A9%E8%8F%AF%E8%B7%AF334%E8%99%9F&hl=zh-TW#sv=CAESzQEKuQEStgEKd0FKaVQ0dEw0X3VIcWlmMDFIZUNNUnp3d0s2MXp1R2V2bm9MVVFfUmJxVUJ5OFhoQWVfR1Q1QW1RTVBzQUFyZHBfS25CRXVIaHdQcllTWlk4V091a3A0bkFiMTdmX05qX0w2bHhOTTFiTFBwaUhWNGJUTWRBV3JREhdYaVJoYXFUckpmUHMxZThQaXJPdndRbxoiQURzcjlmU05feENNdEdyNUZuUzM5cUR1YzFDNnFxa21CZxIEODEyNBoBMyoAMAA4AUAAGCogvoXuug46AEoCEAE","Playwright batch opened Google Order flow and read visible pickup/delivery providers."
"macu-tw-222","高雄自由孟子店","南部","高雄市","左營區","高雄市左營區自由三路355號","07-3507976","confirmed","confirmed","true","true","","foodpanda、Uber Eats","LINE、Uber Eats、foodpanda、食在麻吉 eathere","Uber Eats、foodpanda","https://www.google.com/search?q=%E9%BA%BB%E5%8F%A4%E8%8C%B6%E5%9D%8A%20%E9%AB%98%E9%9B%84%E8%87%AA%E7%94%B1%E5%AD%9F%E5%AD%90%E5%BA%97%20%E9%AB%98%E9%9B%84%E5%B8%82%E5%B7%A6%E7%87%9F%E5%8D%80%E8%87%AA%E7%94%B1%E4%B8%89%E8%B7%AF355%E8%99%9F&hl=zh-TW#sv=CAESzQEKuQEStgEKd0FKaVQ0dEtXaVp2RnpUc0pRRmtSZ2ZSb05CalhsYXd5dUVZNkFEVW04Y0NoRnlNRUxBc19VZzV1MXJ2bmF6MVJldmJmMTdfbDNmaDJGQkFuOXpna2F2a1lidlRCOE1BTWZtZVZRTmpxSmtYMWd6NnRGeTdwYnVrEhdkeVJoYXMzcEZLTGUxZThQZ1l1Qm9BWRoiQURzcjlmUllnLWF5OTg0dENrZHdxdHRaMHBKcW9XM0x5dxIEODEyNBoBMyoAMAA4AUAAGCogwPO07wM6AEoCEAE","https://www.google.com/search?q=%E9%BA%BB%E5%8F%A4%E8%8C%B6%E5%9D%8A%20%E9%AB%98%E9%9B%84%E8%87%AA%E7%94%B1%E5%AD%9F%E5%AD%90%E5%BA%97%20%E9%AB%98%E9%9B%84%E5%B8%82%E5%B7%A6%E7%87%9F%E5%8D%80%E8%87%AA%E7%94%B1%E4%B8%89%E8%B7%AF355%E8%99%9F&hl=zh-TW#sv=CAESzQEKuQEStgEKd0FKaVQ0dEtXaVp2RnpUc0pRRmtSZ2ZSb05CalhsYXd5dUVZNkFEVW04Y0NoRnlNRUxBc19VZzV1MXJ2bmF6MVJldmJmMTdfbDNmaDJGQkFuOXpna2F2a1lidlRCOE1BTWZtZVZRTmpxSmtYMWd6NnRGeTdwYnVrEhdkeVJoYXMzcEZLTGUxZThQZ1l1Qm9BWRoiQURzcjlmUllnLWF5OTg0dENrZHdxdHRaMHBKcW9XM0x5dxIEODEyNBoBMyoAMAA4AUAAGCogwPO07wM6AEoCEAE","Playwright batch opened Google Order flow and read visible pickup/delivery providers."
"macu-tw-290","高雄苓雅自強店","南部","高雄市","苓雅區","高雄市苓雅區苓雅二路89-3號","07-2691082","confirmed","confirmed","true","true","","Uber Eats","LINE、Uber Eats、食在麻吉 eathere","Uber Eats","https://www.google.com/search?q=%E9%BA%BB%E5%8F%A4%E8%8C%B6%E5%9D%8A+%E9%AB%98%E9%9B%84%E8%8B%93%E9%9B%85%E8%87%AA%E5%BC%B7%E5%BA%97+%E9%AB%98%E9%9B%84%E5%B8%82%E8%8B%93%E9%9B%85%E5%8D%80%E8%8B%93%E9%9B%85%E4%BA%8C%E8%B7%AF89-3%E8%99%9F&hl=zh-TW#sv=CAESzQEKuQEStgEKd0FKaVQ0dEpWRm5kYzJlNTJBY3htLS1USEZkYUVBQ3g4b0lrbXNCc0xFeGgtSXlZSXFSS09BSm1TNFJUTk00ZXVvY0JCT2hCNWRIaWNMQ0xKT3BPUlZzRElRaFoyZExPWG9pY3VaTE5Wd1Z3M2hMeU94ZXUxX2trEhdrU1JoYXNUMURZeVV2cjBQeC1iU29BOBoiQURzcjlmUnBHMVNWNnlkLXBYNjRRNkhNRnlnNGR3VF91URIEODEyNBoBMyoAMAA4AUAAGCogopPBrAI6AEoCEAE","https://www.google.com/search?q=%E9%BA%BB%E5%8F%A4%E8%8C%B6%E5%9D%8A+%E9%AB%98%E9%9B%84%E8%8B%93%E9%9B%85%E8%87%AA%E5%BC%B7%E5%BA%97+%E9%AB%98%E9%9B%84%E5%B8%82%E8%8B%93%E9%9B%85%E5%8D%80%E8%8B%93%E9%9B%85%E4%BA%8C%E8%B7%AF89-3%E8%99%9F&hl=zh-TW#sv=CAESzQEKuQEStgEKd0FKaVQ0dEpWRm5kYzJlNTJBY3htLS1USEZkYUVBQ3g4b0lrbXNCc0xFeGgtSXlZSXFSS09BSm1TNFJUTk00ZXVvY0JCT2hCNWRIaWNMQ0xKT3BPUlZzRElRaFoyZExPWG9pY3VaTE5Wd1Z3M2hMeU94ZXUxX2trEhdrU1JoYXNUMURZeVV2cjBQeC1iU29BOBoiQURzcjlmUnBHMVNWNnlkLXBYNjRRNkhNRnlnNGR3VF91URIEODEyNBoBMyoAMAA4AUAAGCogopPBrAI6AEoCEAE","Playwright batch opened Google Order flow and read visible pickup/delivery providers."
"macu-tw-226","高雄茄萣店","南部","高雄市","茄萣區","高雄市茄萣區仁愛路二段176號","07-6900071","confirmed","no_gmb_order_button","true","false","","","LINE、食在麻吉 eathere","","https://www.google.com/search?q=%E9%BA%BB%E5%8F%A4%E8%8C%B6%E5%9D%8A%20%E9%AB%98%E9%9B%84%E8%8C%84%E8%90%A3%E5%BA%97%20%E9%AB%98%E9%9B%84%E5%B8%82%E8%8C%84%E8%90%A3%E5%8D%80%E4%BB%81%E6%84%9B%E8%B7%AF%E4%BA%8C%E6%AE%B5176%E8%99%9F&hl=zh-TW","","Named GMB profile matched, but no Google Order entry was opened."
"macu-tw-304","高雄草衙店","南部","高雄市","前鎮區","高雄市前鎮區草衙里草衙二路511號1樓","07-8125515","confirmed","confirmed","true","true","","foodpanda","LINE、foodpanda、食在麻吉 eathere","foodpanda","https://www.google.com/search?q=%E9%BA%BB%E5%8F%A4%E8%8C%B6%E5%9D%8A+%E9%AB%98%E9%9B%84%E8%8D%89%E8%A1%99%E5%BA%97+%E9%AB%98%E9%9B%84%E5%B8%82%E5%89%8D%E9%8E%AE%E5%8D%80%E8%8D%89%E8%A1%99%E9%87%8C%E8%8D%89%E8%A1%99%E4%BA%8C%E8%B7%AF511%E8%99%9F1%E6%A8%93&hl=zh-TW#sv=CAESzQEKuQEStgEKd0FKaVQ0dEl5aHgxWGdTa2xNaUN4NndvZHJ4bmMzT1dGQXdMb0Y5bFZqNWw1SGVHZHJac1NqQ2pHcTVsbUp2b1JPNzNpOFhuLXhtdGlMS25jWmN6X05aajJIajhtOUFJNDdEOVRETGVmOWdaTDhCNzlDd1dNdVZzEhc4blZoYXJLckJkVE0xZThQNEtIQnVRZxoiQURzcjlmVFBsdFh0WlpjcjQ5a1BXb0c2NmxUeGRWdG5LZxIEODEyNBoBMyoAMAA4AUAAGCogwJHRswZKAhAB","https://www.google.com/search?q=%E9%BA%BB%E5%8F%A4%E8%8C%B6%E5%9D%8A+%E9%AB%98%E9%9B%84%E8%8D%89%E8%A1%99%E5%BA%97+%E9%AB%98%E9%9B%84%E5%B8%82%E5%89%8D%E9%8E%AE%E5%8D%80%E8%8D%89%E8%A1%99%E9%87%8C%E8%8D%89%E8%A1%99%E4%BA%8C%E8%B7%AF511%E8%99%9F1%E6%A8%93&hl=zh-TW#sv=CAESzQEKuQEStgEKd0FKaVQ0dEl5aHgxWGdTa2xNaUN4NndvZHJ4bmMzT1dGQXdMb0Y5bFZqNWw1SGVHZHJac1NqQ2pHcTVsbUp2b1JPNzNpOFhuLXhtdGlMS25jWmN6X05aajJIajhtOUFJNDdEOVRETGVmOWdaTDhCNzlDd1dNdVZzEhc4blZoYXJLckJkVE0xZThQNEtIQnVRZxoiQURzcjlmVFBsdFh0WlpjcjQ5a1BXb0c2NmxUeGRWdG5LZxIEODEyNBoBMyoAMAA4AUAAGCoghobX-Qc6AEoCEAE","Playwright batch opened Google Order flow and read visible pickup/delivery providers."
"macu-tw-297","高雄華夏店","南部","高雄市","左營區","高雄市左營區華夏路1127號1樓","07-3507657","confirmed","confirmed","true","true","foodpanda","foodpanda、Uber Eats","LINE、Uber Eats、foodpanda、食在麻吉 eathere","Uber Eats、foodpanda","https://www.google.com/search?q=%E9%BA%BB%E5%8F%A4%E8%8C%B6%E5%9D%8A+%E9%AB%98%E9%9B%84%E8%8F%AF%E5%A4%8F%E5%BA%97+%E9%AB%98%E9%9B%84%E5%B8%82%E5%B7%A6%E7%87%9F%E5%8D%80%E8%8F%AF%E5%A4%8F%E8%B7%AF1127%E8%99%9F1%E6%A8%93&hl=zh-TW#sv=CAESzQEKuQEStgEKd0FKaVQ0dElwX1k5Y3lNRklUM1BmXzdKWHBQa1FvdUszVWJyNTNMeGNIMDhqb2V6UnNyVklTWHI2d1ZXcm1PUmVFU3pUQWNXdjd3N19RZzYwTzBqdkdUNHBFZm5Sd05HeDNXUFJidXR6eHRRSzZUOUNQdFVkbnRzEhdBblpoYW91WElfUHExZThQdXNmT3dRWRoiQURzcjlmU1lBTEo0cXlyb3pQS0FzRWFzNFE5dEF6ZjZ0QRIEODEyNBoBMyoAMAA4AUAAGCogj_3X7QNKAhAB","https://www.google.com/search?q=%E9%BA%BB%E5%8F%A4%E8%8C%B6%E5%9D%8A+%E9%AB%98%E9%9B%84%E8%8F%AF%E5%A4%8F%E5%BA%97+%E9%AB%98%E9%9B%84%E5%B8%82%E5%B7%A6%E7%87%9F%E5%8D%80%E8%8F%AF%E5%A4%8F%E8%B7%AF1127%E8%99%9F1%E6%A8%93&hl=zh-TW#sv=CAESzQEKuQEStgEKd0FKaVQ0dElwX1k5Y3lNRklUM1BmXzdKWHBQa1FvdUszVWJyNTNMeGNIMDhqb2V6UnNyVklTWHI2d1ZXcm1PUmVFU3pUQWNXdjd3N19RZzYwTzBqdkdUNHBFZm5Sd05HeDNXUFJidXR6eHRRSzZUOUNQdFVkbnRzEhdBblpoYW91WElfUHExZThQdXNmT3dRWRoiQURzcjlmU1lBTEo0cXlyb3pQS0FzRWFzNFE5dEF6ZjZ0QRIEODEyNBoBMyoAMAA4AUAAGCoglYKF5wg6AEoCEAE","User screenshot on 2026-07-23 shows Google Order pickup panel for Kaohsiung Huaxia has foodpanda only; removed erroneous LINE and Uber Eats pickup providers from scoped GMB evidence."
"macu-tw-306","高雄藍昌店","南部","高雄市","楠梓區","高雄市楠梓區藍昌路398之11號1樓","07-3649993","confirmed","confirmed","true","true","","foodpanda","LINE、foodpanda、食在麻吉 eathere","foodpanda","https://www.google.com/search?q=%E9%BA%BB%E5%8F%A4%E8%8C%B6%E5%9D%8A%20%E9%AB%98%E9%9B%84%E8%97%8D%E6%98%8C%E5%BA%97%20%E9%AB%98%E9%9B%84%E5%B8%82%E6%A5%A0%E6%A2%93%E5%8D%80%E8%97%8D%E6%98%8C%E8%B7%AF398%E4%B9%8B11%E8%99%9F1%E6%A8%93&hl=zh-TW#sv=CAESzQEKuQEStgEKd0FKaVQ0dEtLRWF5SmFlVFhRTXFmRGgwLThsZ1h2dC1BcjNoUnRXTmFmWW4zcmhuNWJ1TlhWQkxnbVJsb1RwM2oxZnMxSEhmejhoZFZoQXJ5eGdvdFVDSEszcXN0aTVBdTVCYVBGa3o5Z2xqQUFfaWllaWp3bTRjEhc1eVJoYXVqNEtPeUgxZThQM01HSzRRZxoiQURzcjlmU2gtQlIwcURrMG9faFpyNkxKaHR2QTZ3Mk1lQRIEODEyNBoBMyoAMAA4AUAAGCogs9CZ4gM6AEoCEAE","https://www.google.com/search?q=%E9%BA%BB%E5%8F%A4%E8%8C%B6%E5%9D%8A%20%E9%AB%98%E9%9B%84%E8%97%8D%E6%98%8C%E5%BA%97%20%E9%AB%98%E9%9B%84%E5%B8%82%E6%A5%A0%E6%A2%93%E5%8D%80%E8%97%8D%E6%98%8C%E8%B7%AF398%E4%B9%8B11%E8%99%9F1%E6%A8%93&hl=zh-TW#sv=CAESzQEKuQEStgEKd0FKaVQ0dEtLRWF5SmFlVFhRTXFmRGgwLThsZ1h2dC1BcjNoUnRXTmFmWW4zcmhuNWJ1TlhWQkxnbVJsb1RwM2oxZnMxSEhmejhoZFZoQXJ5eGdvdFVDSEszcXN0aTVBdTVCYVBGa3o5Z2xqQUFfaWllaWp3bTRjEhc1eVJoYXVqNEtPeUgxZThQM01HSzRRZxoiQURzcjlmU2gtQlIwcURrMG9faFpyNkxKaHR2QTZ3Mk1lQRIEODEyNBoBMyoAMAA4AUAAGCogs9CZ4gM6AEoCEAE","Playwright batch opened Google Order flow and read visible pickup/delivery providers."
"macu-tw-219","高雄蚵寮店","南部","高雄市","梓官區","高雄市梓官區中正路220號","07-6109153","confirmed","button_confirmed_provider_pending","true","true","","","LINE、食在麻吉 eathere","","https://www.google.com/search?q=%E9%BA%BB%E5%8F%A4%E8%8C%B6%E5%9D%8A%20%E9%AB%98%E9%9B%84%E8%9A%B5%E5%AF%AE%E5%BA%97%20%E9%AB%98%E9%9B%84%E5%B8%82%E6%A2%93%E5%AE%98%E5%8D%80%E4%B8%AD%E6%AD%A3%E8%B7%AF220%E8%99%9F&hl=zh-TW","https://www.google.com/search?q=%E9%BA%BB%E5%8F%A4%E8%8C%B6%E5%9D%8A+%E9%AB%98%E9%9B%84%E8%9A%B5%E5%AF%AE%E5%BA%97+%E9%AB%98%E9%9B%84%E5%B8%82%E6%A2%93%E5%AE%98%E5%8D%80%E4%B8%AD%E6%AD%A3%E8%B7%AF220%E8%99%9F&hl=zh-TW","Google Order entry/panel opened, but provider rows were not parsed."
"macu-tw-276","高雄裕誠富國店","南部","高雄市","左營區","高雄市左營區富國路265號","07-5507111","confirmed","confirmed","true","true","","foodpanda、Uber Eats","LINE、Uber Eats、foodpanda、食在麻吉 eathere","Uber Eats、foodpanda","https://www.google.com/search?q=%E9%BA%BB%E5%8F%A4%E8%8C%B6%E5%9D%8A%20%E9%AB%98%E9%9B%84%E8%A3%95%E8%AA%A0%E5%AF%8C%E5%9C%8B%E5%BA%97%20%E9%AB%98%E9%9B%84%E5%B8%82%E5%B7%A6%E7%87%9F%E5%8D%80%E5%AF%8C%E5%9C%8B%E8%B7%AF265%E8%99%9F&hl=zh-TW&sei=Y3ZhauT5DoLFvr0P9o_EsQY#sv=CAESzQEKuQEStgEKd0FKaVQ0dEpCQ1d3M190b1FsNE5ocDZPekJmMF9EZDdCWnBrZ29ENXl5cTBPZmNPa3E5bVdIRHBtSU5VMVJnbWFkdzNpYWpFeGEyZm5IdDBuYTNycTZGbllZRGJiYTZWMzBBcnM2aG9Kak5zOEVIYkpWZnBRQkhZEhdGaVZoYXNIcUtlWHYxZThQeUl2Mm1RWRoiQURzcjlmU29PNGVNNjRKQ3puQi03X1o0d0tzQXFRZlExdxIEODEyNBoBMyoAMAA4AUAAGCogpOG05wI6AEoCEAE","https://www.google.com/search?q=%E9%BA%BB%E5%8F%A4%E8%8C%B6%E5%9D%8A%20%E9%AB%98%E9%9B%84%E8%A3%95%E8%AA%A0%E5%AF%8C%E5%9C%8B%E5%BA%97%20%E9%AB%98%E9%9B%84%E5%B8%82%E5%B7%A6%E7%87%9F%E5%8D%80%E5%AF%8C%E5%9C%8B%E8%B7%AF265%E8%99%9F&hl=zh-TW&sei=Y3ZhauT5DoLFvr0P9o_EsQY#sv=CAESzQEKuQEStgEKd0FKaVQ0dEpCQ1d3M190b1FsNE5ocDZPekJmMF9EZDdCWnBrZ29ENXl5cTBPZmNPa3E5bVdIRHBtSU5VMVJnbWFkdzNpYWpFeGEyZm5IdDBuYTNycTZGbllZRGJiYTZWMzBBcnM2aG9Kak5zOEVIYkpWZnBRQkhZEhdGaVZoYXNIcUtlWHYxZThQeUl2Mm1RWRoiQURzcjlmU29PNGVNNjRKQ3puQi03X1o0d0tzQXFRZlExdxIEODEyNBoBMyoAMAA4AUAAGCogpOG05wI6AEoCEAE","Playwright batch opened Google Order flow and read visible pickup/delivery providers."
"macu-tw-310","高雄裕誠總店","南部","高雄市","左營區","高雄市左營區新上里裕誠路155號","07-5563188","confirmed","confirmed","true","true","","foodpanda、Uber Eats","LINE、Uber Eats、foodpanda、食在麻吉 eathere","Uber Eats、foodpanda","https://www.google.com/search?q=%E9%BA%BB%E5%8F%A4%E8%8C%B6%E5%9D%8A+%E9%AB%98%E9%9B%84%E8%A3%95%E8%AA%A0%E7%B8%BD%E5%BA%97+%E9%AB%98%E9%9B%84%E5%B8%82%E5%B7%A6%E7%87%9F%E5%8D%80%E6%96%B0%E4%B8%8A%E9%87%8C%E8%A3%95%E8%AA%A0%E8%B7%AF155%E8%99%9F&hl=zh-TW#sv=CAESzQEKuQEStgEKd0FKaVQ0dEt0YTRhWFkwZFVramJFVmh6Q1ZCZjhpc2xVWGEyRnctc25UaWJFZjhWMjRmREJFR3p6ZXJ2SEgtYy1SRVlGQkdJSnNEczA5T2g0WDlRLTQtd2VVa2hreXhNSVdyLU10T3JmWS1fMFRPQXFHQmxhSmZnEhdlblpoYXFIVkNQbVJ2cjBQbTdUWm9BbxoiQURzcjlmUnVpODlJWDlnYkFKMDNmbDF2dkNBc3ZHbUtTQRIEODEyNBoBMyoAMAA4AUAAGCogtvnApAZKAhAB","https://www.google.com/search?q=%E9%BA%BB%E5%8F%A4%E8%8C%B6%E5%9D%8A+%E9%AB%98%E9%9B%84%E8%A3%95%E8%AA%A0%E7%B8%BD%E5%BA%97+%E9%AB%98%E9%9B%84%E5%B8%82%E5%B7%A6%E7%87%9F%E5%8D%80%E6%96%B0%E4%B8%8A%E9%87%8C%E8%A3%95%E8%AA%A0%E8%B7%AF155%E8%99%9F&hl=zh-TW#sv=CAESzQEKuQEStgEKd0FKaVQ0dEt0YTRhWFkwZFVramJFVmh6Q1ZCZjhpc2xVWGEyRnctc25UaWJFZjhWMjRmREJFR3p6ZXJ2SEgtYy1SRVlGQkdJSnNEczA5T2g0WDlRLTQtd2VVa2hreXhNSVdyLU10T3JmWS1fMFRPQXFHQmxhSmZnEhdlblpoYXFIVkNQbVJ2cjBQbTdUWm9BbxoiQURzcjlmUnVpODlJWDlnYkFKMDNmbDF2dkNBc3ZHbUtTQRIEODEyNBoBMyoAMAA4AUAAGCog_KKSsQY6AEoCEAE","Playwright batch opened Google Order flow and read visible pickup/delivery providers."
"macu-tw-234","高雄西子灣店","南部","高雄市","鼓山區","高雄市鼓山區臨海二路20號","07-5312111","confirmed","confirmed","true","true","","Uber Eats","LINE、Uber Eats、食在麻吉 eathere","Uber Eats","https://www.google.com/search?q=%E9%BA%BB%E5%8F%A4%E8%8C%B6%E5%9D%8A%20%E9%AB%98%E9%9B%84%E8%A5%BF%E5%AD%90%E7%81%A3%E5%BA%97%20%E9%AB%98%E9%9B%84%E5%B8%82%E9%BC%93%E5%B1%B1%E5%8D%80%E8%87%A8%E6%B5%B7%E4%BA%8C%E8%B7%AF20%E8%99%9F&hl=zh-TW#sv=CAESzQEKuQEStgEKd0FKaVQ0dEtNcEEyRWhBWElhbWpBcVA2VGFDMDVkZmF2SkZxbDc5d0JaMVl0NjFacmlJbkxEYTJRei1PQ2RDRjRnZmVLRDNZY054MFZfbU51aDJ3aGRjM1hFNEU1UVREWjF3RDdvazJhbkRPR0JUaTU5M18yQmFNEhdTaVZoYXZ2c0tjS1B2cjBQXzZQQjBRRRoiQURzcjlmUUZQS041bU1sZTlUelhjZFRfeDBqblR5aUkwdxIEODEyNBoBMyoAMAA4AUAAGCogqK2pugs6AEoCEAE","https://www.google.com/search?q=%E9%BA%BB%E5%8F%A4%E8%8C%B6%E5%9D%8A%20%E9%AB%98%E9%9B%84%E8%A5%BF%E5%AD%90%E7%81%A3%E5%BA%97%20%E9%AB%98%E9%9B%84%E5%B8%82%E9%BC%93%E5%B1%B1%E5%8D%80%E8%87%A8%E6%B5%B7%E4%BA%8C%E8%B7%AF20%E8%99%9F&hl=zh-TW#sv=CAESzQEKuQEStgEKd0FKaVQ0dEtNcEEyRWhBWElhbWpBcVA2VGFDMDVkZmF2SkZxbDc5d0JaMVl0NjFacmlJbkxEYTJRei1PQ2RDRjRnZmVLRDNZY054MFZfbU51aDJ3aGRjM1hFNEU1UVREWjF3RDdvazJhbkRPR0JUaTU5M18yQmFNEhdTaVZoYXZ2c0tjS1B2cjBQXzZQQjBRRRoiQURzcjlmUUZQS041bU1sZTlUelhjZFRfeDBqblR5aUkwdxIEODEyNBoBMyoAMAA4AUAAGCogqK2pugs6AEoCEAE","Playwright batch opened Google Order flow and read visible pickup/delivery providers."
"macu-tw-330","高雄覺民店","南部","高雄市","三民區","高雄市三民區寶國里覺民路194號","07-3963296","confirmed","confirmed","true","true","","foodpanda、Uber Eats","LINE、Uber Eats、foodpanda、食在麻吉 eathere","Uber Eats、foodpanda","https://www.google.com/search?q=%E9%BA%BB%E5%8F%A4%E8%8C%B6%E5%9D%8A%20%E9%AB%98%E9%9B%84%E8%A6%BA%E6%B0%91%E5%BA%97%20%E9%AB%98%E9%9B%84%E5%B8%82%E4%B8%89%E6%B0%91%E5%8D%80%E5%AF%B6%E5%9C%8B%E9%87%8C%E8%A6%BA%E6%B0%91%E8%B7%AF194%E8%99%9F&hl=zh-TW#sv=CAESzQEKuQEStgEKd0FKaVQ0dElBYm1OMWtWZEt3VlE3OTRyY3pJTmJ5Ul8zbzRrY3BjOXQtRHVNejMtXzdnQTI3OHVuelRhZWxZTG1TempUWFhyZ21xWTVaLWp2SHNEUmJlSGY1d1NQUVNNVmM1ekxrWVZyaGhpbzBPQ2NKbFpDYWwwEhdYQ1ZoYXZLWktaWE0xZThQXy1XYzZRdxoiQURzcjlmVENNZTI3N2tibzVtLWRYWWt3TF9zbG5KMXJLdxIEODEyNBoBMyoAMAA4AUAAGCogk5_rlgI6AEoCEAE","https://www.google.com/search?q=%E9%BA%BB%E5%8F%A4%E8%8C%B6%E5%9D%8A+%E9%AB%98%E9%9B%84%E8%A6%BA%E6%B0%91%E5%BA%97+%E9%AB%98%E9%9B%84%E5%B8%82%E4%B8%89%E6%B0%91%E5%8D%80%E5%AF%B6%E5%9C%8B%E9%87%8C%E8%A6%BA%E6%B0%91%E8%B7%AF194%E8%99%9F&hl=zh-TW#sv=CAESzQEKuQEStgEKd0FKaVQ0dElBYm1OMWtWZEt3VlE3OTRyY3pJTmJ5Ul8zbzRrY3BjOXQtRHVNejMtXzdnQTI3OHVuelRhZWxZTG1TempUWFhyZ21xWTVaLWp2SHNEUmJlSGY1d1NQUVNNVmM1ekxrWVZyaGhpbzBPQ2NKbFpDYWwwEhdYQ1ZoYXZLWktaWE0xZThQXy1XYzZRdxoiQURzcjlmVENNZTI3N2tibzVtLWRYWWt3TF9zbG5KMXJLdxIEODEyNBoBMyoAMAA4AUAAGCogk5_rlgI6AEoCEAE","Playwright batch opened Google Order flow and read visible pickup/delivery providers."
"macu-tw-247","高雄路竹中正店","南部","高雄市","路竹區","高雄市路竹區竹南里中正路225-1號","07-6966008","confirmed","button_confirmed_provider_pending","true","true","","","LINE、食在麻吉 eathere","","https://goo.gl/maps/PF8awgbXRMgXzci49","https://www.google.com.tw/maps/place/%E9%BA%BB%E5%8F%A4%E8%8C%B6%E5%9D%8A+%E8%B7%AF%E7%AB%B9%E4%B8%AD%E6%AD%A3%E5%BA%97/@22.857893,120.2604124,17z/data=!4m6!3m5!1s0x346e0c90ca22caf7:0x2943db8ad913889d!8m2!3d22.8542602!4d120.2643545!16s%2Fg%2F11dzdf5y_0?hl=zh-TW&entry=ttu&g_ep=EgoyMDI2MDcxOS4wIKXMDSoASAFQAw%3D%3D","Google Order entry/panel opened, but provider rows were not parsed."
"macu-tw-220","高雄路竹忠孝店","南部","高雄市","路竹區","高雄市路竹區忠孝路58號","07-6960523","confirmed","confirmed","true","true","","foodpanda","LINE、foodpanda、食在麻吉 eathere","foodpanda","https://www.google.com/search?q=%E9%BA%BB%E5%8F%A4%E8%8C%B6%E5%9D%8A+%E9%AB%98%E9%9B%84%E8%B7%AF%E7%AB%B9%E5%BF%A0%E5%AD%9D%E5%BA%97+%E9%AB%98%E9%9B%84%E5%B8%82%E8%B7%AF%E7%AB%B9%E5%8D%80%E5%BF%A0%E5%AD%9D%E8%B7%AF58%E8%99%9F&hl=zh-TW&sei=7nZhap7tNMe_vr0P1PS6iQo#sv=CAESzQEKuQEStgEKd0FKaVQ0dEw2bnFEOXMyZlh5cVp6VW5MXy04WUxMMkxyU1pTTHdsVVo3eHlubzFEcXFvSUFjN2ZlLVpPM1RGM1NVVnlLVTlaS0ItRGVPY0p3Uy12X2ZWVFRlMy10YTlqQVB1YVZ6Z1JNTjU1SFRBQW5JUmVDejF3EhdrQ1ZoYXJiUEV2Nnl2cjBQX0wzQW9RaxoiQURzcjlmVEU2d0hMdjJWdzNyZzlINmFWaDdtcW9qYzJCZxIEODEyNBoBMyoAMAA4AUAAGCoguuv8ow06AEoCEAE","https://www.google.com/search?q=%E9%BA%BB%E5%8F%A4%E8%8C%B6%E5%9D%8A+%E9%AB%98%E9%9B%84%E8%B7%AF%E7%AB%B9%E5%BF%A0%E5%AD%9D%E5%BA%97+%E9%AB%98%E9%9B%84%E5%B8%82%E8%B7%AF%E7%AB%B9%E5%8D%80%E5%BF%A0%E5%AD%9D%E8%B7%AF58%E8%99%9F&hl=zh-TW&sei=7nZhap7tNMe_vr0P1PS6iQo#sv=CAESzQEKuQEStgEKd0FKaVQ0dEw2bnFEOXMyZlh5cVp6VW5MXy04WUxMMkxyU1pTTHdsVVo3eHlubzFEcXFvSUFjN2ZlLVpPM1RGM1NVVnlLVTlaS0ItRGVPY0p3Uy12X2ZWVFRlMy10YTlqQVB1YVZ6Z1JNTjU1SFRBQW5JUmVDejF3EhdrQ1ZoYXJiUEV2Nnl2cjBQX0wzQW9RaxoiQURzcjlmVEU2d0hMdjJWdzNyZzlINmFWaDdtcW9qYzJCZxIEODEyNBoBMyoAMAA4AUAAGCoguuv8ow06AEoCEAE","Playwright batch opened Google Order flow and read visible pickup/delivery providers."
"macu-tw-291","高雄鎮興店","南部","高雄市","前鎮區鎮","高雄市前鎮區鎮興路198號","07-8411094","confirmed","confirmed","true","true","","foodpanda、Uber Eats","LINE、Uber Eats、foodpanda、食在麻吉 eathere","Uber Eats、foodpanda","https://www.google.com/search?q=%E9%BA%BB%E5%8F%A4%E8%8C%B6%E5%9D%8A%20%E9%AB%98%E9%9B%84%E9%8E%AE%E8%88%88%E5%BA%97%20%E9%AB%98%E9%9B%84%E5%B8%82%E5%89%8D%E9%8E%AE%E5%8D%80%E9%8E%AE%E8%88%88%E8%B7%AF198%E8%99%9F&hl=zh-TW#sv=CAESzQEKuQEStgEKd0FKaVQ0dEtDV240SVVtZ2tVZEstQUpMRno5YWtGNmJEUEtqOWNuVDhULXBzcXdxNXI4aDF3Ylh0RzB5TzBRcXNpSXg0OUc1ZEo1WWFmOXdNOWowSzRRMTloZGk1TThyQnEtbi1KRWxvTTR3V3FFSzRyV182OVh3EhdxeVZoYXNlbUMteTJ2cjBQbDh1MndBYxoiQURzcjlmUURzZVZ2TUpPOFBNUVZqb3AyUXBacVFLYTJJQRIEODEyNBoBMyoAMAA4AUAAGCog0-PqNDoASgIQAQ","https://www.google.com/search?q=%E9%BA%BB%E5%8F%A4%E8%8C%B6%E5%9D%8A%20%E9%AB%98%E9%9B%84%E9%8E%AE%E8%88%88%E5%BA%97%20%E9%AB%98%E9%9B%84%E5%B8%82%E5%89%8D%E9%8E%AE%E5%8D%80%E9%8E%AE%E8%88%88%E8%B7%AF198%E8%99%9F&hl=zh-TW#sv=CAESzQEKuQEStgEKd0FKaVQ0dEtDV240SVVtZ2tVZEstQUpMRno5YWtGNmJEUEtqOWNuVDhULXBzcXdxNXI4aDF3Ylh0RzB5TzBRcXNpSXg0OUc1ZEo1WWFmOXdNOWowSzRRMTloZGk1TThyQnEtbi1KRWxvTTR3V3FFSzRyV182OVh3EhdxeVZoYXNlbUMteTJ2cjBQbDh1MndBYxoiQURzcjlmUURzZVZ2TUpPOFBNUVZqb3AyUXBacVFLYTJJQRIEODEyNBoBMyoAMAA4AUAAGCog0-PqNDoASgIQAQ","Playwright batch opened Google Order flow and read visible pickup/delivery providers."
"macu-tw-218","高雄阿蓮店","南部","高雄市","阿蓮區","高雄市阿蓮區忠孝路107號","07-6315770","confirmed","confirmed","true","true","","Uber Eats","LINE、Uber Eats、食在麻吉 eathere","Uber Eats","https://www.google.com/search?q=%E9%BA%BB%E5%8F%A4%E8%8C%B6%E5%9D%8A+%E9%AB%98%E9%9B%84%E9%98%BF%E8%93%AE%E5%BA%97+%E9%AB%98%E9%9B%84%E5%B8%82%E9%98%BF%E8%93%AE%E5%8D%80%E5%BF%A0%E5%AD%9D%E8%B7%AF107%E8%99%9F&hl=zh-TW#sv=CAESzQEKuQEStgEKd0FKaVQ0dEw0ZkxWTWxzX003LS1NSDRYeGx1dEhrd2Rtd0xhT3M3cUJVYWhrX0lwQ0xBZThfek5ycXI0OXd4dHhHSHVlMDFJZjFXUXp6UVAzNXNmMHdDSldwckc5dnBFVkRwb3ktYld5WGpsRUZSMWlZS3RFVFJZEhdLaXhoYXEtVk44dVd2cjBQeG83aTRBTRoiQURzcjlmUV82MldLMHh2UGQxYU8xUkdYWGZ1bS1fYmJ2QRIEODEyNBoBMyoAMAA4AUAAGCogw4ui5gw6AEoCEAE","https://www.google.com/search?q=%E9%BA%BB%E5%8F%A4%E8%8C%B6%E5%9D%8A+%E9%AB%98%E9%9B%84%E9%98%BF%E8%93%AE%E5%BA%97+%E9%AB%98%E9%9B%84%E5%B8%82%E9%98%BF%E8%93%AE%E5%8D%80%E5%BF%A0%E5%AD%9D%E8%B7%AF107%E8%99%9F&hl=zh-TW#sv=CAESzQEKuQEStgEKd0FKaVQ0dEw0ZkxWTWxzX003LS1NSDRYeGx1dEhrd2Rtd0xhT3M3cUJVYWhrX0lwQ0xBZThfek5ycXI0OXd4dHhHSHVlMDFJZjFXUXp6UVAzNXNmMHdDSldwckc5dnBFVkRwb3ktYld5WGpsRUZSMWlZS3RFVFJZEhdLaXhoYXEtVk44dVd2cjBQeG83aTRBTRoiQURzcjlmUV82MldLMHh2UGQxYU8xUkdYWGZ1bS1fYmJ2QRIEODEyNBoBMyoAMAA4AUAAGCogw4ui5gw6AEoCEAE","Playwright batch opened Google Order flow and read visible pickup/delivery providers."
"macu-tw-319","高雄陽明店","南部","高雄市","三民區","高雄市三民區陽明路419號","07-3929191","confirmed","confirmed","true","true","","foodpanda、Uber Eats","LINE、Uber Eats、foodpanda、食在麻吉 eathere","Uber Eats、foodpanda","https://www.google.com/search?q=%E9%BA%BB%E5%8F%A4%E8%8C%B6%E5%9D%8A%20%E9%AB%98%E9%9B%84%E9%99%BD%E6%98%8E%E5%BA%97%20%E9%AB%98%E9%9B%84%E5%B8%82%E4%B8%89%E6%B0%91%E5%8D%80%E9%99%BD%E6%98%8E%E8%B7%AF419%E8%99%9F&hl=zh-TW#sv=CAESzQEKuQEStgEKd0FKaVQ0dEs2VEpoTGt2bVEzM1JabTF1QkpaTm1BMzg2TV92bmE2d0R6dkNSOGRCLWlqemwtU2dEWko5SGt2eXphNVY3eEhMZUlySlpGSTJnUFJOc08tby1QT3B0WXVzMEY4TTVmQlc0dHZubUVzenJJNGNrcUtNEhc3U1ZoYXVtM1BMcmcxZThQX2ZDV2lBYxoiQURzcjlmU3k4NGw2TTNwWlpHckE5alJ6cGl4WjVuQTI5QRIEODEyNBoBMyoAMAA4AUAAGCogrqS-gAo6AEoCEAE","https://www.google.com/search?q=%E9%BA%BB%E5%8F%A4%E8%8C%B6%E5%9D%8A%20%E9%AB%98%E9%9B%84%E9%99%BD%E6%98%8E%E5%BA%97%20%E9%AB%98%E9%9B%84%E5%B8%82%E4%B8%89%E6%B0%91%E5%8D%80%E9%99%BD%E6%98%8E%E8%B7%AF419%E8%99%9F&hl=zh-TW#sv=CAESzQEKuQEStgEKd0FKaVQ0dEs2VEpoTGt2bVEzM1JabTF1QkpaTm1BMzg2TV92bmE2d0R6dkNSOGRCLWlqemwtU2dEWko5SGt2eXphNVY3eEhMZUlySlpGSTJnUFJOc08tby1QT3B0WXVzMEY4TTVmQlc0dHZubUVzenJJNGNrcUtNEhc3U1ZoYXVtM1BMcmcxZThQX2ZDV2lBYxoiQURzcjlmU3k4NGw2TTNwWlpHckE5alJ6cGl4WjVuQTI5QRIEODEyNBoBMyoAMAA4AUAAGCogrqS-gAo6AEoCEAE","Playwright batch opened Google Order flow and read visible pickup/delivery providers."
"macu-tw-221","高雄鳥松中正店","南部","高雄市","鳥松區","高雄市鳥松區中正路367之24號","077337080","confirmed","confirmed","true","true","","Uber Eats","LINE、Uber Eats、食在麻吉 eathere","Uber Eats","https://www.google.com/search?q=%E9%BA%BB%E5%8F%A4%E8%8C%B6%E5%9D%8A+%E9%AB%98%E9%9B%84%E9%B3%A5%E6%9D%BE%E4%B8%AD%E6%AD%A3%E5%BA%97+%E9%AB%98%E9%9B%84%E5%B8%82%E9%B3%A5%E6%9D%BE%E5%8D%80%E4%B8%AD%E6%AD%A3%E8%B7%AF367%E4%B9%8B24%E8%99%9F&hl=zh-TW#sv=CAESzQEKuQEStgEKd0FKaVQ0dElnb0FoZVNCMVc2d3lNLTU1eFllWFIyN1VZcC1hWjZtYTJ3blZJdkJVNkd3VkFodlZHcmJhQ2hoay1FdFNqc0lPMVVxN2h3RXNiX1h5anA4RzV5ejBkTFlBR1dJM1l1N2FtTWgySzdWRjA4T3BOZVBnEhdCeVpoYXZDVkFzYmYxZThQa28zQ3lBWRoiQURzcjlmUUdkNmxfX3FYeUNtcUZFUTNwX0x1aGFGV3BzdxIEODEyNBoBMyoAMAA4AUAAGCogw-aqkg46AEoCEAE","https://www.google.com/search?q=%E9%BA%BB%E5%8F%A4%E8%8C%B6%E5%9D%8A+%E9%AB%98%E9%9B%84%E9%B3%A5%E6%9D%BE%E4%B8%AD%E6%AD%A3%E5%BA%97+%E9%AB%98%E9%9B%84%E5%B8%82%E9%B3%A5%E6%9D%BE%E5%8D%80%E4%B8%AD%E6%AD%A3%E8%B7%AF367%E4%B9%8B24%E8%99%9F&hl=zh-TW#sv=CAESzQEKuQEStgEKd0FKaVQ0dEpYOUxYV0NpODdtUEJub0JPQVR6STVmQjFxRkNzUWJwLWc1ZC1JOTVNSWFWVkVLTWxGSHdGR25qZlhZSFd3YlU1Z201ZlR0UWtqcWNYUWNWLWZjYms2dVU5WWllNzFVM1dWVHJRZmV5UGR1Ym8tdENnEhdNWWxoYXFDU0F0R3p2cjBQOWNhNXlRMBoiQURzcjlmUUZPVHZkaV80UDNpY0RTRWNiRXNSa2pOT2x2QRIEODEyNBoBMyoAMAA4AUAAGCogy9m0xwNKAhAB","Playwright batch opened Google Order flow and read visible pickup/delivery providers."
"macu-tw-257","高雄鳳屏店","南部","高雄市","大寮區","高雄市大寮區鳳屏一路391號","07-701-3905","confirmed","confirmed","true","true","","foodpanda","LINE、foodpanda、食在麻吉 eathere","foodpanda","https://www.google.com/search?q=%E9%BA%BB%E5%8F%A4%E8%8C%B6%E5%9D%8A+%E9%AB%98%E9%9B%84%E9%B3%B3%E5%B1%8F%E5%BA%97+%E9%AB%98%E9%9B%84%E5%B8%82%E5%A4%A7%E5%AF%AE%E5%8D%80%E9%B3%B3%E5%B1%8F%E4%B8%80%E8%B7%AF391%E8%99%9F&hl=zh-TW&sei=fXdhas-GE6bt1e8PquzS8Ao#sv=CAESzQEKuQEStgEKd0FKaVQ0dEo5VVYxZVYzNFYwUG9SblNmOXlSd0VYLVZ4TUwySkRLWkUtYjU3TkhicWRCMWZzc3RjVTdHQko4eE51YWFVeDNUOENvMUhYZklXd3dtX0g4V2dDMnhDQUdPS0JVa3NqNmdCam0tdmJORlVMSlRQSDJNEhdJQ1poYXE3ak9KLTh2cjBQN292UDRRbxoiQURzcjlmUWR1V3VCQmZLakN2NWFOdHhIYzdJdy1wcEl0URIEODEyNBoBMyoAMAA4AUAAGCognt-srAU6AEoCEAE","https://www.google.com/search?q=%E9%BA%BB%E5%8F%A4%E8%8C%B6%E5%9D%8A+%E9%AB%98%E9%9B%84%E9%B3%B3%E5%B1%8F%E5%BA%97+%E9%AB%98%E9%9B%84%E5%B8%82%E5%A4%A7%E5%AF%AE%E5%8D%80%E9%B3%B3%E5%B1%8F%E4%B8%80%E8%B7%AF391%E8%99%9F&hl=zh-TW&sei=fXdhas-GE6bt1e8PquzS8Ao#sv=CAESzQEKuQEStgEKd0FKaVQ0dEo5VVYxZVYzNFYwUG9SblNmOXlSd0VYLVZ4TUwySkRLWkUtYjU3TkhicWRCMWZzc3RjVTdHQko4eE51YWFVeDNUOENvMUhYZklXd3dtX0g4V2dDMnhDQUdPS0JVa3NqNmdCam0tdmJORlVMSlRQSDJNEhdJQ1poYXE3ak9KLTh2cjBQN292UDRRbxoiQURzcjlmUWR1V3VCQmZLakN2NWFOdHhIYzdJdy1wcEl0URIEODEyNBoBMyoAMAA4AUAAGCognt-srAU6AEoCEAE","Playwright batch opened Google Order flow and read visible pickup/delivery providers."
"macu-tw-215","高雄鹽埕七賢店","南部","高雄市","鹽埕區","高雄市鹽埕區七賢三路134號","07-5312779","confirmed","confirmed","true","true","","Uber Eats","LINE、Uber Eats、食在麻吉 eathere","Uber Eats","https://www.google.com/search?q=%E9%BA%BB%E5%8F%A4%E8%8C%B6%E5%9D%8A%20%E9%AB%98%E9%9B%84%E9%B9%BD%E5%9F%95%E4%B8%83%E8%B3%A2%E5%BA%97%20%E9%AB%98%E9%9B%84%E5%B8%82%E9%B9%BD%E5%9F%95%E5%8D%80%E4%B8%83%E8%B3%A2%E4%B8%89%E8%B7%AF134%E8%99%9F&hl=zh-TW#sv=CAESzQEKuQEStgEKd0FKaVQ0dElXbXpqYVpkbTNzSEJxUF91eC1PR3Q3ekw2VEFFZThzLUJjazlyWkJ3MVZiN1BONFUwQzB0dnp0X3hvX2VfNzdFRFpJeVQxNTZva0VsWnhURFJZTUl5bkJfYnVQVW9QQ0lrV0EyM3VEZ1pnOEs5VjRVEhdPaVpoYXVQSEU3U1Q5dE1QaXZIUDRRMBoiQURzcjlmUVZiQW5RdV9WNDg5elNBT1F3WjhzMXhFWVRlZxIEODEyNBoBMyoAMAA4AUAAGCogo9Lx5g06AEoCEAE","https://www.google.com/search?q=%E9%BA%BB%E5%8F%A4%E8%8C%B6%E5%9D%8A%20%E9%AB%98%E9%9B%84%E9%B9%BD%E5%9F%95%E4%B8%83%E8%B3%A2%E5%BA%97%20%E9%AB%98%E9%9B%84%E5%B8%82%E9%B9%BD%E5%9F%95%E5%8D%80%E4%B8%83%E8%B3%A2%E4%B8%89%E8%B7%AF134%E8%99%9F&hl=zh-TW#sv=CAESzQEKuQEStgEKd0FKaVQ0dElXbXpqYVpkbTNzSEJxUF91eC1PR3Q3ekw2VEFFZThzLUJjazlyWkJ3MVZiN1BONFUwQzB0dnp0X3hvX2VfNzdFRFpJeVQxNTZva0VsWnhURFJZTUl5bkJfYnVQVW9QQ0lrV0EyM3VEZ1pnOEs5VjRVEhdPaVpoYXVQSEU3U1Q5dE1QaXZIUDRRMBoiQURzcjlmUVZiQW5RdV9WNDg5elNBT1F3WjhzMXhFWVRlZxIEODEyNBoBMyoAMAA4AUAAGCogo9Lx5g06AEoCEAE","Playwright batch opened Google Order flow and read visible pickup/delivery providers."
"macu-tw-315","高雄鼎山家樂福店","南部","高雄市","三民區","高雄市三民區鼎山路543號","07-3928579","confirmed","confirmed","true","true","foodpanda","foodpanda、Uber Eats","LINE、Uber Eats、foodpanda、食在麻吉 eathere","Uber Eats、foodpanda","https://www.google.com/search?q=%E9%BA%BB%E5%8F%A4%E8%8C%B6%E5%9D%8A+%E9%AB%98%E9%9B%84%E9%BC%8E%E5%B1%B1%E5%AE%B6%E6%A8%82%E7%A6%8F%E5%BA%97+%E9%AB%98%E9%9B%84%E5%B8%82%E4%B8%89%E6%B0%91%E5%8D%80%E9%BC%8E%E5%B1%B1%E8%B7%AF543%E8%99%9F&hl=zh-TW#sv=CAESzQEKuQEStgEKd0FKaVQ0dEpXTUZ1T3hPWlhyRXBIekxxVG5CRmMyV3VRWHoxOTZCUkRjY05nMjk4ZGxYUTY4eUtlMmRYZERXYTZkaVlqbUdqcmRCLUszMkJld3htZ1JjeVpsZC05ckM3SXdfMUoyVEZIX2N5U2RXaXQ0d2xudnFBEhdUU1poYXNQYk5jVHcxZThQOVB2bG9RWRoiQURzcjlmUnlmcmFUUVdFNkN0dk9KNi1xanVnMHBjMVZIdxIEODEyNBoBMyoAMAA4AUAAGCoggarqnAs6AEoCEAE","https://www.google.com/search?q=%E9%BA%BB%E5%8F%A4%E8%8C%B6%E5%9D%8A+%E9%AB%98%E9%9B%84%E9%BC%8E%E5%B1%B1%E5%AE%B6%E6%A8%82%E7%A6%8F%E5%BA%97+%E9%AB%98%E9%9B%84%E5%B8%82%E4%B8%89%E6%B0%91%E5%8D%80%E9%BC%8E%E5%B1%B1%E8%B7%AF543%E8%99%9F&hl=zh-TW#sv=CAESzQEKuQEStgEKd0FKaVQ0dEpXTUZ1T3hPWlhyRXBIekxxVG5CRmMyV3VRWHoxOTZCUkRjY05nMjk4ZGxYUTY4eUtlMmRYZERXYTZkaVlqbUdqcmRCLUszMkJld3htZ1JjeVpsZC05ckM3SXdfMUoyVEZIX2N5U2RXaXQ0d2xudnFBEhdUU1poYXNQYk5jVHcxZThQOVB2bG9RWRoiQURzcjlmUnlmcmFUUVdFNkN0dk9KNi1xanVnMHBjMVZIdxIEODEyNBoBMyoAMAA4AUAAGCoggarqnAs6AEoCEAE","Playwright batch opened Google Order flow and read visible pickup/delivery providers."
"macu-tw-314","鳳山中崙店","南部","高雄市","鳳山區","高雄市鳳山區中崙二路540號","07-7537165","confirmed","confirmed","true","true","","foodpanda、Uber Eats","LINE、Uber Eats、foodpanda、食在麻吉 eathere","Uber Eats、foodpanda","https://www.google.com/search?q=%E9%BA%BB%E5%8F%A4%E8%8C%B6%E5%9D%8A%20%E9%B3%B3%E5%B1%B1%E4%B8%AD%E5%B4%99%E5%BA%97%20%E9%AB%98%E9%9B%84%E5%B8%82%E9%B3%B3%E5%B1%B1%E5%8D%80%E4%B8%AD%E5%B4%99%E4%BA%8C%E8%B7%AF540%E8%99%9F&hl=zh-TW#sv=CAESzQEKuQEStgEKd0FKaVQ0dExPOFE2TEtZZHFzLWc3bzZFUmpTc1RmeTkyZTIxVWVHUDBqSXMtcGlVWTVLUGt5cm9ubUt2OUlZZ1NwLVhYWkhhQ09BZXFuUHE1bHZtWjBpNVZVNXNBZnNpVGUxS2V6S0hIOFFSUWRHNVpCaFQ1QThrEhdaeVpoYW9MM0pNdm4xZThQMnJLZThRURoiQURzcjlmVE5zWmVIWnhJQW9Bek9kQ21EUmg4bnp0elhjdxIEODEyNBoBMyoAMAA4AUAAGCog_aTBzw46AEoCEAE","https://www.google.com/search?q=%E9%BA%BB%E5%8F%A4%E8%8C%B6%E5%9D%8A%20%E9%B3%B3%E5%B1%B1%E4%B8%AD%E5%B4%99%E5%BA%97%20%E9%AB%98%E9%9B%84%E5%B8%82%E9%B3%B3%E5%B1%B1%E5%8D%80%E4%B8%AD%E5%B4%99%E4%BA%8C%E8%B7%AF540%E8%99%9F&hl=zh-TW#sv=CAESzQEKuQEStgEKd0FKaVQ0dExPOFE2TEtZZHFzLWc3bzZFUmpTc1RmeTkyZTIxVWVHUDBqSXMtcGlVWTVLUGt5cm9ubUt2OUlZZ1NwLVhYWkhhQ09BZXFuUHE1bHZtWjBpNVZVNXNBZnNpVGUxS2V6S0hIOFFSUWRHNVpCaFQ1QThrEhdaeVpoYW9MM0pNdm4xZThQMnJLZThRURoiQURzcjlmVE5zWmVIWnhJQW9Bek9kQ21EUmg4bnp0elhjdxIEODEyNBoBMyoAMAA4AUAAGCog_aTBzw46AEoCEAE","Playwright batch opened Google Order flow and read visible pickup/delivery providers."
"macu-tw-326","鳳山光復店","南部","高雄市","鳳山區","高雄市鳳山區光復路一段179號","07-7409793","confirmed","confirmed","true","true","","foodpanda","LINE、foodpanda、食在麻吉 eathere","foodpanda","https://www.google.com/search?q=%E9%BA%BB%E5%8F%A4%E8%8C%B6%E5%9D%8A%20%E9%B3%B3%E5%B1%B1%E5%85%89%E5%BE%A9%E5%BA%97%20%E9%AB%98%E9%9B%84%E5%B8%82%E9%B3%B3%E5%B1%B1%E5%8D%80%E5%85%89%E5%BE%A9%E8%B7%AF%E4%B8%80%E6%AE%B5179%E8%99%9F&hl=zh-TW&sei=_HdhareaLJeVvr0PxIet8QU#sv=CAESzQEKuQEStgEKd0FKaVQ0dElsd3VNak9QVXVzcXVZQ0d5SWhwbTFPTDBiM0w2QWlkR2NZVEo5eWVsdjBvUWNBUFFkdnA2RkJEYTlMVTI5NU96d2o4T2NwNDZwcHViRDRFcVZHemd4T3RpYlZOby10aElneTdJOE41ODNDUEJ6YU1ZEhdnaVpoYXEySUR2bkwxZThQMUkyc21RVRoiQURzcjlmUW5yZ0I3S0V0bkYwY1FvdXhUWUh1ZkY3WDU2ZxIEODEyNBoBMyoAMAA4AUAAGCogzpW_lAc6AEoCEAE","https://www.google.com/search?q=%E9%BA%BB%E5%8F%A4%E8%8C%B6%E5%9D%8A%20%E9%B3%B3%E5%B1%B1%E5%85%89%E5%BE%A9%E5%BA%97%20%E9%AB%98%E9%9B%84%E5%B8%82%E9%B3%B3%E5%B1%B1%E5%8D%80%E5%85%89%E5%BE%A9%E8%B7%AF%E4%B8%80%E6%AE%B5179%E8%99%9F&hl=zh-TW&sei=_HdhareaLJeVvr0PxIet8QU#sv=CAESzQEKuQEStgEKd0FKaVQ0dElsd3VNak9QVXVzcXVZQ0d5SWhwbTFPTDBiM0w2QWlkR2NZVEo5eWVsdjBvUWNBUFFkdnA2RkJEYTlMVTI5NU96d2o4T2NwNDZwcHViRDRFcVZHemd4T3RpYlZOby10aElneTdJOE41ODNDUEJ6YU1ZEhdnaVpoYXEySUR2bkwxZThQMUkyc21RVRoiQURzcjlmUW5yZ0I3S0V0bkYwY1FvdXhUWUh1ZkY3WDU2ZxIEODEyNBoBMyoAMAA4AUAAGCogzpW_lAc6AEoCEAE","Playwright batch opened Google Order flow and read visible pickup/delivery providers."
"macu-tw-244","鳳山光遠店","南部","高雄市","鳳山區","高雄市鳳山區光遠路316號","07-7991569","confirmed","no_gmb_order_button","true","false","","","LINE、食在麻吉 eathere","","https://www.google.com/search?q=%E9%BA%BB%E5%8F%A4%E8%8C%B6%E5%9D%8A%20%E9%B3%B3%E5%B1%B1%E5%85%89%E9%81%A0%E5%BA%97%20%E9%AB%98%E9%9B%84%E5%B8%82%E9%B3%B3%E5%B1%B1%E5%8D%80%E5%85%89%E9%81%A0%E8%B7%AF316%E8%99%9F&hl=zh-TW","","Named GMB profile matched, but no Google Order entry was opened."
"macu-tw-329","鳳山八德店","南部","高雄市","鳳山區","高雄市鳳山區八德路287號","07-59279563","confirmed","confirmed","true","true","","foodpanda、Uber Eats","LINE、Uber Eats、foodpanda、食在麻吉 eathere","Uber Eats、foodpanda","https://www.google.com/search?q=%E9%BA%BB%E5%8F%A4%E8%8C%B6%E5%9D%8A+%E9%B3%B3%E5%B1%B1%E5%85%AB%E5%BE%B7%E5%BA%97+%E9%AB%98%E9%9B%84%E5%B8%82%E9%B3%B3%E5%B1%B1%E5%8D%80%E5%85%AB%E5%BE%B7%E8%B7%AF287%E8%99%9F&hl=zh-TW#sv=CAESzQEKuQEStgEKd0FKaVQ0dEp3WWFmaTNRX1lfX1B3TkczM0dmZy1xNnVsVGlwbWJkUElVUlZzMGpPcE0yX0g2OWJxNVhrQ1NQSEU4d3FyMmI3WTJoRFlOTmZCNjNCb2loRUdaSUpBam1vX0dOMEo5OEJVVXIzZmV1VkJ0d1pNaWJrEhdyaVpoYXEzOEpQcUh2cjBQXzhXUDJBVRoiQURzcjlmUk1ZYkVmZFNCbnkyck9TQ1c5Z2hmeGJZa2ltURIEODEyNBoBMyoAMAA4AUAAGCog9uKyygQ6AEoCEAE","https://www.google.com/search?q=%E9%BA%BB%E5%8F%A4%E8%8C%B6%E5%9D%8A+%E9%B3%B3%E5%B1%B1%E5%85%AB%E5%BE%B7%E5%BA%97+%E9%AB%98%E9%9B%84%E5%B8%82%E9%B3%B3%E5%B1%B1%E5%8D%80%E5%85%AB%E5%BE%B7%E8%B7%AF287%E8%99%9F&hl=zh-TW#sv=CAESzQEKuQEStgEKd0FKaVQ0dEp3WWFmaTNRX1lfX1B3TkczM0dmZy1xNnVsVGlwbWJkUElVUlZzMGpPcE0yX0g2OWJxNVhrQ1NQSEU4d3FyMmI3WTJoRFlOTmZCNjNCb2loRUdaSUpBam1vX0dOMEo5OEJVVXIzZmV1VkJ0d1pNaWJrEhdyaVpoYXEzOEpQcUh2cjBQXzhXUDJBVRoiQURzcjlmUk1ZYkVmZFNCbnkyck9TQ1c5Z2hmeGJZa2ltURIEODEyNBoBMyoAMAA4AUAAGCog9uKyygQ6AEoCEAE","Playwright batch opened Google Order flow and read visible pickup/delivery providers."
"macu-tw-318","鳳山南華店","南部","高雄市","鳳山區","高雄市鳳山區南華路107號","07-7215051","confirmed","confirmed","true","true","","foodpanda","LINE、foodpanda、食在麻吉 eathere","foodpanda","https://www.google.com/search?q=%E9%BA%BB%E5%8F%A4%E8%8C%B6%E5%9D%8A%20%E9%B3%B3%E5%B1%B1%E5%8D%97%E8%8F%AF%E5%BA%97%20%E9%AB%98%E9%9B%84%E5%B8%82%E9%B3%B3%E5%B1%B1%E5%8D%80%E5%8D%97%E8%8F%AF%E8%B7%AF107%E8%99%9F&hl=zh-TW#sv=CAESzQEKuQEStgEKd0FKaVQ0dEtnOHpfN0VaX2ktTG0xY2phZl9YRTg3VTk3bkFiZkNlb0x6a0c3ajF1TnZRUTRMUEhJZmNzNnRRTERxSDZtRWRtTkd1cmM1ZG5kQmlLRi0yS3NmV2JoUmxQQTlucUIzb1ZfYTlOdjI3ajVaQUVla3N3Ehd5Q1poYW8zY0tzaS12cjBQcDV6eG9RdxoiQURzcjlmU0hRRTRkX0tKc1NvdjIwQWJVOWVabGNTd2JaQRIEODEyNBoBMyoAMAA4AUAAGCoghf2ueToASgIQAQ","https://www.google.com/search?q=%E9%BA%BB%E5%8F%A4%E8%8C%B6%E5%9D%8A%20%E9%B3%B3%E5%B1%B1%E5%8D%97%E8%8F%AF%E5%BA%97%20%E9%AB%98%E9%9B%84%E5%B8%82%E9%B3%B3%E5%B1%B1%E5%8D%80%E5%8D%97%E8%8F%AF%E8%B7%AF107%E8%99%9F&hl=zh-TW#sv=CAESzQEKuQEStgEKd0FKaVQ0dEtnOHpfN0VaX2ktTG0xY2phZl9YRTg3VTk3bkFiZkNlb0x6a0c3ajF1TnZRUTRMUEhJZmNzNnRRTERxSDZtRWRtTkd1cmM1ZG5kQmlLRi0yS3NmV2JoUmxQQTlucUIzb1ZfYTlOdjI3ajVaQUVla3N3Ehd5Q1poYW8zY0tzaS12cjBQcDV6eG9RdxoiQURzcjlmU0hRRTRkX0tKc1NvdjIwQWJVOWVabGNTd2JaQRIEODEyNBoBMyoAMAA4AUAAGCoghf2ueToASgIQAQ","Playwright batch opened Google Order flow and read visible pickup/delivery providers."
"macu-tw-321","鳳山國中店","南部","高雄市","鳳山區","高雄市鳳山區中山東路86-8號","07-7102000","confirmed","confirmed","true","true","","foodpanda","LINE、foodpanda、食在麻吉 eathere","foodpanda","https://www.google.com/search?q=%E9%BA%BB%E5%8F%A4%E8%8C%B6%E5%9D%8A%20%E9%B3%B3%E5%B1%B1%E5%9C%8B%E4%B8%AD%E5%BA%97%20%E9%AB%98%E9%9B%84%E5%B8%82%E9%B3%B3%E5%B1%B1%E5%8D%80%E4%B8%AD%E5%B1%B1%E6%9D%B1%E8%B7%AF86-8%E8%99%9F&hl=zh-TW&sei=f3hhatbcGci5vr0PhJuWkAQ#sv=CAESzQEKuQEStgEKd0FKaVQ0dEtOaklVbEd2bjdLX0ZIaTZQOXJucE9lbEVxR2J1OU5PRzdDX3FQWkJnYkNCdUlFVWNJWWk2TS0zU3ZTcEhHWW5vUXgzU2tYOWUxN2FvQ1N2dFg2RGlTN2F0Z1MtaVR2OVV0T005ZGF1eml1ZU5iOW93Ehc0eVpoYXI2MkN0dnQxZThQdmJ1djBRRRoiQURzcjlmVE9LUXBZWWJ3QVliN3hvWThUb3gxblIzRDBfQRIEODEyNBoBMyoAMAA4AUAAGCogzfeUswk6AEoCEAE","https://www.google.com/search?q=%E9%BA%BB%E5%8F%A4%E8%8C%B6%E5%9D%8A%20%E9%B3%B3%E5%B1%B1%E5%9C%8B%E4%B8%AD%E5%BA%97%20%E9%AB%98%E9%9B%84%E5%B8%82%E9%B3%B3%E5%B1%B1%E5%8D%80%E4%B8%AD%E5%B1%B1%E6%9D%B1%E8%B7%AF86-8%E8%99%9F&hl=zh-TW&sei=f3hhatbcGci5vr0PhJuWkAQ#sv=CAESzQEKuQEStgEKd0FKaVQ0dEtOaklVbEd2bjdLX0ZIaTZQOXJucE9lbEVxR2J1OU5PRzdDX3FQWkJnYkNCdUlFVWNJWWk2TS0zU3ZTcEhHWW5vUXgzU2tYOWUxN2FvQ1N2dFg2RGlTN2F0Z1MtaVR2OVV0T005ZGF1eml1ZU5iOW93Ehc0eVpoYXI2MkN0dnQxZThQdmJ1djBRRRoiQURzcjlmVE9LUXBZWWJ3QVliN3hvWThUb3gxblIzRDBfQRIEODEyNBoBMyoAMAA4AUAAGCogzfeUswk6AEoCEAE","Playwright batch opened Google Order flow and read visible pickup/delivery providers."
"macu-tw-217","鳳山大明店","南部","高雄市","鳳山區","高雄市鳳山區大明路158-1號","07-7658788","confirmed","confirmed","true","true","","foodpanda","LINE、foodpanda、食在麻吉 eathere","foodpanda","https://www.google.com/search?q=%E9%BA%BB%E5%8F%A4%E8%8C%B6%E5%9D%8A%20%E9%B3%B3%E5%B1%B1%E5%A4%A7%E6%98%8E%E5%BA%97%20%E9%AB%98%E9%9B%84%E5%B8%82%E9%B3%B3%E5%B1%B1%E5%8D%80%E5%A4%A7%E6%98%8E%E8%B7%AF158-1%E8%99%9F&hl=zh-TW#sv=CAESzQEKuQEStgEKd0FKaVQ0dEpzQWt6eUhFbFI3Z2k4eWdHQUVPY3hsZHEtbzJPOU1ZX3BPMzV5cmMteVdXQ2R3LXhUZEZkMGozalZkNFJmTkVLd3Ric2ZrU0lnOXB6WUwxX2xXRUlueWZncTlBdkliTEdPYkVRMEtTSjNnZWxlQzM0EhdfQ1poYXVuMUVxenMxZThQeHNDOXdRNBoiQURzcjlmUm9keW5vSWxaN2VOYVFKZk9oeEF3MkdPdzlOQRIEODEyNBoBMyoAMAA4AUAAGCognu-gpQQ6AEoCEAE","https://www.google.com/search?q=%E9%BA%BB%E5%8F%A4%E8%8C%B6%E5%9D%8A%20%E9%B3%B3%E5%B1%B1%E5%A4%A7%E6%98%8E%E5%BA%97%20%E9%AB%98%E9%9B%84%E5%B8%82%E9%B3%B3%E5%B1%B1%E5%8D%80%E5%A4%A7%E6%98%8E%E8%B7%AF158-1%E8%99%9F&hl=zh-TW#sv=CAESzQEKuQEStgEKd0FKaVQ0dEpzQWt6eUhFbFI3Z2k4eWdHQUVPY3hsZHEtbzJPOU1ZX3BPMzV5cmMteVdXQ2R3LXhUZEZkMGozalZkNFJmTkVLd3Ric2ZrU0lnOXB6WUwxX2xXRUlueWZncTlBdkliTEdPYkVRMEtTSjNnZWxlQzM0EhdfQ1poYXVuMUVxenMxZThQeHNDOXdRNBoiQURzcjlmUm9keW5vSWxaN2VOYVFKZk9oeEF3MkdPdzlOQRIEODEyNBoBMyoAMAA4AUAAGCognu-gpQQ6AEoCEAE","Playwright batch opened Google Order flow and read visible pickup/delivery providers."
"macu-tw-322","鳳山新富店","南部","高雄市","鳳山區","高雄市鳳山區新富路522號","07-7651988","confirmed","confirmed","true","true","","foodpanda、Uber Eats","LINE、Uber Eats、foodpanda、食在麻吉 eathere","Uber Eats、foodpanda","https://www.google.com/search?q=%E9%BA%BB%E5%8F%A4%E8%8C%B6%E5%9D%8A%20%E9%B3%B3%E5%B1%B1%E6%96%B0%E5%AF%8C%E5%BA%97%20%E9%AB%98%E9%9B%84%E5%B8%82%E9%B3%B3%E5%B1%B1%E5%8D%80%E6%96%B0%E5%AF%8C%E8%B7%AF522%E8%99%9F&hl=zh-TW#sv=CAESzQEKuQEStgEKd0FKaVQ0dEwxVmpXc0VoWWxrSzRfZXlkOHAxV2p2TmVISmZBSjZuSTU2bDAybHBCR1I3TlVnTFNLN2FENjZ1TU94UHotcU11QWpaSXFUY0JIelVrY0J2WHhTVUFhR3gzX01QY1FwT1BnNVMwRDhOeVdaRmxfRExrEhdGaWRoYXBEN0Z2Mlh2cjBQcnRLeDBBSRoiQURzcjlmUTQxZUlWb1otYUtkeFQ1RGN1RnU2TWdkLWlZQRIEODEyNBoBMyoAMAA4AUAAGCogtcak7wI6AEoCEAE","https://www.google.com/search?q=%E9%BA%BB%E5%8F%A4%E8%8C%B6%E5%9D%8A%20%E9%B3%B3%E5%B1%B1%E6%96%B0%E5%AF%8C%E5%BA%97%20%E9%AB%98%E9%9B%84%E5%B8%82%E9%B3%B3%E5%B1%B1%E5%8D%80%E6%96%B0%E5%AF%8C%E8%B7%AF522%E8%99%9F&hl=zh-TW#sv=CAESzQEKuQEStgEKd0FKaVQ0dEwxVmpXc0VoWWxrSzRfZXlkOHAxV2p2TmVISmZBSjZuSTU2bDAybHBCR1I3TlVnTFNLN2FENjZ1TU94UHotcU11QWpaSXFUY0JIelVrY0J2WHhTVUFhR3gzX01QY1FwT1BnNVMwRDhOeVdaRmxfRExrEhdGaWRoYXBEN0Z2Mlh2cjBQcnRLeDBBSRoiQURzcjlmUTQxZUlWb1otYUtkeFQ1RGN1RnU2TWdkLWlZQRIEODEyNBoBMyoAMAA4AUAAGCogtcak7wI6AEoCEAE","Playwright batch opened Google Order flow and read visible pickup/delivery providers."
"macu-tw-308","鳳山澄清店","南部","高雄市","鳳山區","高雄市鳳山區澄清路300號","07-7778686","confirmed","confirmed","true","true","foodpanda","foodpanda、Uber Eats","LINE、Uber Eats、foodpanda、食在麻吉 eathere","Uber Eats、foodpanda","https://www.google.com/search?q=%E9%BA%BB%E5%8F%A4%E8%8C%B6%E5%9D%8A%20%E9%B3%B3%E5%B1%B1%E6%BE%84%E6%B8%85%E5%BA%97%20%E9%AB%98%E9%9B%84%E5%B8%82%E9%B3%B3%E5%B1%B1%E5%8D%80%E6%BE%84%E6%B8%85%E8%B7%AF300%E8%99%9F&hl=zh-TW#sv=CAESzAEKuAEStQEKd0FKaVQ0dEppNXVKdWkzZklHV1VyM1pweVh3RUdXUnpBWHdDVklYZkxnT0JDTzM0am5MVFBFbXVwRU5XT3lBT2NyRHRzUWRUa2w2WHBjRHJLRmVfcmlMeGpPenFjb0FJb0hudzc1dlFCRFcwUTNJU0o5czE0QlVREhZMeWRoYXJ0U3hJTFY3dy1FMjhMWUF3GiJBRHNyOWZTZkh0cFJVYVB5Rmd0Ukpwek9XQU54b3drSVFREgQ4MTI0GgEzKgAwADgBQAAYKiCqwfCyDzoASgIQAQ","https://www.google.com/search?q=%E9%BA%BB%E5%8F%A4%E8%8C%B6%E5%9D%8A%20%E9%B3%B3%E5%B1%B1%E6%BE%84%E6%B8%85%E5%BA%97%20%E9%AB%98%E9%9B%84%E5%B8%82%E9%B3%B3%E5%B1%B1%E5%8D%80%E6%BE%84%E6%B8%85%E8%B7%AF300%E8%99%9F&hl=zh-TW#sv=CAESzAEKuAEStQEKd0FKaVQ0dEppNXVKdWkzZklHV1VyM1pweVh3RUdXUnpBWHdDVklYZkxnT0JDTzM0am5MVFBFbXVwRU5XT3lBT2NyRHRzUWRUa2w2WHBjRHJLRmVfcmlMeGpPenFjb0FJb0hudzc1dlFCRFcwUTNJU0o5czE0QlVREhZMeWRoYXJ0U3hJTFY3dy1FMjhMWUF3GiJBRHNyOWZTZkh0cFJVYVB5Rmd0Ukpwek9XQU54b3drSVFREgQ4MTI0GgEzKgAwADgBQAAYKiCqwfCyDzoASgIQAQ","Playwright batch opened Google Order flow and read visible pickup/delivery providers."
"macu-tw-274","鳳山經武店","南部","高雄市","鳳山區","高雄市鳳山區經武路200號","07-7903322","confirmed","confirmed","true","true","foodpanda","foodpanda、Uber Eats","LINE、Uber Eats、foodpanda、食在麻吉 eathere","Uber Eats、foodpanda","https://www.google.com/search?q=%E9%BA%BB%E5%8F%A4%E8%8C%B6%E5%9D%8A%20%E9%B3%B3%E5%B1%B1%E7%B6%93%E6%AD%A6%E5%BA%97%20%E9%AB%98%E9%9B%84%E5%B8%82%E9%B3%B3%E5%B1%B1%E5%8D%80%E7%B6%93%E6%AD%A6%E8%B7%AF200%E8%99%9F&hl=zh-TW&sei=AHlhasf5FJ-yvr0P-ua88Qg#sv=CAESzQEKuQEStgEKd0FKaVQ0dEtXMlJ2TU80amR5amg5VE9vRnpDd2lfbFJQNHBiMkE1d1JCODBidnk0azNlUWdKbUpaWlpPcDBBbUNjLXJJOE1vVlJ1T0tDemIxT0d5cjZuUktibkVreGp0Z2lGa1dac21uSFVnZThCeVl0Mms5ZEk4EhdTQ2RoYXJYNUlkdmgxZThQd3YySm1RaxoiQURzcjlmUU5yYU1ILTBIeEtUSk9PVE1OeFU3cVVoSUZQQRIEODEyNBoBMyoAMAA4AUAAGCogwa-CrgI6AEoCEAE","https://www.google.com/search?q=%E9%BA%BB%E5%8F%A4%E8%8C%B6%E5%9D%8A%20%E9%B3%B3%E5%B1%B1%E7%B6%93%E6%AD%A6%E5%BA%97%20%E9%AB%98%E9%9B%84%E5%B8%82%E9%B3%B3%E5%B1%B1%E5%8D%80%E7%B6%93%E6%AD%A6%E8%B7%AF200%E8%99%9F&hl=zh-TW&sei=AHlhasf5FJ-yvr0P-ua88Qg#sv=CAESzQEKuQEStgEKd0FKaVQ0dEtXMlJ2TU80amR5amg5VE9vRnpDd2lfbFJQNHBiMkE1d1JCODBidnk0azNlUWdKbUpaWlpPcDBBbUNjLXJJOE1vVlJ1T0tDemIxT0d5cjZuUktibkVreGp0Z2lGa1dac21uSFVnZThCeVl0Mms5ZEk4EhdTQ2RoYXJYNUlkdmgxZThQd3YySm1RaxoiQURzcjlmUU5yYU1ILTBIeEtUSk9PVE1OeFU3cVVoSUZQQRIEODEyNBoBMyoAMAA4AUAAGCogwa-CrgI6AEoCEAE","Playwright batch opened Google Order flow and read visible pickup/delivery providers."
"macu-tw-324","鳳山青年店","南部","高雄市","鳳山區","高雄市鳳山區青年路二段320號","07-7777581","confirmed","confirmed","true","true","","foodpanda、Uber Eats","LINE、Uber Eats、foodpanda、食在麻吉 eathere","Uber Eats、foodpanda","https://www.google.com/search?q=%E9%BA%BB%E5%8F%A4%E8%8C%B6%E5%9D%8A%20%E9%B3%B3%E5%B1%B1%E9%9D%92%E5%B9%B4%E5%BA%97%20%E9%AB%98%E9%9B%84%E5%B8%82%E9%B3%B3%E5%B1%B1%E5%8D%80%E9%9D%92%E5%B9%B4%E8%B7%AF%E4%BA%8C%E6%AE%B5320%E8%99%9F&hl=zh-TW#sv=CAESzQEKuQEStgEKd0FKaVQ0dEswZ3lOSVBNUXlUMXhvZ1FqQU8zNndkTC1GclVfVHJ0VVB1SzJhdjVzVWNISldITERBM1FzbWdUdjVaRmQxRFNiaDl5Zml4WUxEQ1V6d0QybzM5STNsWl9ySG1TVGxEdFpSaTd5NEVPa2tfblRwMDFjEhdZaWRoYXBLV0g1T292cjBQbXNfSm9BcxoiQURzcjlmVEgtRjJwYVlBY1llMWhWdXdJYjZVMUpFcGVqZxIEODEyNBoBMyoAMAA4AUAAGCogrduIRToASgIQAQ","https://www.google.com/search?q=%E9%BA%BB%E5%8F%A4%E8%8C%B6%E5%9D%8A%20%E9%B3%B3%E5%B1%B1%E9%9D%92%E5%B9%B4%E5%BA%97%20%E9%AB%98%E9%9B%84%E5%B8%82%E9%B3%B3%E5%B1%B1%E5%8D%80%E9%9D%92%E5%B9%B4%E8%B7%AF%E4%BA%8C%E6%AE%B5320%E8%99%9F&hl=zh-TW#sv=CAESzQEKuQEStgEKd0FKaVQ0dEswZ3lOSVBNUXlUMXhvZ1FqQU8zNndkTC1GclVfVHJ0VVB1SzJhdjVzVWNISldITERBM1FzbWdUdjVaRmQxRFNiaDl5Zml4WUxEQ1V6d0QybzM5STNsWl9ySG1TVGxEdFpSaTd5NEVPa2tfblRwMDFjEhdZaWRoYXBLV0g1T292cjBQbXNfSm9BcxoiQURzcjlmVEgtRjJwYVlBY1llMWhWdXdJYjZVMUpFcGVqZxIEODEyNBoBMyoAMAA4AUAAGCogrduIRToASgIQAQ","Playwright batch opened Google Order flow and read visible pickup/delivery providers."
"macu-tw-293","鳳山高鳳店","南部","高雄市","鳳山區","高雄市鳳山區高鳳一路93號","07-7927293","confirmed","confirmed","true","true","","foodpanda、Uber Eats","LINE、Uber Eats、foodpanda、食在麻吉 eathere","Uber Eats、foodpanda","https://www.google.com/search?q=%E9%BA%BB%E5%8F%A4%E8%8C%B6%E5%9D%8A%20%E9%B3%B3%E5%B1%B1%E9%AB%98%E9%B3%B3%E5%BA%97%20%E9%AB%98%E9%9B%84%E5%B8%82%E9%B3%B3%E5%B1%B1%E5%8D%80%E9%AB%98%E9%B3%B3%E4%B8%80%E8%B7%AF93%E8%99%9F&hl=zh-TW#sv=CAESzQEKuQEStgEKd0FKaVQ0dEpWWl9BTW1UMWxjY3JaVDEySWV1VDVVNUZTekgzZFh5cHZfNFdzY3ZHbjBVM3ZoNWM5ajh5SUV2Vmhaek9jM0R6WHJqdnJGWFFJQWF6RUktTDN3MlRWT094WC12SkRYTmtwcUdOcm1FVks1UWJORF9NEhdmU2RoYXEtVEZOLWR2cjBQaE1MbnNBRRoiQURzcjlmUWV0cmxXeVVKSHFfU05MYUozTklhMmlLMmhsURIEODEyNBoBMyoAMAA4AUAAGCog1buWtgY6AEoCEAE","https://www.google.com/search?q=%E9%BA%BB%E5%8F%A4%E8%8C%B6%E5%9D%8A%20%E9%B3%B3%E5%B1%B1%E9%AB%98%E9%B3%B3%E5%BA%97%20%E9%AB%98%E9%9B%84%E5%B8%82%E9%B3%B3%E5%B1%B1%E5%8D%80%E9%AB%98%E9%B3%B3%E4%B8%80%E8%B7%AF93%E8%99%9F&hl=zh-TW#sv=CAESzQEKuQEStgEKd0FKaVQ0dEpWWl9BTW1UMWxjY3JaVDEySWV1VDVVNUZTekgzZFh5cHZfNFdzY3ZHbjBVM3ZoNWM5ajh5SUV2Vmhaek9jM0R6WHJqdnJGWFFJQWF6RUktTDN3MlRWT094WC12SkRYTmtwcUdOcm1FVks1UWJORF9NEhdmU2RoYXEtVEZOLWR2cjBQaE1MbnNBRRoiQURzcjlmUWV0cmxXeVVKSHFfU05MYUozTklhMmlLMmhsURIEODEyNBoBMyoAMAA4AUAAGCog1buWtgY6AEoCEAE","Playwright batch opened Google Order flow and read visible pickup/delivery providers."
"macu-tw-285","鳳山鳳西店","南部","高雄市","鳳山區","高雄市鳳山區五甲一路106號","07-7107399","confirmed","button_confirmed_provider_pending","true","true","","","LINE、食在麻吉 eathere","","https://maps.app.goo.gl/X1hA7GYnGryQiPHVA","https://www.google.com/maps/place/%E9%BA%BB%E5%8F%A4%E8%8C%B6%E5%9D%8A+%E9%B3%B3%E8%A5%BF%E5%BA%97/@22.6208503,120.3567786,2026m/data=!3m1!1e3!4m7!3m6!1s0x346e1b4eb5cfa29d:0x3c5424561681760d!8m2!3d22.6208503!4d120.3567786!10e1!16s%2Fg%2F11lw05dqf8?authuser=0&entry=ttu&g_ep=EgoyMDI2MDcxOS4wIKXMDSoASAFQAw%3D%3D","Google Order entry/panel opened, but provider rows were not parsed."
"macu-tw-259","鼎金鼎力店","南部","高雄市","三民區","高雄市三民區鼎山街196號","07-3508900","confirmed","confirmed","true","true","","foodpanda、Uber Eats","LINE、Uber Eats、foodpanda、食在麻吉 eathere","Uber Eats、foodpanda","https://www.google.com/search?q=%E9%BA%BB%E5%8F%A4%E8%8C%B6%E5%9D%8A%20%E9%BC%8E%E9%87%91%E9%BC%8E%E5%8A%9B%E5%BA%97%20%E9%AB%98%E9%9B%84%E5%B8%82%E4%B8%89%E6%B0%91%E5%8D%80%E9%BC%8E%E5%B1%B1%E8%A1%97196%E8%99%9F&hl=zh-TW&sei=gnlhavnLFJm7vr0Prsi3kA0#sv=CAESzQEKuQEStgEKd0FKaVQ0dEpxNFU1ZVR2U3c5MENLTHM4RklpNzNvQUtKcXkwdENkVl9hV1MySVRzVWlTZlJSMXFFNEJSUVpDSnFrdlF1ZjVOSEY5NlJrb3ZjOEFlM1VHZkp4S3M3MjVuSjhzT29qZVF4TlR3QVpLUUxHNThLTkl3EhdyU2RoYXJqS0dvdkwxZThQMFBpV3dRdxoiQURzcjlmUjhXNkFXeTJlYms2cDktODhXWU5OdU50SmFQQRIEODEyNBoBMyoAMAA4AUAAGCogjuilpg06AEoCEAE","https://www.google.com/search?q=%E9%BA%BB%E5%8F%A4%E8%8C%B6%E5%9D%8A+%E9%BC%8E%E9%87%91%E9%BC%8E%E5%8A%9B%E5%BA%97+%E9%AB%98%E9%9B%84%E5%B8%82%E4%B8%89%E6%B0%91%E5%8D%80%E9%BC%8E%E5%B1%B1%E8%A1%97196%E8%99%9F&hl=zh-TW&sei=gnlhavnLFJm7vr0Prsi3kA0#sv=CAESzQEKuQEStgEKd0FKaVQ0dEpxNFU1ZVR2U3c5MENLTHM4RklpNzNvQUtKcXkwdENkVl9hV1MySVRzVWlTZlJSMXFFNEJSUVpDSnFrdlF1ZjVOSEY5NlJrb3ZjOEFlM1VHZkp4S3M3MjVuSjhzT29qZVF4TlR3QVpLUUxHNThLTkl3EhdyU2RoYXJqS0dvdkwxZThQMFBpV3dRdxoiQURzcjlmUjhXNkFXeTJlYms2cDktODhXWU5OdU50SmFQQRIEODEyNBoBMyoAMAA4AUAAGCogjuilpg06AEoCEAE","Playwright batch opened Google Order flow and read visible pickup/delivery providers."
"macu-tw-362","台東中華店","東部","台東縣","台東市","台東縣台東市中華路二段30號","089-333313","confirmed","confirmed","true","true","","foodpanda、Uber Eats","LINE、Uber Eats、foodpanda、食在麻吉 eathere","Uber Eats、foodpanda","https://www.google.com/search?q=%E9%BA%BB%E5%8F%A4%E8%8C%B6%E5%9D%8A%20%E5%8F%B0%E6%9D%B1%E4%B8%AD%E8%8F%AF%E5%BA%97%20%E5%8F%B0%E6%9D%B1%E7%B8%A3%E5%8F%B0%E6%9D%B1%E5%B8%82%E4%B8%AD%E8%8F%AF%E8%B7%AF%E4%BA%8C%E6%AE%B530%E8%99%9F&hl=zh-TW#sv=CAESzQEKuQEStgEKd0FKaVQ0dEp0NG5CMFhtbl83MXR3RXIwa3VRNGtiWDlWVEVhSlpEZUFNYW5MQzRPRG9hcGxLTk44aUxQem9xSzVsek9RSm9KQzJpNnFjZ2JPaVlLN2paYzBvd2s5OXYxS0xtZG11U25zMnFZei1tcDlGVWpXdzNREhd3U2RoYW9lMEdKV1V2cjBQX1BpUmtBRRoiQURzcjlmVDEwVTFZMWF4aDBzRzBzTExxQXVGTmVUMFlWdxIEODEyNBoBMyoAMAA4AUAAGCogs-yi7g86AEoCEAE","https://www.google.com/search?q=%E9%BA%BB%E5%8F%A4%E8%8C%B6%E5%9D%8A%20%E5%8F%B0%E6%9D%B1%E4%B8%AD%E8%8F%AF%E5%BA%97%20%E5%8F%B0%E6%9D%B1%E7%B8%A3%E5%8F%B0%E6%9D%B1%E5%B8%82%E4%B8%AD%E8%8F%AF%E8%B7%AF%E4%BA%8C%E6%AE%B530%E8%99%9F&hl=zh-TW#sv=CAESzQEKuQEStgEKd0FKaVQ0dEp0NG5CMFhtbl83MXR3RXIwa3VRNGtiWDlWVEVhSlpEZUFNYW5MQzRPRG9hcGxLTk44aUxQem9xSzVsek9RSm9KQzJpNnFjZ2JPaVlLN2paYzBvd2s5OXYxS0xtZG11U25zMnFZei1tcDlGVWpXdzNREhd3U2RoYW9lMEdKV1V2cjBQX1BpUmtBRRoiQURzcjlmVDEwVTFZMWF4aDBzRzBzTExxQXVGTmVUMFlWdxIEODEyNBoBMyoAMAA4AUAAGCogs-yi7g86AEoCEAE","Playwright batch opened Google Order flow and read visible pickup/delivery providers."
"macu-tw-364","台東傳廣店","東部","台東縣","台東市","台東縣台東市傳廣路26號1樓","089-333520","confirmed","confirmed","true","true","Uber Eats、foodpanda","foodpanda、Uber Eats","LINE、Uber Eats、foodpanda、食在麻吉 eathere","Uber Eats、foodpanda","https://www.google.com/search?q=%E9%BA%BB%E5%8F%A4%E8%8C%B6%E5%9D%8A+%E5%8F%B0%E6%9D%B1%E5%82%B3%E5%BB%A3%E5%BA%97+%E5%8F%B0%E6%9D%B1%E7%B8%A3%E5%8F%B0%E6%9D%B1%E5%B8%82%E5%82%B3%E5%BB%A3%E8%B7%AF26%E8%99%9F1%E6%A8%93&hl=zh-TW#sv=CAESzQEKuQEStgEKd0FKaVQ0dEt2WER4X1Y1Sjg3eENrS2wwckRKQXM2V2xudjI1ZHN6TWZDOUI5aTlOMExDeS1oSnQ2WEs5Y2xoZXBXUlJQT3lQZlNlQ2h5S0tUeTRmZmZRZk42THZBOURzSEtDaTdqQ3Z3eWV1WEVISkx1YnI3ZVc0EhcyeWRoYXJqek1KNld2cjBQaHVYZDZBOBoiQURzcjlmVEJoUS1kN1RWUnJ4N3FLVXBtTDFRd05nNjRPZxIEODEyNBoBMyoAMAA4AUAAGCogm_eYwAk6AEoCEAE","https://www.google.com/search?q=%E9%BA%BB%E5%8F%A4%E8%8C%B6%E5%9D%8A+%E5%8F%B0%E6%9D%B1%E5%82%B3%E5%BB%A3%E5%BA%97+%E5%8F%B0%E6%9D%B1%E7%B8%A3%E5%8F%B0%E6%9D%B1%E5%B8%82%E5%82%B3%E5%BB%A3%E8%B7%AF26%E8%99%9F1%E6%A8%93&hl=zh-TW#sv=CAESzQEKuQEStgEKd0FKaVQ0dEt2WER4X1Y1Sjg3eENrS2wwckRKQXM2V2xudjI1ZHN6TWZDOUI5aTlOMExDeS1oSnQ2WEs5Y2xoZXBXUlJQT3lQZlNlQ2h5S0tUeTRmZmZRZk42THZBOURzSEtDaTdqQ3Z3eWV1WEVISkx1YnI3ZVc0EhcyeWRoYXJqek1KNld2cjBQaHVYZDZBOBoiQURzcjlmVEJoUS1kN1RWUnJ4N3FLVXBtTDFRd05nNjRPZxIEODEyNBoBMyoAMAA4AUAAGCogm_eYwAk6AEoCEAE","Playwright batch opened Google Order flow and read visible pickup/delivery providers."
"macu-tw-363","台東大同店","東部","台東縣","台東市","台東縣台東市大同路208號","089-336699","confirmed","confirmed","true","true","","foodpanda、Uber Eats","LINE、Uber Eats、foodpanda、食在麻吉 eathere","Uber Eats、foodpanda","https://www.google.com/search?q=%E9%BA%BB%E5%8F%A4%E8%8C%B6%E5%9D%8A%20%E5%8F%B0%E6%9D%B1%E5%A4%A7%E5%90%8C%E5%BA%97%20%E5%8F%B0%E6%9D%B1%E7%B8%A3%E5%8F%B0%E6%9D%B1%E5%B8%82%E5%A4%A7%E5%90%8C%E8%B7%AF208%E8%99%9F&hl=zh-TW#sv=CAESzQEKuQEStgEKd0FKaVQ0dEotajBJSHNWS1o5RTRiNGYyMzBVZjRWRmZxUnBRa2xfN1dRVEYxZ3JGSFgyY2dPMzB6SmVUTHB0cWs2UlpaRUoxNUIyWFcwUXBEeUI0V2w4WjhGSDVnc2hIY2pWb1FSd1FYLVJDRW8yRkJiQnF5b3FFEhc4Q2RoYW9iWkJhRGwxZThQbWZMX2tBWRoiQURzcjlmUm5MQ01yUk1WVjBqWGZMMkQ5QURfZVJMVm5rURIEODEyNBoBMyoAMAA4AUAAGCognI2m2w46AEoCEAE","https://www.google.com/search?q=%E9%BA%BB%E5%8F%A4%E8%8C%B6%E5%9D%8A%20%E5%8F%B0%E6%9D%B1%E5%A4%A7%E5%90%8C%E5%BA%97%20%E5%8F%B0%E6%9D%B1%E7%B8%A3%E5%8F%B0%E6%9D%B1%E5%B8%82%E5%A4%A7%E5%90%8C%E8%B7%AF208%E8%99%9F&hl=zh-TW#sv=CAESzQEKuQEStgEKd0FKaVQ0dEotajBJSHNWS1o5RTRiNGYyMzBVZjRWRmZxUnBRa2xfN1dRVEYxZ3JGSFgyY2dPMzB6SmVUTHB0cWs2UlpaRUoxNUIyWFcwUXBEeUI0V2w4WjhGSDVnc2hIY2pWb1FSd1FYLVJDRW8yRkJiQnF5b3FFEhc4Q2RoYW9iWkJhRGwxZThQbWZMX2tBWRoiQURzcjlmUm5MQ01yUk1WVjBqWGZMMkQ5QURfZVJMVm5rURIEODEyNBoBMyoAMAA4AUAAGCognI2m2w46AEoCEAE","Playwright batch opened Google Order flow and read visible pickup/delivery providers."
"macu-tw-361","花蓮中山店","東部","花蓮縣","花蓮市","花蓮縣花蓮市中山路475-9號","03-8350016","confirmed","no_gmb_order_button","true","false","","","LINE、食在麻吉 eathere","","https://www.google.com/search?q=%E9%BA%BB%E5%8F%A4%E8%8C%B6%E5%9D%8A%20%E8%8A%B1%E8%93%AE%E4%B8%AD%E5%B1%B1%E5%BA%97%20%E8%8A%B1%E8%93%AE%E7%B8%A3%E8%8A%B1%E8%93%AE%E5%B8%82%E4%B8%AD%E5%B1%B1%E8%B7%AF475-9%E8%99%9F&hl=zh-TW","","Named GMB profile matched, but no Google Order entry was opened."
"macu-tw-360","花蓮民國店","東部","花蓮縣","花蓮市","花蓮縣花蓮市民國路42號","03-8311070","confirmed","confirmed","true","true","","Uber Eats","LINE、Uber Eats、食在麻吉 eathere","Uber Eats","https://www.google.com/search?q=%E9%BA%BB%E5%8F%A4%E8%8C%B6%E5%9D%8A%20%E8%8A%B1%E8%93%AE%E6%B0%91%E5%9C%8B%E5%BA%97%20%E8%8A%B1%E8%93%AE%E7%B8%A3%E8%8A%B1%E8%93%AE%E5%B8%82%E6%B0%91%E5%9C%8B%E8%B7%AF42%E8%99%9F&hl=zh-TW#sv=CAESzQEKuQEStgEKd0FKaVQ0dElNeTU4NVdMaml1Q2ZLc0lRTHRUWVpoRjFZbm5jNnNGNTZLOHJXSTB3T2JETkRiZE4waDREZkRETU54YmtPWVFsZkJDX2tBSWhtUkZWVWRwRjhyQzZlR3dSc2xTbGI4aE45YTlNUThvWGZ2YVVTWXNnEhdIQ2hoYXVuZk1yNkExZThQdEt6aXNBZxoiQURzcjlmUmdBU2xEblUwRm42cWpVeGMxWElCczdQaktTZxIEODEyNBoBMyoAMAA4AUAAGCog9OjYggg6AEoCEAE","https://www.google.com/search?q=%E9%BA%BB%E5%8F%A4%E8%8C%B6%E5%9D%8A%20%E8%8A%B1%E8%93%AE%E6%B0%91%E5%9C%8B%E5%BA%97%20%E8%8A%B1%E8%93%AE%E7%B8%A3%E8%8A%B1%E8%93%AE%E5%B8%82%E6%B0%91%E5%9C%8B%E8%B7%AF42%E8%99%9F&hl=zh-TW#sv=CAESzQEKuQEStgEKd0FKaVQ0dElNeTU4NVdMaml1Q2ZLc0lRTHRUWVpoRjFZbm5jNnNGNTZLOHJXSTB3T2JETkRiZE4waDREZkRETU54YmtPWVFsZkJDX2tBSWhtUkZWVWRwRjhyQzZlR3dSc2xTbGI4aE45YTlNUThvWGZ2YVVTWXNnEhdIQ2hoYXVuZk1yNkExZThQdEt6aXNBZxoiQURzcjlmUmdBU2xEblUwRm42cWpVeGMxWElCczdQaktTZxIEODEyNBoBMyoAMAA4AUAAGCog9OjYggg6AEoCEAE","Playwright batch opened Google Order flow and read visible pickup/delivery providers."
"macu-tw-365","馬公三民店","離島","澎湖縣","馬公市","澎湖縣馬公市三民路22號","06-9269708","confirmed","confirmed","true","true","","Uber Eats","LINE、Uber Eats、食在麻吉 eathere","Uber Eats","https://www.google.com/search?q=%E9%BA%BB%E5%8F%A4%E8%8C%B6%E5%9D%8A+%E9%A6%AC%E5%85%AC%E4%B8%89%E6%B0%91%E5%BA%97+%E6%BE%8E%E6%B9%96%E7%B8%A3%E9%A6%AC%E5%85%AC%E5%B8%82%E4%B8%89%E6%B0%91%E8%B7%AF22%E8%99%9F&hl=zh-TW#sv=CAESzQEKuQEStgEKd0FKaVQ0dElqWkdsZ1lMSHowanE1MTVuMDBTUGtVNDNRRzlsM0dxTkNBdVo3VzZ2VVRZc1Ayd0s5LXVOZTZZc3U3Y2kzTVFIR1R1VW5lYkllVUhQRG93YXFNRUV0bUVRMTBlbHIxTkk3aFNxQWMzV3k2dFdxbW9VEhdMaWhoYXJuSkdhZWR2cjBQaU5lbmlBNBoiQURzcjlmVEhVTmw0cEFfU0oxNTJIZFVXQUlpMEY1bHR3ZxIEODEyNBoBMyoAMAA4AUAAGCogx4Kb0QI6AEoCEAE","https://www.google.com/search?q=%E9%BA%BB%E5%8F%A4%E8%8C%B6%E5%9D%8A+%E9%A6%AC%E5%85%AC%E4%B8%89%E6%B0%91%E5%BA%97+%E6%BE%8E%E6%B9%96%E7%B8%A3%E9%A6%AC%E5%85%AC%E5%B8%82%E4%B8%89%E6%B0%91%E8%B7%AF22%E8%99%9F&hl=zh-TW#sv=CAESzQEKuQEStgEKd0FKaVQ0dElqWkdsZ1lMSHowanE1MTVuMDBTUGtVNDNRRzlsM0dxTkNBdVo3VzZ2VVRZc1Ayd0s5LXVOZTZZc3U3Y2kzTVFIR1R1VW5lYkllVUhQRG93YXFNRUV0bUVRMTBlbHIxTkk3aFNxQWMzV3k2dFdxbW9VEhdMaWhoYXJuSkdhZWR2cjBQaU5lbmlBNBoiQURzcjlmVEhVTmw0cEFfU0oxNTJIZFVXQUlpMEY1bHR3ZxIEODEyNBoBMyoAMAA4AUAAGCogx4Kb0QI6AEoCEAE","Playwright batch opened Google Order flow and read visible pickup/delivery providers."
"macu-tw-366","金門店","離島","金門縣","金城鎮","金門縣金城鎮民生路9-13號","082-312586","confirmed","confirmed","true","true","","foodpanda","LINE、foodpanda、食在麻吉 eathere","foodpanda","https://www.google.com/search?q=%E9%BA%BB%E5%8F%A4%E8%8C%B6%E5%9D%8A%20%E9%87%91%E9%96%80%E5%BA%97%20%E9%87%91%E9%96%80%E7%B8%A3%E9%87%91%E5%9F%8E%E9%8E%AE%E6%B0%91%E7%94%9F%E8%B7%AF9-13%E8%99%9F&hl=zh-TW#sv=CAESzQEKuQEStgEKd0FKaVQ0dElqM3VoTDAzT1pCbXU0VmN3dDJIdHY1ek53c25HV2VWb21qZHJkUV9RWHVQMWhWd1pYWkpVRElkN1k5Vjc1MUJaOEZ3amRWUHFaUE9aelQ3dGZBdXpCVkF2V2NHSkFEQjM3Ul9uckRhc0UtNWs2ei1VEhdRaWhoYXNLeEg5RHMxZThQcHMtQThBOBoiQURzcjlmVExBSTlra015TnlRSGRHRFZrOE1RaUhpQXZxdxIEODEyNBoBMyoAMAA4AUAAGCog3vOltAU6AEoCEAE","https://www.google.com/search?q=%E9%BA%BB%E5%8F%A4%E8%8C%B6%E5%9D%8A%20%E9%87%91%E9%96%80%E5%BA%97%20%E9%87%91%E9%96%80%E7%B8%A3%E9%87%91%E5%9F%8E%E9%8E%AE%E6%B0%91%E7%94%9F%E8%B7%AF9-13%E8%99%9F&hl=zh-TW#sv=CAESzQEKuQEStgEKd0FKaVQ0dElqM3VoTDAzT1pCbXU0VmN3dDJIdHY1ek53c25HV2VWb21qZHJkUV9RWHVQMWhWd1pYWkpVRElkN1k5Vjc1MUJaOEZ3amRWUHFaUE9aelQ3dGZBdXpCVkF2V2NHSkFEQjM3Ul9uckRhc0UtNWs2ei1VEhdRaWhoYXNLeEg5RHMxZThQcHMtQThBOBoiQURzcjlmVExBSTlra015TnlRSGRHRFZrOE1RaUhpQXZxdxIEODEyNBoBMyoAMAA4AUAAGCog3vOltAU6AEoCEAE","Playwright batch opened Google Order flow and read visible pickup/delivery providers."
